K_global,mode,repeat,source_rank,target_rank,tile,fragments,ready_after_local_origin_us,stores_end_after_local_origin_us,full_ready_to_end_us,end_semantics
2048,producer_sparse,0,0,0,0,8,77.6,77.696,0.096,issued_by_all_threads
2048,producer_sparse,0,0,0,256,8,114.24,114.432,0.192,issued_by_all_threads
2048,producer_sparse,0,0,1,512,8,143.936,144.096,0.16,issued_by_all_threads
2048,producer_sparse,0,0,1,768,8,200.896,201.088,0.192,issued_by_all_threads
2048,producer_sparse,1,0,0,64,8,78.048,78.176,0.128,issued_by_all_threads
2048,producer_sparse,1,0,0,320,8,114.688,114.88,0.192,issued_by_all_threads
2048,producer_sparse,1,0,1,576,8,155.296,156.416,1.12,issued_by_all_threads
2048,producer_sparse,1,0,1,832,8,206.336,206.528,0.192,issued_by_all_threads
2048,producer_sparse,2,0,0,128,8,76.64,76.736,0.096,issued_by_all_threads
2048,producer_sparse,2,0,0,384,8,113.408,113.568,0.16,issued_by_all_threads
2048,producer_sparse,2,0,1,640,8,179.232,179.392,0.16,issued_by_all_threads
2048,producer_sparse,2,0,1,896,8,219.52,219.68,0.16,issued_by_all_threads
2048,producer_sparse,3,0,0,192,8,77.984,78.176,0.192,issued_by_all_threads
2048,producer_sparse,3,0,0,448,8,114.24,114.368,0.128,issued_by_all_threads
2048,producer_sparse,3,0,1,704,8,164.0,164.16,0.16,issued_by_all_threads
2048,producer_sparse,3,0,1,960,8,208.288,208.48,0.192,issued_by_all_threads
2048,producer_sparse,4,0,0,0,8,76.992,77.12,0.128,issued_by_all_threads
2048,producer_sparse,4,0,0,256,8,113.856,114.016,0.16,issued_by_all_threads
2048,producer_sparse,4,0,1,512,8,143.36,143.584,0.224,issued_by_all_threads
2048,producer_sparse,4,0,1,768,8,201.984,202.208,0.224,issued_by_all_threads
2048,producer_sparse,5,0,0,64,8,74.272,74.368,0.096,issued_by_all_threads
2048,producer_sparse,5,0,0,320,8,109.856,110.048,0.192,issued_by_all_threads
2048,producer_sparse,5,0,1,576,8,172.864,179.936,7.072,issued_by_all_threads
2048,producer_sparse,5,0,1,832,8,235.136,235.328,0.192,issued_by_all_threads
2048,producer_sparse,6,0,0,128,8,75.968,76.096,0.128,issued_by_all_threads
2048,producer_sparse,6,0,0,384,8,112.224,112.416,0.192,issued_by_all_threads
2048,producer_sparse,6,0,1,640,8,143.072,143.232,0.16,issued_by_all_threads
2048,producer_sparse,6,0,1,896,8,195.584,195.776,0.192,issued_by_all_threads
2048,producer_sparse,7,0,0,192,8,74.976,75.072,0.096,issued_by_all_threads
2048,producer_sparse,7,0,0,448,8,111.424,111.552,0.128,issued_by_all_threads
2048,producer_sparse,7,0,1,704,8,179.904,189.504,9.6,issued_by_all_threads
2048,producer_sparse,7,0,1,960,8,236.384,236.8,0.416,issued_by_all_threads
2048,producer_sparse,8,0,0,0,8,74.976,75.072,0.096,issued_by_all_threads
2048,producer_sparse,8,0,0,256,8,112.448,112.64,0.192,issued_by_all_threads
2048,producer_sparse,8,0,1,512,8,140.8,140.928,0.128,issued_by_all_threads
2048,producer_sparse,8,0,1,768,8,194.464,194.656,0.192,issued_by_all_threads
2048,producer_sparse,9,0,0,64,8,73.952,74.08,0.128,issued_by_all_threads
2048,producer_sparse,9,0,0,320,8,110.624,110.816,0.192,issued_by_all_threads
2048,producer_sparse,9,0,1,576,8,173.696,174.88,1.184,issued_by_all_threads
2048,producer_sparse,9,0,1,832,8,256.928,257.056,0.128,issued_by_all_threads
2048,producer_sparse,10,0,0,128,8,77.568,77.664,0.096,issued_by_all_threads
2048,producer_sparse,10,0,0,384,8,114.336,114.464,0.128,issued_by_all_threads
2048,producer_sparse,10,0,1,640,8,201.568,202.656,1.088,issued_by_all_threads
2048,producer_sparse,10,0,1,896,8,249.344,249.536,0.192,issued_by_all_threads
2048,producer_sparse,11,0,0,192,8,75.936,76.032,0.096,issued_by_all_threads
2048,producer_sparse,11,0,0,448,8,112.384,112.576,0.192,issued_by_all_threads
2048,producer_sparse,11,0,1,704,8,164.864,173.184,8.32,issued_by_all_threads
2048,producer_sparse,11,0,1,960,8,246.432,246.592,0.16,issued_by_all_threads
2048,producer_sparse,12,0,0,0,8,75.872,76.0,0.128,issued_by_all_threads
2048,producer_sparse,12,0,0,256,8,112.448,112.608,0.16,issued_by_all_threads
2048,producer_sparse,12,0,1,512,8,144.896,145.056,0.16,issued_by_all_threads
2048,producer_sparse,12,0,1,768,8,199.68,200.192,0.512,issued_by_all_threads
2048,producer_sparse,13,0,0,64,8,75.232,75.36,0.128,issued_by_all_threads
2048,producer_sparse,13,0,0,320,8,112.416,112.608,0.192,issued_by_all_threads
2048,producer_sparse,13,0,1,576,8,141.44,141.6,0.16,issued_by_all_threads
2048,producer_sparse,13,0,1,832,8,206.56,206.944,0.384,issued_by_all_threads
2048,producer_sparse,14,0,0,128,8,74.912,75.04,0.128,issued_by_all_threads
2048,producer_sparse,14,0,0,384,8,111.456,111.552,0.096,issued_by_all_threads
2048,producer_sparse,14,0,1,640,8,141.056,141.216,0.16,issued_by_all_threads
2048,producer_sparse,14,0,1,896,8,204.288,204.544,0.256,issued_by_all_threads
2048,producer_sparse,15,0,0,192,8,75.968,76.064,0.096,issued_by_all_threads
2048,producer_sparse,15,0,0,448,8,112.448,112.576,0.128,issued_by_all_threads
2048,producer_sparse,15,0,1,704,8,159.04,168.288,9.248,issued_by_all_threads
2048,producer_sparse,15,0,1,960,8,243.552,244.512,0.96,issued_by_all_threads
2048,producer_sparse,16,0,0,0,8,74.752,74.88,0.128,issued_by_all_threads
2048,producer_sparse,16,0,0,256,8,110.208,110.336,0.128,issued_by_all_threads
2048,producer_sparse,16,0,1,512,8,141.056,141.216,0.16,issued_by_all_threads
2048,producer_sparse,16,0,1,768,8,201.472,201.632,0.16,issued_by_all_threads
2048,producer_sparse,17,0,0,64,8,79.104,79.232,0.128,issued_by_all_threads
2048,producer_sparse,17,0,0,320,8,115.328,115.552,0.224,issued_by_all_threads
2048,producer_sparse,17,0,1,576,8,145.344,145.504,0.16,issued_by_all_threads
2048,producer_sparse,17,0,1,832,8,208.928,209.312,0.384,issued_by_all_threads
2048,producer_sparse,18,0,0,128,8,74.4,74.528,0.128,issued_by_all_threads
2048,producer_sparse,18,0,0,384,8,110.816,110.912,0.096,issued_by_all_threads
2048,producer_sparse,18,0,1,640,8,142.944,143.136,0.192,issued_by_all_threads
2048,producer_sparse,18,0,1,896,8,219.232,219.328,0.096,issued_by_all_threads
2048,producer_sparse,19,0,0,192,8,75.328,75.456,0.128,issued_by_all_threads
2048,producer_sparse,19,0,0,448,8,112.576,112.672,0.096,issued_by_all_threads
2048,producer_sparse,19,0,1,704,8,142.304,142.464,0.16,issued_by_all_threads
2048,producer_sparse,19,0,1,960,8,216.736,217.312,0.576,issued_by_all_threads
2048,producer_sparse,0,1,0,0,8,145.792,145.984,0.192,issued_by_all_threads
2048,producer_sparse,0,1,0,256,8,195.36,195.936,0.576,issued_by_all_threads
2048,producer_sparse,0,1,1,512,8,79.104,79.232,0.128,issued_by_all_threads
2048,producer_sparse,0,1,1,768,8,116.64,116.832,0.192,issued_by_all_threads
2048,producer_sparse,1,1,0,64,8,148.576,148.8,0.224,issued_by_all_threads
2048,producer_sparse,1,1,0,320,8,217.056,217.248,0.192,issued_by_all_threads
2048,producer_sparse,1,1,1,576,8,81.024,81.152,0.128,issued_by_all_threads
2048,producer_sparse,1,1,1,832,8,118.368,118.528,0.16,issued_by_all_threads
2048,producer_sparse,2,1,0,128,8,146.336,146.528,0.192,issued_by_all_threads
2048,producer_sparse,2,1,0,384,8,207.68,207.84,0.16,issued_by_all_threads
2048,producer_sparse,2,1,1,640,8,78.336,78.432,0.096,issued_by_all_threads
2048,producer_sparse,2,1,1,896,8,114.624,114.752,0.128,issued_by_all_threads
2048,producer_sparse,3,1,0,192,8,180.0,180.096,0.096,issued_by_all_threads
2048,producer_sparse,3,1,0,448,8,222.496,222.624,0.128,issued_by_all_threads
2048,producer_sparse,3,1,1,704,8,78.848,78.976,0.128,issued_by_all_threads
2048,producer_sparse,3,1,1,960,8,115.744,115.84,0.096,issued_by_all_threads
2048,producer_sparse,4,1,0,0,8,144.96,145.152,0.192,issued_by_all_threads
2048,producer_sparse,4,1,0,256,8,194.752,194.944,0.192,issued_by_all_threads
2048,producer_sparse,4,1,1,512,8,78.336,78.432,0.096,issued_by_all_threads
2048,producer_sparse,4,1,1,768,8,115.2,115.36,0.16,issued_by_all_threads
2048,producer_sparse,5,1,0,64,8,167.456,167.776,0.32,issued_by_all_threads
2048,producer_sparse,5,1,0,320,8,218.976,219.136,0.16,issued_by_all_threads
2048,producer_sparse,5,1,1,576,8,77.056,77.216,0.16,issued_by_all_threads
2048,producer_sparse,5,1,1,832,8,113.856,114.016,0.16,issued_by_all_threads
2048,producer_sparse,6,1,0,128,8,145.408,145.568,0.16,issued_by_all_threads
2048,producer_sparse,6,1,0,384,8,195.008,195.232,0.224,issued_by_all_threads
2048,producer_sparse,6,1,1,640,8,76.832,76.96,0.128,issued_by_all_threads
2048,producer_sparse,6,1,1,896,8,112.96,113.056,0.096,issued_by_all_threads
2048,producer_sparse,7,1,0,192,8,209.408,210.432,1.024,issued_by_all_threads
2048,producer_sparse,7,1,0,448,8,258.336,258.592,0.256,issued_by_all_threads
2048,producer_sparse,7,1,1,704,8,78.4,78.528,0.128,issued_by_all_threads
2048,producer_sparse,7,1,1,960,8,115.552,115.744,0.192,issued_by_all_threads
2048,producer_sparse,8,1,0,0,8,144.8,144.928,0.128,issued_by_all_threads
2048,producer_sparse,8,1,0,256,8,189.824,189.984,0.16,issued_by_all_threads
2048,producer_sparse,8,1,1,512,8,77.888,77.984,0.096,issued_by_all_threads
2048,producer_sparse,8,1,1,768,8,114.368,114.56,0.192,issued_by_all_threads
2048,producer_sparse,9,1,0,64,8,207.84,208.288,0.448,issued_by_all_threads
2048,producer_sparse,9,1,0,320,8,245.696,245.856,0.16,issued_by_all_threads
2048,producer_sparse,9,1,1,576,8,77.888,78.016,0.128,issued_by_all_threads
2048,producer_sparse,9,1,1,832,8,114.976,115.136,0.16,issued_by_all_threads
2048,producer_sparse,10,1,0,128,8,187.104,188.512,1.408,issued_by_all_threads
2048,producer_sparse,10,1,0,384,8,232.256,232.48,0.224,issued_by_all_threads
2048,producer_sparse,10,1,1,640,8,76.224,76.384,0.16,issued_by_all_threads
2048,producer_sparse,10,1,1,896,8,112.992,113.088,0.096,issued_by_all_threads
2048,producer_sparse,11,1,0,192,8,151.2,152.128,0.928,issued_by_all_threads
2048,producer_sparse,11,1,0,448,8,221.952,222.08,0.128,issued_by_all_threads
2048,producer_sparse,11,1,1,704,8,76.928,77.056,0.128,issued_by_all_threads
2048,producer_sparse,11,1,1,960,8,113.568,113.664,0.096,issued_by_all_threads
2048,producer_sparse,12,1,0,0,8,144.128,144.288,0.16,issued_by_all_threads
2048,producer_sparse,12,1,0,256,8,197.952,198.08,0.128,issued_by_all_threads
2048,producer_sparse,12,1,1,512,8,77.024,77.152,0.128,issued_by_all_threads
2048,producer_sparse,12,1,1,768,8,113.76,113.888,0.128,issued_by_all_threads
2048,producer_sparse,13,1,0,64,8,159.424,159.712,0.288,issued_by_all_threads
2048,producer_sparse,13,1,0,320,8,204.736,205.568,0.832,issued_by_all_threads
2048,producer_sparse,13,1,1,576,8,76.16,76.288,0.128,issued_by_all_threads
2048,producer_sparse,13,1,1,832,8,113.568,113.728,0.16,issued_by_all_threads
2048,producer_sparse,14,1,0,128,8,143.616,143.776,0.16,issued_by_all_threads
2048,producer_sparse,14,1,0,384,8,206.944,208.672,1.728,issued_by_all_threads
2048,producer_sparse,14,1,1,640,8,77.184,77.312,0.128,issued_by_all_threads
2048,producer_sparse,14,1,1,896,8,113.632,113.792,0.16,issued_by_all_threads
2048,producer_sparse,15,1,0,192,8,183.776,186.208,2.432,issued_by_all_threads
2048,producer_sparse,15,1,0,448,8,250.912,251.168,0.256,issued_by_all_threads
2048,producer_sparse,15,1,1,704,8,79.904,80.032,0.128,issued_by_all_threads
2048,producer_sparse,15,1,1,960,8,116.96,117.12,0.16,issued_by_all_threads
2048,producer_sparse,16,1,0,0,8,145.024,145.184,0.16,issued_by_all_threads
2048,producer_sparse,16,1,0,256,8,201.248,202.88,1.632,issued_by_all_threads
2048,producer_sparse,16,1,1,512,8,77.088,77.216,0.128,issued_by_all_threads
2048,producer_sparse,16,1,1,768,8,113.6,113.856,0.256,issued_by_all_threads
2048,producer_sparse,17,1,0,64,8,148.384,148.576,0.192,issued_by_all_threads
2048,producer_sparse,17,1,0,320,8,209.024,209.792,0.768,issued_by_all_threads
2048,producer_sparse,17,1,1,576,8,80.128,80.256,0.128,issued_by_all_threads
2048,producer_sparse,17,1,1,832,8,116.608,116.8,0.192,issued_by_all_threads
2048,producer_sparse,18,1,0,128,8,162.368,164.064,1.696,issued_by_all_threads
2048,producer_sparse,18,1,0,384,8,204.864,205.056,0.192,issued_by_all_threads
2048,producer_sparse,18,1,1,640,8,76.64,76.768,0.128,issued_by_all_threads
2048,producer_sparse,18,1,1,896,8,113.056,113.216,0.16,issued_by_all_threads
2048,producer_sparse,19,1,0,192,8,172.128,172.832,0.704,issued_by_all_threads
2048,producer_sparse,19,1,0,448,8,219.648,220.352,0.704,issued_by_all_threads
2048,producer_sparse,19,1,1,704,8,77.536,77.632,0.096,issued_by_all_threads
2048,producer_sparse,19,1,1,960,8,113.92,114.048,0.128,issued_by_all_threads
2048,publication_sparse,0,0,0,0,8,76.736,80.736,4.0,system_fenced_before_release
2048,publication_sparse,0,0,0,256,8,112.672,116.608,3.936,system_fenced_before_release
2048,publication_sparse,0,0,1,512,8,143.296,147.776,4.48,system_fenced_before_release
2048,publication_sparse,0,0,1,768,8,193.568,201.056,7.488,system_fenced_before_release
2048,publication_sparse,1,0,0,64,8,74.944,78.464,3.52,system_fenced_before_release
2048,publication_sparse,1,0,0,320,8,111.616,115.2,3.584,system_fenced_before_release
2048,publication_sparse,1,0,1,576,8,141.568,177.888,36.32,system_fenced_before_release
2048,publication_sparse,1,0,1,832,8,217.024,229.28,12.256,system_fenced_before_release
2048,publication_sparse,2,0,0,128,8,75.68,79.296,3.616,system_fenced_before_release
2048,publication_sparse,2,0,0,384,8,112.8,116.064,3.264,system_fenced_before_release
2048,publication_sparse,2,0,1,640,8,141.92,147.392,5.472,system_fenced_before_release
2048,publication_sparse,2,0,1,896,8,193.248,200.64,7.392,system_fenced_before_release
2048,publication_sparse,3,0,0,192,8,82.08,85.28,3.2,system_fenced_before_release
2048,publication_sparse,3,0,0,448,8,118.592,121.92,3.328,system_fenced_before_release
2048,publication_sparse,3,0,1,704,8,150.496,153.984,3.488,system_fenced_before_release
2048,publication_sparse,3,0,1,960,8,205.92,213.728,7.808,system_fenced_before_release
2048,publication_sparse,4,0,0,0,8,76.704,79.712,3.008,system_fenced_before_release
2048,publication_sparse,4,0,0,256,8,113.504,116.96,3.456,system_fenced_before_release
2048,publication_sparse,4,0,1,512,8,170.4,183.456,13.056,system_fenced_before_release
2048,publication_sparse,4,0,1,768,8,231.808,244.48,12.672,system_fenced_before_release
2048,publication_sparse,5,0,0,64,8,77.28,80.544,3.264,system_fenced_before_release
2048,publication_sparse,5,0,0,320,8,113.408,117.024,3.616,system_fenced_before_release
2048,publication_sparse,5,0,1,576,8,152.256,187.68,35.424,system_fenced_before_release
2048,publication_sparse,5,0,1,832,8,217.344,227.296,9.952,system_fenced_before_release
2048,publication_sparse,6,0,0,128,8,76.32,79.488,3.168,system_fenced_before_release
2048,publication_sparse,6,0,0,384,8,112.928,116.128,3.2,system_fenced_before_release
2048,publication_sparse,6,0,1,640,8,156.0,194.592,38.592,system_fenced_before_release
2048,publication_sparse,6,0,1,896,8,234.112,242.752,8.64,system_fenced_before_release
2048,publication_sparse,7,0,0,192,8,74.624,77.824,3.2,system_fenced_before_release
2048,publication_sparse,7,0,0,448,8,111.136,114.272,3.136,system_fenced_before_release
2048,publication_sparse,7,0,1,704,8,141.92,145.376,3.456,system_fenced_before_release
2048,publication_sparse,7,0,1,960,8,206.048,216.064,10.016,system_fenced_before_release
2048,publication_sparse,8,0,0,0,8,75.616,78.912,3.296,system_fenced_before_release
2048,publication_sparse,8,0,0,256,8,111.36,115.52,4.16,system_fenced_before_release
2048,publication_sparse,8,0,1,512,8,141.728,184.544,42.816,system_fenced_before_release
2048,publication_sparse,8,0,1,768,8,217.6,229.504,11.904,system_fenced_before_release
2048,publication_sparse,9,0,0,64,8,75.04,78.496,3.456,system_fenced_before_release
2048,publication_sparse,9,0,0,320,8,111.776,115.328,3.552,system_fenced_before_release
2048,publication_sparse,9,0,1,576,8,143.232,178.24,35.008,system_fenced_before_release
2048,publication_sparse,9,0,1,832,8,208.544,221.792,13.248,system_fenced_before_release
2048,publication_sparse,10,0,0,128,8,74.976,78.304,3.328,system_fenced_before_release
2048,publication_sparse,10,0,0,384,8,111.456,114.784,3.328,system_fenced_before_release
2048,publication_sparse,10,0,1,640,8,141.664,147.296,5.632,system_fenced_before_release
2048,publication_sparse,10,0,1,896,8,203.072,213.536,10.464,system_fenced_before_release
2048,publication_sparse,11,0,0,192,8,75.392,78.56,3.168,system_fenced_before_release
2048,publication_sparse,11,0,0,448,8,111.84,115.04,3.2,system_fenced_before_release
2048,publication_sparse,11,0,1,704,8,197.952,208.896,10.944,system_fenced_before_release
2048,publication_sparse,11,0,1,960,8,234.592,248.352,13.76,system_fenced_before_release
2048,publication_sparse,12,0,0,0,8,74.88,78.08,3.2,system_fenced_before_release
2048,publication_sparse,12,0,0,256,8,111.744,117.344,5.6,system_fenced_before_release
2048,publication_sparse,12,0,1,512,8,171.488,224.064,52.576,system_fenced_before_release
2048,publication_sparse,12,0,1,768,8,250.048,260.128,10.08,system_fenced_before_release
2048,publication_sparse,13,0,0,64,8,75.616,78.784,3.168,system_fenced_before_release
2048,publication_sparse,13,0,0,320,8,112.384,117.76,5.376,system_fenced_before_release
2048,publication_sparse,13,0,1,576,8,199.584,209.088,9.504,system_fenced_before_release
2048,publication_sparse,13,0,1,832,8,237.44,252.288,14.848,system_fenced_before_release
2048,publication_sparse,14,0,0,128,8,75.328,78.656,3.328,system_fenced_before_release
2048,publication_sparse,14,0,0,384,8,111.04,114.432,3.392,system_fenced_before_release
2048,publication_sparse,14,0,1,640,8,143.136,148.768,5.632,system_fenced_before_release
2048,publication_sparse,14,0,1,896,8,212.384,222.432,10.048,system_fenced_before_release
2048,publication_sparse,15,0,0,192,8,75.168,78.336,3.168,system_fenced_before_release
2048,publication_sparse,15,0,0,448,8,111.232,114.368,3.136,system_fenced_before_release
2048,publication_sparse,15,0,1,704,8,162.56,178.72,16.16,system_fenced_before_release
2048,publication_sparse,15,0,1,960,8,203.616,220.224,16.608,system_fenced_before_release
2048,publication_sparse,16,0,0,0,8,76.128,79.104,2.976,system_fenced_before_release
2048,publication_sparse,16,0,0,256,8,112.544,116.32,3.776,system_fenced_before_release
2048,publication_sparse,16,0,1,512,8,161.888,232.512,70.624,system_fenced_before_release
2048,publication_sparse,16,0,1,768,8,254.24,261.248,7.008,system_fenced_before_release
2048,publication_sparse,17,0,0,64,8,75.04,78.112,3.072,system_fenced_before_release
2048,publication_sparse,17,0,0,320,8,112.288,117.856,5.568,system_fenced_before_release
2048,publication_sparse,17,0,1,576,8,142.144,148.288,6.144,system_fenced_before_release
2048,publication_sparse,17,0,1,832,8,204.48,215.616,11.136,system_fenced_before_release
2048,publication_sparse,18,0,0,128,8,76.16,79.488,3.328,system_fenced_before_release
2048,publication_sparse,18,0,0,384,8,112.384,115.52,3.136,system_fenced_before_release
2048,publication_sparse,18,0,1,640,8,156.864,178.944,22.08,system_fenced_before_release
2048,publication_sparse,18,0,1,896,8,216.896,228.448,11.552,system_fenced_before_release
2048,publication_sparse,19,0,0,192,8,74.976,78.4,3.424,system_fenced_before_release
2048,publication_sparse,19,0,0,448,8,111.488,114.688,3.2,system_fenced_before_release
2048,publication_sparse,19,0,1,704,8,162.08,178.656,16.576,system_fenced_before_release
2048,publication_sparse,19,0,1,960,8,214.08,223.68,9.6,system_fenced_before_release
2048,publication_sparse,0,1,0,0,8,148.64,155.424,6.784,system_fenced_before_release
2048,publication_sparse,0,1,0,256,8,209.152,215.552,6.4,system_fenced_before_release
2048,publication_sparse,0,1,1,512,8,80.256,84.032,3.776,system_fenced_before_release
2048,publication_sparse,0,1,1,768,8,117.696,121.664,3.968,system_fenced_before_release
2048,publication_sparse,1,1,0,64,8,148.736,189.024,40.288,system_fenced_before_release
2048,publication_sparse,1,1,0,320,8,225.28,233.568,8.288,system_fenced_before_release
2048,publication_sparse,1,1,1,576,8,80.224,83.616,3.392,system_fenced_before_release
2048,publication_sparse,1,1,1,832,8,117.184,120.416,3.232,system_fenced_before_release
2048,publication_sparse,2,1,0,128,8,143.84,149.024,5.184,system_fenced_before_release
2048,publication_sparse,2,1,0,384,8,202.816,211.168,8.352,system_fenced_before_release
2048,publication_sparse,2,1,1,640,8,76.928,80.576,3.648,system_fenced_before_release
2048,publication_sparse,2,1,1,896,8,113.6,116.544,2.944,system_fenced_before_release
2048,publication_sparse,3,1,0,192,8,152.768,160.672,7.904,system_fenced_before_release
2048,publication_sparse,3,1,0,448,8,211.84,219.36,7.52,system_fenced_before_release
2048,publication_sparse,3,1,1,704,8,85.28,88.576,3.296,system_fenced_before_release
2048,publication_sparse,3,1,1,960,8,121.792,125.216,3.424,system_fenced_before_release
2048,publication_sparse,4,1,0,0,8,184.192,198.24,14.048,system_fenced_before_release
2048,publication_sparse,4,1,0,256,8,232.928,244.0,11.072,system_fenced_before_release
2048,publication_sparse,4,1,1,512,8,81.024,84.576,3.552,system_fenced_before_release
2048,publication_sparse,4,1,1,768,8,117.472,121.728,4.256,system_fenced_before_release
2048,publication_sparse,5,1,0,64,8,163.008,173.792,10.784,system_fenced_before_release
2048,publication_sparse,5,1,0,320,8,204.32,217.312,12.992,system_fenced_before_release
2048,publication_sparse,5,1,1,576,8,76.576,80.416,3.84,system_fenced_before_release
2048,publication_sparse,5,1,1,832,8,113.28,116.512,3.232,system_fenced_before_release
2048,publication_sparse,6,1,0,128,8,145.28,179.296,34.016,system_fenced_before_release
2048,publication_sparse,6,1,0,384,8,212.256,220.576,8.32,system_fenced_before_release
2048,publication_sparse,6,1,1,640,8,76.768,79.776,3.008,system_fenced_before_release
2048,publication_sparse,6,1,1,896,8,112.736,115.936,3.2,system_fenced_before_release
2048,publication_sparse,7,1,0,192,8,146.464,149.888,3.424,system_fenced_before_release
2048,publication_sparse,7,1,0,448,8,203.264,214.848,11.584,system_fenced_before_release
2048,publication_sparse,7,1,1,704,8,77.632,80.896,3.264,system_fenced_before_release
2048,publication_sparse,7,1,1,960,8,114.464,118.88,4.416,system_fenced_before_release
2048,publication_sparse,8,1,0,0,8,143.648,177.536,33.888,system_fenced_before_release
2048,publication_sparse,8,1,0,256,8,210.176,219.136,8.96,system_fenced_before_release
2048,publication_sparse,8,1,1,512,8,76.928,80.192,3.264,system_fenced_before_release
2048,publication_sparse,8,1,1,768,8,112.896,116.288,3.392,system_fenced_before_release
2048,publication_sparse,9,1,0,64,8,146.144,154.912,8.768,system_fenced_before_release
2048,publication_sparse,9,1,0,320,8,196.416,206.08,9.664,system_fenced_before_release
2048,publication_sparse,9,1,1,576,8,76.832,80.864,4.032,system_fenced_before_release
2048,publication_sparse,9,1,1,832,8,113.76,116.896,3.136,system_fenced_before_release
2048,publication_sparse,10,1,0,128,8,145.056,150.112,5.056,system_fenced_before_release
2048,publication_sparse,10,1,0,384,8,197.472,208.736,11.264,system_fenced_before_release
2048,publication_sparse,10,1,1,640,8,78.688,82.08,3.392,system_fenced_before_release
2048,publication_sparse,10,1,1,896,8,115.232,118.528,3.296,system_fenced_before_release
2048,publication_sparse,11,1,0,192,8,163.2,206.944,43.744,system_fenced_before_release
2048,publication_sparse,11,1,0,448,8,258.688,270.24,11.552,system_fenced_before_release
2048,publication_sparse,11,1,1,704,8,76.48,79.776,3.296,system_fenced_before_release
2048,publication_sparse,11,1,1,960,8,113.12,117.024,3.904,system_fenced_before_release
2048,publication_sparse,12,1,0,0,8,157.952,205.664,47.712,system_fenced_before_release
2048,publication_sparse,12,1,0,256,8,226.816,235.872,9.056,system_fenced_before_release
2048,publication_sparse,12,1,1,512,8,76.768,80.672,3.904,system_fenced_before_release
2048,publication_sparse,12,1,1,768,8,113.696,117.728,4.032,system_fenced_before_release
2048,publication_sparse,13,1,0,64,8,176.64,199.776,23.136,system_fenced_before_release
2048,publication_sparse,13,1,0,320,8,249.184,262.624,13.44,system_fenced_before_release
2048,publication_sparse,13,1,1,576,8,77.664,81.344,3.68,system_fenced_before_release
2048,publication_sparse,13,1,1,832,8,114.816,118.016,3.2,system_fenced_before_release
2048,publication_sparse,14,1,0,128,8,142.496,148.096,5.6,system_fenced_before_release
2048,publication_sparse,14,1,0,384,8,201.696,212.064,10.368,system_fenced_before_release
2048,publication_sparse,14,1,1,640,8,76.032,79.328,3.296,system_fenced_before_release
2048,publication_sparse,14,1,1,896,8,112.896,116.224,3.328,system_fenced_before_release
2048,publication_sparse,15,1,0,192,8,146.24,149.952,3.712,system_fenced_before_release
2048,publication_sparse,15,1,0,448,8,219.168,235.04,15.872,system_fenced_before_release
2048,publication_sparse,15,1,1,704,8,77.92,81.44,3.52,system_fenced_before_release
2048,publication_sparse,15,1,1,960,8,114.912,118.336,3.424,system_fenced_before_release
2048,publication_sparse,16,1,0,0,8,141.664,220.384,78.72,system_fenced_before_release
2048,publication_sparse,16,1,0,256,8,242.528,250.528,8.0,system_fenced_before_release
2048,publication_sparse,16,1,1,512,8,75.744,79.008,3.264,system_fenced_before_release
2048,publication_sparse,16,1,1,768,8,111.616,115.264,3.648,system_fenced_before_release
2048,publication_sparse,17,1,0,64,8,147.584,162.816,15.232,system_fenced_before_release
2048,publication_sparse,17,1,0,320,8,211.808,223.712,11.904,system_fenced_before_release
2048,publication_sparse,17,1,1,576,8,77.472,81.088,3.616,system_fenced_before_release
2048,publication_sparse,17,1,1,832,8,113.92,118.272,4.352,system_fenced_before_release
2048,publication_sparse,18,1,0,128,8,144.704,173.792,29.088,system_fenced_before_release
2048,publication_sparse,18,1,0,384,8,202.56,214.56,12.0,system_fenced_before_release
2048,publication_sparse,18,1,1,640,8,78.464,82.528,4.064,system_fenced_before_release
2048,publication_sparse,18,1,1,896,8,114.304,117.504,3.2,system_fenced_before_release
2048,publication_sparse,19,1,0,192,8,145.952,155.68,9.728,system_fenced_before_release
2048,publication_sparse,19,1,0,448,8,211.424,229.824,18.4,system_fenced_before_release
2048,publication_sparse,19,1,1,704,8,76.48,79.648,3.168,system_fenced_before_release
2048,publication_sparse,19,1,1,960,8,113.408,116.576,3.168,system_fenced_before_release
2048,receiver_sparse,0,0,0,0,8,72.16,75.52,3.36,system_fenced_before_release
2048,receiver_sparse,0,0,0,256,8,108.128,112.512,4.384,system_fenced_before_release
2048,receiver_sparse,0,0,1,512,8,138.176,183.328,45.152,system_fenced_before_release
2048,receiver_sparse,0,0,1,768,8,218.688,226.88,8.192,system_fenced_before_release
2048,receiver_sparse,1,0,0,64,8,72.128,75.392,3.264,system_fenced_before_release
2048,receiver_sparse,1,0,0,320,8,108.928,112.192,3.264,system_fenced_before_release
2048,receiver_sparse,1,0,1,576,8,138.688,142.912,4.224,system_fenced_before_release
2048,receiver_sparse,1,0,1,832,8,200.704,213.312,12.608,system_fenced_before_release
2048,receiver_sparse,2,0,0,128,8,71.68,74.816,3.136,system_fenced_before_release
2048,receiver_sparse,2,0,0,384,8,108.48,111.392,2.912,system_fenced_before_release
2048,receiver_sparse,2,0,1,640,8,140.992,164.672,23.68,system_fenced_before_release
2048,receiver_sparse,2,0,1,896,8,204.096,213.76,9.664,system_fenced_before_release
2048,receiver_sparse,3,0,0,192,8,71.872,74.944,3.072,system_fenced_before_release
2048,receiver_sparse,3,0,0,448,8,108.16,112.512,4.352,system_fenced_before_release
2048,receiver_sparse,3,0,1,704,8,159.104,170.176,11.072,system_fenced_before_release
2048,receiver_sparse,3,0,1,960,8,201.28,210.112,8.832,system_fenced_before_release
2048,receiver_sparse,4,0,0,0,8,71.712,74.816,3.104,system_fenced_before_release
2048,receiver_sparse,4,0,0,256,8,107.872,112.16,4.288,system_fenced_before_release
2048,receiver_sparse,4,0,1,512,8,139.968,143.232,3.264,system_fenced_before_release
2048,receiver_sparse,4,0,1,768,8,203.2,210.432,7.232,system_fenced_before_release
2048,receiver_sparse,5,0,0,64,8,71.008,74.24,3.232,system_fenced_before_release
2048,receiver_sparse,5,0,0,320,8,107.424,110.432,3.008,system_fenced_before_release
2048,receiver_sparse,5,0,1,576,8,138.016,141.184,3.168,system_fenced_before_release
2048,receiver_sparse,5,0,1,832,8,186.88,192.864,5.984,system_fenced_before_release
2048,receiver_sparse,6,0,0,128,8,72.192,75.424,3.232,system_fenced_before_release
2048,receiver_sparse,6,0,0,384,8,108.896,112.704,3.808,system_fenced_before_release
2048,receiver_sparse,6,0,1,640,8,142.56,149.28,6.72,system_fenced_before_release
2048,receiver_sparse,6,0,1,896,8,199.168,206.624,7.456,system_fenced_before_release
2048,receiver_sparse,7,0,0,192,8,71.84,75.04,3.2,system_fenced_before_release
2048,receiver_sparse,7,0,0,448,8,108.8,112.064,3.264,system_fenced_before_release
2048,receiver_sparse,7,0,1,704,8,184.224,191.712,7.488,system_fenced_before_release
2048,receiver_sparse,7,0,1,960,8,234.272,250.464,16.192,system_fenced_before_release
2048,receiver_sparse,8,0,0,0,8,71.168,74.24,3.072,system_fenced_before_release
2048,receiver_sparse,8,0,0,256,8,108.256,112.512,4.256,system_fenced_before_release
2048,receiver_sparse,8,0,1,512,8,137.536,161.312,23.776,system_fenced_before_release
2048,receiver_sparse,8,0,1,768,8,205.12,211.936,6.816,system_fenced_before_release
2048,receiver_sparse,9,0,0,64,8,70.336,73.408,3.072,system_fenced_before_release
2048,receiver_sparse,9,0,0,320,8,107.072,110.592,3.52,system_fenced_before_release
2048,receiver_sparse,9,0,1,576,8,136.32,163.936,27.616,system_fenced_before_release
2048,receiver_sparse,9,0,1,832,8,210.304,219.552,9.248,system_fenced_before_release
2048,receiver_sparse,10,0,0,128,8,72.608,75.776,3.168,system_fenced_before_release
2048,receiver_sparse,10,0,0,384,8,109.664,112.896,3.232,system_fenced_before_release
2048,receiver_sparse,10,0,1,640,8,142.816,155.104,12.288,system_fenced_before_release
2048,receiver_sparse,10,0,1,896,8,206.08,212.416,6.336,system_fenced_before_release
2048,receiver_sparse,11,0,0,192,8,71.712,74.944,3.232,system_fenced_before_release
2048,receiver_sparse,11,0,0,448,8,108.928,112.928,4.0,system_fenced_before_release
2048,receiver_sparse,11,0,1,704,8,168.192,176.096,7.904,system_fenced_before_release
2048,receiver_sparse,11,0,1,960,8,200.512,207.84,7.328,system_fenced_before_release
2048,receiver_sparse,12,0,0,0,8,70.624,73.76,3.136,system_fenced_before_release
2048,receiver_sparse,12,0,0,256,8,107.296,110.88,3.584,system_fenced_before_release
2048,receiver_sparse,12,0,1,512,8,137.728,178.4,40.672,system_fenced_before_release
2048,receiver_sparse,12,0,1,768,8,216.0,222.976,6.976,system_fenced_before_release
2048,receiver_sparse,13,0,0,64,8,72.224,75.488,3.264,system_fenced_before_release
2048,receiver_sparse,13,0,0,320,8,108.544,112.128,3.584,system_fenced_before_release
2048,receiver_sparse,13,0,1,576,8,138.112,143.104,4.992,system_fenced_before_release
2048,receiver_sparse,13,0,1,832,8,201.248,209.824,8.576,system_fenced_before_release
2048,receiver_sparse,14,0,0,128,8,71.424,74.4,2.976,system_fenced_before_release
2048,receiver_sparse,14,0,0,384,8,108.48,112.448,3.968,system_fenced_before_release
2048,receiver_sparse,14,0,1,640,8,141.28,150.56,9.28,system_fenced_before_release
2048,receiver_sparse,14,0,1,896,8,211.328,225.344,14.016,system_fenced_before_release
2048,receiver_sparse,15,0,0,192,8,71.168,74.56,3.392,system_fenced_before_release
2048,receiver_sparse,15,0,0,448,8,107.36,110.496,3.136,system_fenced_before_release
2048,receiver_sparse,15,0,1,704,8,164.384,174.752,10.368,system_fenced_before_release
2048,receiver_sparse,15,0,1,960,8,222.72,240.416,17.696,system_fenced_before_release
2048,receiver_sparse,16,0,0,0,8,71.488,74.848,3.36,system_fenced_before_release
2048,receiver_sparse,16,0,0,256,8,107.84,111.328,3.488,system_fenced_before_release
2048,receiver_sparse,16,0,1,512,8,138.368,142.72,4.352,system_fenced_before_release
2048,receiver_sparse,16,0,1,768,8,219.392,230.72,11.328,system_fenced_before_release
2048,receiver_sparse,17,0,0,64,8,72.544,76.064,3.52,system_fenced_before_release
2048,receiver_sparse,17,0,0,320,8,108.864,113.12,4.256,system_fenced_before_release
2048,receiver_sparse,17,0,1,576,8,139.008,144.736,5.728,system_fenced_before_release
2048,receiver_sparse,17,0,1,832,8,208.928,217.76,8.832,system_fenced_before_release
2048,receiver_sparse,18,0,0,128,8,74.816,78.24,3.424,system_fenced_before_release
2048,receiver_sparse,18,0,0,384,8,111.744,115.136,3.392,system_fenced_before_release
2048,receiver_sparse,18,0,1,640,8,142.656,149.376,6.72,system_fenced_before_release
2048,receiver_sparse,18,0,1,896,8,201.184,206.144,4.96,system_fenced_before_release
2048,receiver_sparse,19,0,0,192,8,71.008,74.592,3.584,system_fenced_before_release
2048,receiver_sparse,19,0,0,448,8,108.128,111.52,3.392,system_fenced_before_release
2048,receiver_sparse,19,0,1,704,8,190.336,201.12,10.784,system_fenced_before_release
2048,receiver_sparse,19,0,1,960,8,243.808,259.232,15.424,system_fenced_before_release
2048,receiver_sparse,0,1,0,0,8,143.904,175.712,31.808,system_fenced_before_release
2048,receiver_sparse,0,1,0,256,8,207.488,219.04,11.552,system_fenced_before_release
2048,receiver_sparse,0,1,1,512,8,73.728,76.992,3.264,system_fenced_before_release
2048,receiver_sparse,0,1,1,768,8,110.4,114.624,4.224,system_fenced_before_release
2048,receiver_sparse,1,1,0,64,8,139.648,143.52,3.872,system_fenced_before_release
2048,receiver_sparse,1,1,0,320,8,213.824,230.368,16.544,system_fenced_before_release
2048,receiver_sparse,1,1,1,576,8,73.504,77.408,3.904,system_fenced_before_release
2048,receiver_sparse,1,1,1,832,8,110.08,114.208,4.128,system_fenced_before_release
2048,receiver_sparse,2,1,0,128,8,142.304,147.744,5.44,system_fenced_before_release
2048,receiver_sparse,2,1,0,384,8,201.76,209.696,7.936,system_fenced_before_release
2048,receiver_sparse,2,1,1,640,8,73.568,77.184,3.616,system_fenced_before_release
2048,receiver_sparse,2,1,1,896,8,109.696,113.056,3.36,system_fenced_before_release
2048,receiver_sparse,3,1,0,192,8,152.352,161.472,9.12,system_fenced_before_release
2048,receiver_sparse,3,1,0,448,8,191.072,201.248,10.176,system_fenced_before_release
2048,receiver_sparse,3,1,1,704,8,73.248,77.024,3.776,system_fenced_before_release
2048,receiver_sparse,3,1,1,960,8,110.016,114.08,4.064,system_fenced_before_release
2048,receiver_sparse,4,1,0,0,8,139.936,145.792,5.856,system_fenced_before_release
2048,receiver_sparse,4,1,0,256,8,199.2,210.592,11.392,system_fenced_before_release
2048,receiver_sparse,4,1,1,512,8,73.152,77.248,4.096,system_fenced_before_release
2048,receiver_sparse,4,1,1,768,8,110.176,113.792,3.616,system_fenced_before_release
2048,receiver_sparse,5,1,0,64,8,139.392,144.096,4.704,system_fenced_before_release
2048,receiver_sparse,5,1,0,320,8,207.584,221.088,13.504,system_fenced_before_release
2048,receiver_sparse,5,1,1,576,8,72.8,76.512,3.712,system_fenced_before_release
2048,receiver_sparse,5,1,1,832,8,109.664,112.96,3.296,system_fenced_before_release
2048,receiver_sparse,6,1,0,128,8,142.304,148.928,6.624,system_fenced_before_release
2048,receiver_sparse,6,1,0,384,8,194.688,200.544,5.856,system_fenced_before_release
2048,receiver_sparse,6,1,1,640,8,72.352,75.808,3.456,system_fenced_before_release
2048,receiver_sparse,6,1,1,896,8,108.608,112.512,3.904,system_fenced_before_release
2048,receiver_sparse,7,1,0,192,8,162.464,173.376,10.912,system_fenced_before_release
2048,receiver_sparse,7,1,0,448,8,224.32,238.912,14.592,system_fenced_before_release
2048,receiver_sparse,7,1,1,704,8,74.336,79.104,4.768,system_fenced_before_release
2048,receiver_sparse,7,1,1,960,8,111.328,115.488,4.16,system_fenced_before_release
2048,receiver_sparse,8,1,0,0,8,138.752,142.304,3.552,system_fenced_before_release
2048,receiver_sparse,8,1,0,256,8,209.024,222.24,13.216,system_fenced_before_release
2048,receiver_sparse,8,1,1,512,8,71.808,75.136,3.328,system_fenced_before_release
2048,receiver_sparse,8,1,1,768,8,108.736,112.384,3.648,system_fenced_before_release
2048,receiver_sparse,9,1,0,64,8,139.68,168.8,29.12,system_fenced_before_release
2048,receiver_sparse,9,1,0,320,8,222.144,231.52,9.376,system_fenced_before_release
2048,receiver_sparse,9,1,1,576,8,72.928,77.152,4.224,system_fenced_before_release
2048,receiver_sparse,9,1,1,832,8,110.24,114.624,4.384,system_fenced_before_release
2048,receiver_sparse,10,1,0,128,8,142.24,151.008,8.768,system_fenced_before_release
2048,receiver_sparse,10,1,0,384,8,214.112,226.336,12.224,system_fenced_before_release
2048,receiver_sparse,10,1,1,640,8,72.672,76.384,3.712,system_fenced_before_release
2048,receiver_sparse,10,1,1,896,8,108.736,112.8,4.064,system_fenced_before_release
2048,receiver_sparse,11,1,0,192,8,173.888,182.944,9.056,system_fenced_before_release
2048,receiver_sparse,11,1,0,448,8,220.064,229.856,9.792,system_fenced_before_release
2048,receiver_sparse,11,1,1,704,8,79.456,83.36,3.904,system_fenced_before_release
2048,receiver_sparse,11,1,1,960,8,116.416,120.0,3.584,system_fenced_before_release
2048,receiver_sparse,12,1,0,0,8,156.768,173.6,16.832,system_fenced_before_release
2048,receiver_sparse,12,1,0,256,8,197.408,209.184,11.776,system_fenced_before_release
2048,receiver_sparse,12,1,1,512,8,71.648,74.656,3.008,system_fenced_before_release
2048,receiver_sparse,12,1,1,768,8,108.864,112.832,3.968,system_fenced_before_release
2048,receiver_sparse,13,1,0,64,8,140.832,146.176,5.344,system_fenced_before_release
2048,receiver_sparse,13,1,0,320,8,203.168,217.408,14.24,system_fenced_before_release
2048,receiver_sparse,13,1,1,576,8,73.888,77.056,3.168,system_fenced_before_release
2048,receiver_sparse,13,1,1,832,8,110.624,114.72,4.096,system_fenced_before_release
2048,receiver_sparse,14,1,0,128,8,145.056,169.728,24.672,system_fenced_before_release
2048,receiver_sparse,14,1,0,384,8,220.224,238.08,17.856,system_fenced_before_release
2048,receiver_sparse,14,1,1,640,8,71.968,75.648,3.68,system_fenced_before_release
2048,receiver_sparse,14,1,1,896,8,108.704,111.776,3.072,system_fenced_before_release
2048,receiver_sparse,15,1,0,192,8,157.504,168.608,11.104,system_fenced_before_release
2048,receiver_sparse,15,1,0,448,8,190.144,198.688,8.544,system_fenced_before_release
2048,receiver_sparse,15,1,1,704,8,73.888,77.472,3.584,system_fenced_before_release
2048,receiver_sparse,15,1,1,960,8,110.56,114.72,4.16,system_fenced_before_release
2048,receiver_sparse,16,1,0,0,8,139.776,144.832,5.056,system_fenced_before_release
2048,receiver_sparse,16,1,0,256,8,189.856,197.792,7.936,system_fenced_before_release
2048,receiver_sparse,16,1,1,512,8,72.448,76.384,3.936,system_fenced_before_release
2048,receiver_sparse,16,1,1,768,8,109.792,114.112,4.32,system_fenced_before_release
2048,receiver_sparse,17,1,0,64,8,138.944,169.408,30.464,system_fenced_before_release
2048,receiver_sparse,17,1,0,320,8,216.64,226.784,10.144,system_fenced_before_release
2048,receiver_sparse,17,1,1,576,8,72.608,75.872,3.264,system_fenced_before_release
2048,receiver_sparse,17,1,1,832,8,109.248,113.312,4.064,system_fenced_before_release
2048,receiver_sparse,18,1,0,128,8,142.176,156.48,14.304,system_fenced_before_release
2048,receiver_sparse,18,1,0,384,8,204.512,213.6,9.088,system_fenced_before_release
2048,receiver_sparse,18,1,1,640,8,74.368,78.048,3.68,system_fenced_before_release
2048,receiver_sparse,18,1,1,896,8,110.56,113.856,3.296,system_fenced_before_release
2048,receiver_sparse,19,1,0,192,8,170.368,184.832,14.464,system_fenced_before_release
2048,receiver_sparse,19,1,0,448,8,218.752,226.432,7.68,system_fenced_before_release
2048,receiver_sparse,19,1,1,704,8,73.6,77.152,3.552,system_fenced_before_release
2048,receiver_sparse,19,1,1,960,8,109.952,113.408,3.456,system_fenced_before_release
2048,receiver_dense,0,0,0,0,8,72.352,75.296,2.944,system_fenced_before_release
2048,receiver_dense,0,0,0,64,8,72.352,76.16,3.808,system_fenced_before_release
2048,receiver_dense,0,0,0,128,8,72.32,76.224,3.904,system_fenced_before_release
2048,receiver_dense,0,0,0,192,8,71.904,76.32,4.416,system_fenced_before_release
2048,receiver_dense,0,0,0,256,8,109.632,115.68,6.048,system_fenced_before_release
2048,receiver_dense,0,0,0,320,8,108.8,114.912,6.112,system_fenced_before_release
2048,receiver_dense,0,0,0,384,8,109.44,115.808,6.368,system_fenced_before_release
2048,receiver_dense,0,0,0,448,8,109.568,115.744,6.176,system_fenced_before_release
2048,receiver_dense,0,0,1,512,8,139.84,148.288,8.448,system_fenced_before_release
2048,receiver_dense,0,0,1,576,8,141.664,149.504,7.84,system_fenced_before_release
2048,receiver_dense,0,0,1,640,8,152.8,166.656,13.856,system_fenced_before_release
2048,receiver_dense,0,0,1,704,8,153.92,168.448,14.528,system_fenced_before_release
2048,receiver_dense,0,0,1,768,8,199.424,214.912,15.488,system_fenced_before_release
2048,receiver_dense,0,0,1,832,8,189.984,199.936,9.952,system_fenced_before_release
2048,receiver_dense,0,0,1,896,8,187.712,197.088,9.376,system_fenced_before_release
2048,receiver_dense,0,0,1,960,8,216.256,239.616,23.36,system_fenced_before_release
2048,receiver_dense,1,0,0,16,8,82.656,89.504,6.848,system_fenced_before_release
2048,receiver_dense,1,0,0,80,8,78.944,84.512,5.568,system_fenced_before_release
2048,receiver_dense,1,0,0,144,8,78.464,82.912,4.448,system_fenced_before_release
2048,receiver_dense,1,0,0,208,8,83.168,89.568,6.4,system_fenced_before_release
2048,receiver_dense,1,0,0,272,8,125.024,128.224,3.2,system_fenced_before_release
2048,receiver_dense,1,0,0,336,8,125.216,133.184,7.968,system_fenced_before_release
2048,receiver_dense,1,0,0,400,8,128.896,144.352,15.456,system_fenced_before_release
2048,receiver_dense,1,0,0,464,8,132.032,159.936,27.904,system_fenced_before_release
2048,receiver_dense,1,0,1,528,8,198.176,207.776,9.6,system_fenced_before_release
2048,receiver_dense,1,0,1,592,8,218.208,233.664,15.456,system_fenced_before_release
2048,receiver_dense,1,0,1,656,8,203.2,215.616,12.416,system_fenced_before_release
2048,receiver_dense,1,0,1,720,8,219.392,232.928,13.536,system_fenced_before_release
2048,receiver_dense,1,0,1,784,8,252.384,267.104,14.72,system_fenced_before_release
2048,receiver_dense,1,0,1,848,8,248.832,267.04,18.208,system_fenced_before_release
2048,receiver_dense,1,0,1,912,8,249.856,264.288,14.432,system_fenced_before_release
2048,receiver_dense,1,0,1,976,8,260.48,274.656,14.176,system_fenced_before_release
2048,receiver_dense,2,0,0,32,8,76.544,80.576,4.032,system_fenced_before_release
2048,receiver_dense,2,0,0,96,8,76.384,79.776,3.392,system_fenced_before_release
2048,receiver_dense,2,0,0,160,8,76.416,80.704,4.288,system_fenced_before_release
2048,receiver_dense,2,0,0,224,8,76.448,80.608,4.16,system_fenced_before_release
2048,receiver_dense,2,0,0,288,8,112.8,119.424,6.624,system_fenced_before_release
2048,receiver_dense,2,0,0,352,8,113.12,119.456,6.336,system_fenced_before_release
2048,receiver_dense,2,0,0,416,8,112.544,117.728,5.184,system_fenced_before_release
2048,receiver_dense,2,0,0,480,8,113.184,119.424,6.24,system_fenced_before_release
2048,receiver_dense,2,0,1,544,8,144.896,190.304,45.408,system_fenced_before_release
2048,receiver_dense,2,0,1,608,8,144.736,178.432,33.696,system_fenced_before_release
2048,receiver_dense,2,0,1,672,8,186.432,196.608,10.176,system_fenced_before_release
2048,receiver_dense,2,0,1,736,8,181.728,187.712,5.984,system_fenced_before_release
2048,receiver_dense,2,0,1,800,8,235.552,255.68,20.128,system_fenced_before_release
2048,receiver_dense,2,0,1,864,8,225.28,233.76,8.48,system_fenced_before_release
2048,receiver_dense,2,0,1,928,8,227.104,242.368,15.264,system_fenced_before_release
2048,receiver_dense,2,0,1,992,8,242.592,253.632,11.04,system_fenced_before_release
2048,receiver_dense,3,0,0,48,8,83.232,90.208,6.976,system_fenced_before_release
2048,receiver_dense,3,0,0,112,8,83.52,90.208,6.688,system_fenced_before_release
2048,receiver_dense,3,0,0,176,8,82.88,89.44,6.56,system_fenced_before_release
2048,receiver_dense,3,0,0,240,8,82.912,90.144,7.232,system_fenced_before_release
2048,receiver_dense,3,0,0,304,8,124.448,130.88,6.432,system_fenced_before_release
2048,receiver_dense,3,0,0,368,8,126.4,133.088,6.688,system_fenced_before_release
2048,receiver_dense,3,0,0,432,8,131.392,144.256,12.864,system_fenced_before_release
2048,receiver_dense,3,0,0,496,8,128.0,133.184,5.184,system_fenced_before_release
2048,receiver_dense,3,0,1,560,8,189.888,206.56,16.672,system_fenced_before_release
2048,receiver_dense,3,0,1,624,8,179.008,192.0,12.992,system_fenced_before_release
2048,receiver_dense,3,0,1,688,8,198.144,209.664,11.52,system_fenced_before_release
2048,receiver_dense,3,0,1,752,8,193.92,206.656,12.736,system_fenced_before_release
2048,receiver_dense,3,0,1,816,8,221.344,233.536,12.192,system_fenced_before_release
2048,receiver_dense,3,0,1,880,8,232.96,243.808,10.848,system_fenced_before_release
2048,receiver_dense,3,0,1,944,8,243.616,256.032,12.416,system_fenced_before_release
2048,receiver_dense,3,0,1,1008,8,236.704,250.944,14.24,system_fenced_before_release
2048,receiver_dense,4,0,0,0,8,74.56,78.208,3.648,system_fenced_before_release
2048,receiver_dense,4,0,0,64,8,74.592,78.208,3.616,system_fenced_before_release
2048,receiver_dense,4,0,0,128,8,74.496,77.44,2.944,system_fenced_before_release
2048,receiver_dense,4,0,0,192,8,74.336,78.24,3.904,system_fenced_before_release
2048,receiver_dense,4,0,0,256,8,110.624,115.936,5.312,system_fenced_before_release
2048,receiver_dense,4,0,0,320,8,111.04,115.296,4.256,system_fenced_before_release
2048,receiver_dense,4,0,0,384,8,111.552,117.856,6.304,system_fenced_before_release
2048,receiver_dense,4,0,0,448,8,111.456,117.664,6.208,system_fenced_before_release
2048,receiver_dense,4,0,1,512,8,140.992,198.112,57.12,system_fenced_before_release
2048,receiver_dense,4,0,1,576,8,142.016,206.4,64.384,system_fenced_before_release
2048,receiver_dense,4,0,1,640,8,198.464,208.192,9.728,system_fenced_before_release
2048,receiver_dense,4,0,1,704,8,203.712,213.344,9.632,system_fenced_before_release
2048,receiver_dense,4,0,1,768,8,238.56,248.64,10.08,system_fenced_before_release
2048,receiver_dense,4,0,1,832,8,241.696,250.752,9.056,system_fenced_before_release
2048,receiver_dense,4,0,1,896,8,257.472,277.632,20.16,system_fenced_before_release
2048,receiver_dense,4,0,1,960,8,235.264,244.768,9.504,system_fenced_before_release
2048,receiver_dense,5,0,0,16,8,84.128,91.776,7.648,system_fenced_before_release
2048,receiver_dense,5,0,0,80,8,80.544,85.024,4.48,system_fenced_before_release
2048,receiver_dense,5,0,0,144,8,80.704,84.96,4.256,system_fenced_before_release
2048,receiver_dense,5,0,0,208,8,80.64,84.064,3.424,system_fenced_before_release
2048,receiver_dense,5,0,0,272,8,125.472,130.784,5.312,system_fenced_before_release
2048,receiver_dense,5,0,0,336,8,125.824,132.448,6.624,system_fenced_before_release
2048,receiver_dense,5,0,0,400,8,128.416,137.472,9.056,system_fenced_before_release
2048,receiver_dense,5,0,0,464,8,129.76,137.536,7.776,system_fenced_before_release
2048,receiver_dense,5,0,1,528,8,210.08,223.648,13.568,system_fenced_before_release
2048,receiver_dense,5,0,1,592,8,198.56,215.872,17.312,system_fenced_before_release
2048,receiver_dense,5,0,1,656,8,193.184,203.072,9.888,system_fenced_before_release
2048,receiver_dense,5,0,1,720,8,201.088,215.904,14.816,system_fenced_before_release
2048,receiver_dense,5,0,1,784,8,239.872,257.024,17.152,system_fenced_before_release
2048,receiver_dense,5,0,1,848,8,246.112,259.168,13.056,system_fenced_before_release
2048,receiver_dense,5,0,1,912,8,242.816,256.896,14.08,system_fenced_before_release
2048,receiver_dense,5,0,1,976,8,243.744,256.896,13.152,system_fenced_before_release
2048,receiver_dense,6,0,0,32,8,72.224,75.808,3.584,system_fenced_before_release
2048,receiver_dense,6,0,0,96,8,71.84,74.944,3.104,system_fenced_before_release
2048,receiver_dense,6,0,0,160,8,72.192,75.776,3.584,system_fenced_before_release
2048,receiver_dense,6,0,0,224,8,72.352,76.224,3.872,system_fenced_before_release
2048,receiver_dense,6,0,0,288,8,108.992,115.648,6.656,system_fenced_before_release
2048,receiver_dense,6,0,0,352,8,109.216,115.712,6.496,system_fenced_before_release
2048,receiver_dense,6,0,0,416,8,108.96,113.184,4.224,system_fenced_before_release
2048,receiver_dense,6,0,0,480,8,109.376,115.584,6.208,system_fenced_before_release
2048,receiver_dense,6,0,1,544,8,139.232,196.064,56.832,system_fenced_before_release
2048,receiver_dense,6,0,1,608,8,140.352,188.032,47.68,system_fenced_before_release
2048,receiver_dense,6,0,1,672,8,191.232,198.24,7.008,system_fenced_before_release
2048,receiver_dense,6,0,1,736,8,196.128,203.456,7.328,system_fenced_before_release
2048,receiver_dense,6,0,1,800,8,250.432,268.128,17.696,system_fenced_before_release
2048,receiver_dense,6,0,1,864,8,230.112,249.92,19.808,system_fenced_before_release
2048,receiver_dense,6,0,1,928,8,236.064,245.92,9.856,system_fenced_before_release
2048,receiver_dense,6,0,1,992,8,236.32,251.04,14.72,system_fenced_before_release
2048,receiver_dense,7,0,0,48,8,78.656,82.656,4.0,system_fenced_before_release
2048,receiver_dense,7,0,0,112,8,78.752,84.256,5.504,system_fenced_before_release
2048,receiver_dense,7,0,0,176,8,83.328,92.096,8.768,system_fenced_before_release
2048,receiver_dense,7,0,0,240,8,78.816,84.32,5.504,system_fenced_before_release
2048,receiver_dense,7,0,0,304,8,125.28,128.608,3.328,system_fenced_before_release
2048,receiver_dense,7,0,0,368,8,127.36,133.92,6.56,system_fenced_before_release
2048,receiver_dense,7,0,0,432,8,127.648,133.728,6.08,system_fenced_before_release
2048,receiver_dense,7,0,0,496,8,132.096,152.256,20.16,system_fenced_before_release
2048,receiver_dense,7,0,1,560,8,186.976,196.832,9.856,system_fenced_before_release
2048,receiver_dense,7,0,1,624,8,189.376,201.792,12.416,system_fenced_before_release
2048,receiver_dense,7,0,1,688,8,194.272,208.064,13.792,system_fenced_before_release
2048,receiver_dense,7,0,1,752,8,181.056,193.312,12.256,system_fenced_before_release
2048,receiver_dense,7,0,1,816,8,240.032,253.632,13.6,system_fenced_before_release
2048,receiver_dense,7,0,1,880,8,228.512,239.68,11.168,system_fenced_before_release
2048,receiver_dense,7,0,1,944,8,243.936,255.392,11.456,system_fenced_before_release
2048,receiver_dense,7,0,1,1008,8,234.016,253.6,19.584,system_fenced_before_release
2048,receiver_dense,8,0,0,0,8,73.568,77.056,3.488,system_fenced_before_release
2048,receiver_dense,8,0,0,64,8,73.696,77.056,3.36,system_fenced_before_release
2048,receiver_dense,8,0,0,128,8,73.6,77.12,3.52,system_fenced_before_release
2048,receiver_dense,8,0,0,192,8,73.12,76.288,3.168,system_fenced_before_release
2048,receiver_dense,8,0,0,256,8,110.688,114.24,3.552,system_fenced_before_release
2048,receiver_dense,8,0,0,320,8,110.336,116.864,6.528,system_fenced_before_release
2048,receiver_dense,8,0,0,384,8,110.304,114.688,4.384,system_fenced_before_release
2048,receiver_dense,8,0,0,448,8,110.464,117.632,7.168,system_fenced_before_release
2048,receiver_dense,8,0,1,512,8,140.384,155.68,15.296,system_fenced_before_release
2048,receiver_dense,8,0,1,576,8,140.576,157.92,17.344,system_fenced_before_release
2048,receiver_dense,8,0,1,640,8,165.664,172.544,6.88,system_fenced_before_release
2048,receiver_dense,8,0,1,704,8,161.504,168.928,7.424,system_fenced_before_release
2048,receiver_dense,8,0,1,768,8,202.112,210.496,8.384,system_fenced_before_release
2048,receiver_dense,8,0,1,832,8,209.824,235.008,25.184,system_fenced_before_release
2048,receiver_dense,8,0,1,896,8,202.464,212.672,10.208,system_fenced_before_release
2048,receiver_dense,8,0,1,960,8,221.504,240.608,19.104,system_fenced_before_release
2048,receiver_dense,9,0,0,16,8,78.464,83.68,5.216,system_fenced_before_release
2048,receiver_dense,9,0,0,80,8,82.496,85.664,3.168,system_fenced_before_release
2048,receiver_dense,9,0,0,144,8,78.592,81.984,3.392,system_fenced_before_release
2048,receiver_dense,9,0,0,208,8,82.528,87.52,4.992,system_fenced_before_release
2048,receiver_dense,9,0,0,272,8,124.992,130.304,5.312,system_fenced_before_release
2048,receiver_dense,9,0,0,336,8,125.248,131.936,6.688,system_fenced_before_release
2048,receiver_dense,9,0,0,400,8,127.168,130.624,3.456,system_fenced_before_release
2048,receiver_dense,9,0,0,464,8,126.816,133.728,6.912,system_fenced_before_release
2048,receiver_dense,9,0,1,528,8,180.96,194.624,13.664,system_fenced_before_release
2048,receiver_dense,9,0,1,592,8,195.904,207.936,12.032,system_fenced_before_release
2048,receiver_dense,9,0,1,656,8,181.12,194.56,13.44,system_fenced_before_release
2048,receiver_dense,9,0,1,720,8,180.896,192.416,11.52,system_fenced_before_release
2048,receiver_dense,9,0,1,784,8,226.912,238.464,11.552,system_fenced_before_release
2048,receiver_dense,9,0,1,848,8,234.048,244.448,10.4,system_fenced_before_release
2048,receiver_dense,9,0,1,912,8,228.448,247.52,19.072,system_fenced_before_release
2048,receiver_dense,9,0,1,976,8,226.24,238.176,11.936,system_fenced_before_release
2048,receiver_dense,10,0,0,32,8,70.944,74.528,3.584,system_fenced_before_release
2048,receiver_dense,10,0,0,96,8,70.688,73.664,2.976,system_fenced_before_release
2048,receiver_dense,10,0,0,160,8,70.912,74.528,3.616,system_fenced_before_release
2048,receiver_dense,10,0,0,224,8,71.008,74.56,3.552,system_fenced_before_release
2048,receiver_dense,10,0,0,288,8,107.648,112.768,5.12,system_fenced_before_release
2048,receiver_dense,10,0,0,352,8,107.936,115.104,7.168,system_fenced_before_release
2048,receiver_dense,10,0,0,416,8,107.776,112.416,4.64,system_fenced_before_release
2048,receiver_dense,10,0,0,480,8,108.416,115.168,6.752,system_fenced_before_release
2048,receiver_dense,10,0,1,544,8,138.72,170.176,31.456,system_fenced_before_release
2048,receiver_dense,10,0,1,608,8,137.76,156.832,19.072,system_fenced_before_release
2048,receiver_dense,10,0,1,672,8,162.752,174.176,11.424,system_fenced_before_release
2048,receiver_dense,10,0,1,736,8,162.752,174.208,11.456,system_fenced_before_release
2048,receiver_dense,10,0,1,800,8,199.68,209.6,9.92,system_fenced_before_release
2048,receiver_dense,10,0,1,864,8,213.12,230.112,16.992,system_fenced_before_release
2048,receiver_dense,10,0,1,928,8,223.168,248.0,24.832,system_fenced_before_release
2048,receiver_dense,10,0,1,992,8,219.36,234.816,15.456,system_fenced_before_release
2048,receiver_dense,11,0,0,48,8,78.24,82.272,4.032,system_fenced_before_release
2048,receiver_dense,11,0,0,112,8,78.24,83.072,4.832,system_fenced_before_release
2048,receiver_dense,11,0,0,176,8,82.784,86.592,3.808,system_fenced_before_release
2048,receiver_dense,11,0,0,240,8,82.24,88.384,6.144,system_fenced_before_release
2048,receiver_dense,11,0,0,304,8,123.936,127.104,3.168,system_fenced_before_release
2048,receiver_dense,11,0,0,368,8,126.336,132.768,6.432,system_fenced_before_release
2048,receiver_dense,11,0,0,432,8,127.008,134.688,7.68,system_fenced_before_release
2048,receiver_dense,11,0,0,496,8,127.776,134.56,6.784,system_fenced_before_release
2048,receiver_dense,11,0,1,560,8,186.592,201.44,14.848,system_fenced_before_release
2048,receiver_dense,11,0,1,624,8,179.744,192.384,12.64,system_fenced_before_release
2048,receiver_dense,11,0,1,688,8,187.936,199.008,11.072,system_fenced_before_release
2048,receiver_dense,11,0,1,752,8,181.088,194.624,13.536,system_fenced_before_release
2048,receiver_dense,11,0,1,816,8,214.432,234.816,20.384,system_fenced_before_release
2048,receiver_dense,11,0,1,880,8,213.28,232.96,19.68,system_fenced_before_release
2048,receiver_dense,11,0,1,944,8,220.0,238.368,18.368,system_fenced_before_release
2048,receiver_dense,11,0,1,1008,8,210.272,228.288,18.016,system_fenced_before_release
2048,receiver_dense,12,0,0,0,8,70.688,74.304,3.616,system_fenced_before_release
2048,receiver_dense,12,0,0,64,8,70.72,74.336,3.616,system_fenced_before_release
2048,receiver_dense,12,0,0,128,8,70.528,73.504,2.976,system_fenced_before_release
2048,receiver_dense,12,0,0,192,8,70.56,74.368,3.808,system_fenced_before_release
2048,receiver_dense,12,0,0,256,8,107.264,111.424,4.16,system_fenced_before_release
2048,receiver_dense,12,0,0,320,8,107.616,113.216,5.6,system_fenced_before_release
2048,receiver_dense,12,0,0,384,8,107.52,113.152,5.632,system_fenced_before_release
2048,receiver_dense,12,0,0,448,8,107.552,113.12,5.568,system_fenced_before_release
2048,receiver_dense,12,0,1,512,8,137.728,146.816,9.088,system_fenced_before_release
2048,receiver_dense,12,0,1,576,8,138.208,147.744,9.536,system_fenced_before_release
2048,receiver_dense,12,0,1,640,8,153.28,163.136,9.856,system_fenced_before_release
2048,receiver_dense,12,0,1,704,8,154.784,166.528,11.744,system_fenced_before_release
2048,receiver_dense,12,0,1,768,8,196.288,212.8,16.512,system_fenced_before_release
2048,receiver_dense,12,0,1,832,8,208.64,227.424,18.784,system_fenced_before_release
2048,receiver_dense,12,0,1,896,8,197.312,216.096,18.784,system_fenced_before_release
2048,receiver_dense,12,0,1,960,8,190.944,203.328,12.384,system_fenced_before_release
2048,receiver_dense,13,0,0,16,8,82.144,87.808,5.664,system_fenced_before_release
2048,receiver_dense,13,0,0,80,8,82.304,88.736,6.432,system_fenced_before_release
2048,receiver_dense,13,0,0,144,8,82.368,90.304,7.936,system_fenced_before_release
2048,receiver_dense,13,0,0,208,8,78.368,81.824,3.456,system_fenced_before_release
2048,receiver_dense,13,0,0,272,8,124.16,130.176,6.016,system_fenced_before_release
2048,receiver_dense,13,0,0,336,8,124.32,132.0,7.68,system_fenced_before_release
2048,receiver_dense,13,0,0,400,8,126.112,130.496,4.384,system_fenced_before_release
2048,receiver_dense,13,0,0,464,8,126.624,133.632,7.008,system_fenced_before_release
2048,receiver_dense,13,0,1,528,8,170.944,179.584,8.64,system_fenced_before_release
2048,receiver_dense,13,0,1,592,8,187.008,201.344,14.336,system_fenced_before_release
2048,receiver_dense,13,0,1,656,8,178.976,194.336,15.36,system_fenced_before_release
2048,receiver_dense,13,0,1,720,8,184.832,197.824,12.992,system_fenced_before_release
2048,receiver_dense,13,0,1,784,8,221.6,239.424,17.824,system_fenced_before_release
2048,receiver_dense,13,0,1,848,8,221.376,237.504,16.128,system_fenced_before_release
2048,receiver_dense,13,0,1,912,8,216.736,235.712,18.976,system_fenced_before_release
2048,receiver_dense,13,0,1,976,8,222.624,233.92,11.296,system_fenced_before_release
2048,receiver_dense,14,0,0,32,8,71.712,75.584,3.872,system_fenced_before_release
2048,receiver_dense,14,0,0,96,8,71.68,75.616,3.936,system_fenced_before_release
2048,receiver_dense,14,0,0,160,8,71.808,74.72,2.912,system_fenced_before_release
2048,receiver_dense,14,0,0,224,8,71.712,75.648,3.936,system_fenced_before_release
2048,receiver_dense,14,0,0,288,8,108.064,111.872,3.808,system_fenced_before_release
2048,receiver_dense,14,0,0,352,8,108.384,112.512,4.128,system_fenced_before_release
2048,receiver_dense,14,0,0,416,8,108.672,114.24,5.568,system_fenced_before_release
2048,receiver_dense,14,0,0,480,8,108.448,114.4,5.952,system_fenced_before_release
2048,receiver_dense,14,0,1,544,8,138.752,149.344,10.592,system_fenced_before_release
2048,receiver_dense,14,0,1,608,8,148.512,161.696,13.184,system_fenced_before_release
2048,receiver_dense,14,0,1,672,8,152.416,165.312,12.896,system_fenced_before_release
2048,receiver_dense,14,0,1,736,8,148.992,159.872,10.88,system_fenced_before_release
2048,receiver_dense,14,0,1,800,8,197.184,211.2,14.016,system_fenced_before_release
2048,receiver_dense,14,0,1,864,8,214.368,233.088,18.72,system_fenced_before_release
2048,receiver_dense,14,0,1,928,8,215.296,233.408,18.112,system_fenced_before_release
2048,receiver_dense,14,0,1,992,8,192.576,203.36,10.784,system_fenced_before_release
2048,receiver_dense,15,0,0,48,8,81.376,89.28,7.904,system_fenced_before_release
2048,receiver_dense,15,0,0,112,8,81.696,89.28,7.584,system_fenced_before_release
2048,receiver_dense,15,0,0,176,8,77.888,83.296,5.408,system_fenced_before_release
2048,receiver_dense,15,0,0,240,8,77.888,81.248,3.36,system_fenced_before_release
2048,receiver_dense,15,0,0,304,8,123.52,129.536,6.016,system_fenced_before_release
2048,receiver_dense,15,0,0,368,8,125.856,131.232,5.376,system_fenced_before_release
2048,receiver_dense,15,0,0,432,8,126.464,132.96,6.496,system_fenced_before_release
2048,receiver_dense,15,0,0,496,8,131.392,139.04,7.648,system_fenced_before_release
2048,receiver_dense,15,0,1,560,8,194.336,204.8,10.464,system_fenced_before_release
2048,receiver_dense,15,0,1,624,8,179.2,189.696,10.496,system_fenced_before_release
2048,receiver_dense,15,0,1,688,8,171.168,179.744,8.576,system_fenced_before_release
2048,receiver_dense,15,0,1,752,8,181.344,196.064,14.72,system_fenced_before_release
2048,receiver_dense,15,0,1,816,8,223.072,237.28,14.208,system_fenced_before_release
2048,receiver_dense,15,0,1,880,8,225.472,235.488,10.016,system_fenced_before_release
2048,receiver_dense,15,0,1,944,8,221.792,235.264,13.472,system_fenced_before_release
2048,receiver_dense,15,0,1,1008,8,215.68,230.144,14.464,system_fenced_before_release
2048,receiver_dense,16,0,0,0,8,70.592,74.24,3.648,system_fenced_before_release
2048,receiver_dense,16,0,0,64,8,70.464,74.112,3.648,system_fenced_before_release
2048,receiver_dense,16,0,0,128,8,70.464,73.376,2.912,system_fenced_before_release
2048,receiver_dense,16,0,0,192,8,70.464,74.24,3.776,system_fenced_before_release
2048,receiver_dense,16,0,0,256,8,108.0,114.848,6.848,system_fenced_before_release
2048,receiver_dense,16,0,0,320,8,107.36,111.68,4.32,system_fenced_before_release
2048,receiver_dense,16,0,0,384,8,107.136,112.352,5.216,system_fenced_before_release
2048,receiver_dense,16,0,0,448,8,107.296,115.008,7.712,system_fenced_before_release
2048,receiver_dense,16,0,1,512,8,137.216,163.04,25.824,system_fenced_before_release
2048,receiver_dense,16,0,1,576,8,137.568,160.32,22.752,system_fenced_before_release
2048,receiver_dense,16,0,1,640,8,162.432,172.928,10.496,system_fenced_before_release
2048,receiver_dense,16,0,1,704,8,162.528,172.928,10.4,system_fenced_before_release
2048,receiver_dense,16,0,1,768,8,204.864,217.184,12.32,system_fenced_before_release
2048,receiver_dense,16,0,1,832,8,205.312,217.184,11.872,system_fenced_before_release
2048,receiver_dense,16,0,1,896,8,202.464,214.88,12.416,system_fenced_before_release
2048,receiver_dense,16,0,1,960,8,208.288,217.216,8.928,system_fenced_before_release
2048,receiver_dense,17,0,0,16,8,77.44,81.184,3.744,system_fenced_before_release
2048,receiver_dense,17,0,0,80,8,81.408,86.144,4.736,system_fenced_before_release
2048,receiver_dense,17,0,0,144,8,77.216,82.016,4.8,system_fenced_before_release
2048,receiver_dense,17,0,0,208,8,81.536,87.936,6.4,system_fenced_before_release
2048,receiver_dense,17,0,0,272,8,123.84,130.816,6.976,system_fenced_before_release
2048,receiver_dense,17,0,0,336,8,123.616,128.736,5.12,system_fenced_before_release
2048,receiver_dense,17,0,0,400,8,125.28,132.16,6.88,system_fenced_before_release
2048,receiver_dense,17,0,0,464,8,131.04,152.544,21.504,system_fenced_before_release
2048,receiver_dense,17,0,1,528,8,190.464,201.152,10.688,system_fenced_before_release
2048,receiver_dense,17,0,1,592,8,205.248,213.888,8.64,system_fenced_before_release
2048,receiver_dense,17,0,1,656,8,186.272,194.4,8.128,system_fenced_before_release
2048,receiver_dense,17,0,1,720,8,206.784,217.568,10.784,system_fenced_before_release
2048,receiver_dense,17,0,1,784,8,237.248,252.16,14.912,system_fenced_before_release
2048,receiver_dense,17,0,1,848,8,235.904,249.952,14.048,system_fenced_before_release
2048,receiver_dense,17,0,1,912,8,236.224,247.904,11.68,system_fenced_before_release
2048,receiver_dense,17,0,1,976,8,239.84,257.344,17.504,system_fenced_before_release
2048,receiver_dense,18,0,0,32,8,71.04,73.984,2.944,system_fenced_before_release
2048,receiver_dense,18,0,0,96,8,70.976,74.848,3.872,system_fenced_before_release
2048,receiver_dense,18,0,0,160,8,71.104,74.784,3.68,system_fenced_before_release
2048,receiver_dense,18,0,0,224,8,71.008,75.072,4.064,system_fenced_before_release
2048,receiver_dense,18,0,0,288,8,107.968,113.824,5.856,system_fenced_before_release
2048,receiver_dense,18,0,0,352,8,107.936,112.064,4.128,system_fenced_before_release
2048,receiver_dense,18,0,0,416,8,108.32,113.792,5.472,system_fenced_before_release
2048,receiver_dense,18,0,0,480,8,108.384,113.824,5.44,system_fenced_before_release
2048,receiver_dense,18,0,1,544,8,150.944,198.88,47.936,system_fenced_before_release
2048,receiver_dense,18,0,1,608,8,140.128,191.744,51.616,system_fenced_before_release
2048,receiver_dense,18,0,1,672,8,193.696,202.496,8.8,system_fenced_before_release
2048,receiver_dense,18,0,1,736,8,193.536,202.496,8.96,system_fenced_before_release
2048,receiver_dense,18,0,1,800,8,230.176,240.416,10.24,system_fenced_before_release
2048,receiver_dense,18,0,1,864,8,236.128,246.88,10.752,system_fenced_before_release
2048,receiver_dense,18,0,1,928,8,245.152,270.88,25.728,system_fenced_before_release
2048,receiver_dense,18,0,1,992,8,249.152,260.512,11.36,system_fenced_before_release
2048,receiver_dense,19,0,0,48,8,84.288,89.952,5.664,system_fenced_before_release
2048,receiver_dense,19,0,0,112,8,88.0,96.032,8.032,system_fenced_before_release
2048,receiver_dense,19,0,0,176,8,84.192,90.272,6.08,system_fenced_before_release
2048,receiver_dense,19,0,0,240,8,84.416,88.416,4.0,system_fenced_before_release
2048,receiver_dense,19,0,0,304,8,130.272,134.336,4.064,system_fenced_before_release
2048,receiver_dense,19,0,0,368,8,132.608,138.528,5.92,system_fenced_before_release
2048,receiver_dense,19,0,0,432,8,132.928,138.56,5.632,system_fenced_before_release
2048,receiver_dense,19,0,0,496,8,138.336,146.24,7.904,system_fenced_before_release
2048,receiver_dense,19,0,1,560,8,199.776,213.12,13.344,system_fenced_before_release
2048,receiver_dense,19,0,1,624,8,198.976,210.752,11.776,system_fenced_before_release
2048,receiver_dense,19,0,1,688,8,189.248,210.784,21.536,system_fenced_before_release
2048,receiver_dense,19,0,1,752,8,189.152,201.664,12.512,system_fenced_before_release
2048,receiver_dense,19,0,1,816,8,231.648,250.656,19.008,system_fenced_before_release
2048,receiver_dense,19,0,1,880,8,230.176,248.864,18.688,system_fenced_before_release
2048,receiver_dense,19,0,1,944,8,226.048,244.832,18.784,system_fenced_before_release
2048,receiver_dense,19,0,1,1008,8,232.32,247.04,14.72,system_fenced_before_release
2048,receiver_dense,0,1,0,0,8,140.928,148.928,8.0,system_fenced_before_release
2048,receiver_dense,0,1,0,64,8,141.312,151.936,10.624,system_fenced_before_release
2048,receiver_dense,0,1,0,128,8,156.8,168.992,12.192,system_fenced_before_release
2048,receiver_dense,0,1,0,192,8,152.0,165.28,13.28,system_fenced_before_release
2048,receiver_dense,0,1,0,256,8,187.296,195.936,8.64,system_fenced_before_release
2048,receiver_dense,0,1,0,320,8,215.232,224.416,9.184,system_fenced_before_release
2048,receiver_dense,0,1,0,384,8,214.88,231.36,16.48,system_fenced_before_release
2048,receiver_dense,0,1,0,448,8,213.472,229.376,15.904,system_fenced_before_release
2048,receiver_dense,0,1,1,512,8,74.304,77.952,3.648,system_fenced_before_release
2048,receiver_dense,0,1,1,576,8,74.24,78.88,4.64,system_fenced_before_release
2048,receiver_dense,0,1,1,640,8,74.4,79.072,4.672,system_fenced_before_release
2048,receiver_dense,0,1,1,704,8,74.144,78.912,4.768,system_fenced_before_release
2048,receiver_dense,0,1,1,768,8,110.72,114.016,3.296,system_fenced_before_release
2048,receiver_dense,0,1,1,832,8,111.136,118.656,7.52,system_fenced_before_release
2048,receiver_dense,0,1,1,896,8,111.2,116.8,5.6,system_fenced_before_release
2048,receiver_dense,0,1,1,960,8,111.104,118.656,7.552,system_fenced_before_release
2048,receiver_dense,1,1,0,16,8,218.592,233.12,14.528,system_fenced_before_release
2048,receiver_dense,1,1,0,80,8,220.16,232.992,12.832,system_fenced_before_release
2048,receiver_dense,1,1,0,144,8,234.56,249.248,14.688,system_fenced_before_release
2048,receiver_dense,1,1,0,208,8,234.432,249.248,14.816,system_fenced_before_release
2048,receiver_dense,1,1,0,272,8,269.984,291.904,21.92,system_fenced_before_release
2048,receiver_dense,1,1,0,336,8,267.264,280.064,12.8,system_fenced_before_release
2048,receiver_dense,1,1,0,400,8,251.2,262.272,11.072,system_fenced_before_release
2048,receiver_dense,1,1,0,464,8,265.216,283.008,17.792,system_fenced_before_release
2048,receiver_dense,1,1,1,528,8,80.736,85.28,4.544,system_fenced_before_release
2048,receiver_dense,1,1,1,592,8,80.736,84.96,4.224,system_fenced_before_release
2048,receiver_dense,1,1,1,656,8,80.736,84.064,3.328,system_fenced_before_release
2048,receiver_dense,1,1,1,720,8,85.568,90.784,5.216,system_fenced_before_release
2048,receiver_dense,1,1,1,784,8,127.616,133.92,6.304,system_fenced_before_release
2048,receiver_dense,1,1,1,848,8,127.616,134.816,7.2,system_fenced_before_release
2048,receiver_dense,1,1,1,912,8,134.144,166.912,32.768,system_fenced_before_release
2048,receiver_dense,1,1,1,976,8,130.176,136.352,6.176,system_fenced_before_release
2048,receiver_dense,2,1,0,32,8,149.248,182.912,33.664,system_fenced_before_release
2048,receiver_dense,2,1,0,96,8,148.128,179.808,31.68,system_fenced_before_release
2048,receiver_dense,2,1,0,160,8,172.544,183.776,11.232,system_fenced_before_release
2048,receiver_dense,2,1,0,224,8,171.808,187.584,15.776,system_fenced_before_release
2048,receiver_dense,2,1,0,288,8,206.304,223.84,17.536,system_fenced_before_release
2048,receiver_dense,2,1,0,352,8,218.56,230.496,11.936,system_fenced_before_release
2048,receiver_dense,2,1,0,416,8,231.04,254.528,23.488,system_fenced_before_release
2048,receiver_dense,2,1,0,480,8,236.096,254.24,18.144,system_fenced_before_release
2048,receiver_dense,2,1,1,544,8,78.56,82.848,4.288,system_fenced_before_release
2048,receiver_dense,2,1,1,608,8,78.432,82.784,4.352,system_fenced_before_release
2048,receiver_dense,2,1,1,672,8,78.528,82.912,4.384,system_fenced_before_release
2048,receiver_dense,2,1,1,736,8,78.528,81.984,3.456,system_fenced_before_release
2048,receiver_dense,2,1,1,800,8,114.816,119.072,4.256,system_fenced_before_release
2048,receiver_dense,2,1,1,864,8,115.264,120.832,5.568,system_fenced_before_release
2048,receiver_dense,2,1,1,928,8,115.04,120.832,5.792,system_fenced_before_release
2048,receiver_dense,2,1,1,992,8,115.52,120.864,5.344,system_fenced_before_release
2048,receiver_dense,3,1,0,48,8,180.8,197.056,16.256,system_fenced_before_release
2048,receiver_dense,3,1,0,112,8,177.568,193.376,15.808,system_fenced_before_release
2048,receiver_dense,3,1,0,176,8,197.568,206.464,8.896,system_fenced_before_release
2048,receiver_dense,3,1,0,240,8,196.128,210.272,14.144,system_fenced_before_release
2048,receiver_dense,3,1,0,304,8,228.96,244.96,16.0,system_fenced_before_release
2048,receiver_dense,3,1,0,368,8,231.808,248.384,16.576,system_fenced_before_release
2048,receiver_dense,3,1,0,432,8,227.456,239.488,12.032,system_fenced_before_release
2048,receiver_dense,3,1,0,496,8,234.688,248.416,13.728,system_fenced_before_release
2048,receiver_dense,3,1,1,560,8,81.12,84.704,3.584,system_fenced_before_release
2048,receiver_dense,3,1,1,624,8,85.44,91.392,5.952,system_fenced_before_release
2048,receiver_dense,3,1,1,688,8,84.992,89.664,4.672,system_fenced_before_release
2048,receiver_dense,3,1,1,752,8,81.184,85.28,4.096,system_fenced_before_release
2048,receiver_dense,3,1,1,816,8,127.68,131.104,3.424,system_fenced_before_release
2048,receiver_dense,3,1,1,880,8,129.344,136.928,7.584,system_fenced_before_release
2048,receiver_dense,3,1,1,944,8,130.208,138.88,8.672,system_fenced_before_release
2048,receiver_dense,3,1,1,1008,8,134.816,148.544,13.728,system_fenced_before_release
2048,receiver_dense,4,1,0,0,8,144.352,191.52,47.168,system_fenced_before_release
2048,receiver_dense,4,1,0,64,8,144.096,193.312,49.216,system_fenced_before_release
2048,receiver_dense,4,1,0,128,8,183.296,193.344,10.048,system_fenced_before_release
2048,receiver_dense,4,1,0,192,8,181.056,190.208,9.152,system_fenced_before_release
2048,receiver_dense,4,1,0,256,8,224.128,239.072,14.944,system_fenced_before_release
2048,receiver_dense,4,1,0,320,8,227.488,239.04,11.552,system_fenced_before_release
2048,receiver_dense,4,1,0,384,8,227.744,239.04,11.296,system_fenced_before_release
2048,receiver_dense,4,1,0,448,8,218.208,241.664,23.456,system_fenced_before_release
2048,receiver_dense,4,1,1,512,8,76.768,81.12,4.352,system_fenced_before_release
2048,receiver_dense,4,1,1,576,8,76.576,80.672,4.096,system_fenced_before_release
2048,receiver_dense,4,1,1,640,8,76.608,80.704,4.096,system_fenced_before_release
2048,receiver_dense,4,1,1,704,8,76.672,80.224,3.552,system_fenced_before_release
2048,receiver_dense,4,1,1,768,8,113.6,118.688,5.088,system_fenced_before_release
2048,receiver_dense,4,1,1,832,8,113.536,118.688,5.152,system_fenced_before_release
2048,receiver_dense,4,1,1,896,8,113.568,117.824,4.256,system_fenced_before_release
2048,receiver_dense,4,1,1,960,8,113.728,118.88,5.152,system_fenced_before_release
2048,receiver_dense,5,1,0,16,8,206.368,223.04,16.672,system_fenced_before_release
2048,receiver_dense,5,1,0,80,8,202.112,213.376,11.264,system_fenced_before_release
2048,receiver_dense,5,1,0,144,8,208.832,223.872,15.04,system_fenced_before_release
2048,receiver_dense,5,1,0,208,8,211.328,222.688,11.36,system_fenced_before_release
2048,receiver_dense,5,1,0,272,8,244.448,258.336,13.888,system_fenced_before_release
2048,receiver_dense,5,1,0,336,8,239.072,252.544,13.472,system_fenced_before_release
2048,receiver_dense,5,1,0,400,8,255.392,270.304,14.912,system_fenced_before_release
2048,receiver_dense,5,1,0,464,8,245.76,265.216,19.456,system_fenced_before_release
2048,receiver_dense,5,1,1,528,8,83.328,87.424,4.096,system_fenced_before_release
2048,receiver_dense,5,1,1,592,8,84.448,90.016,5.568,system_fenced_before_release
2048,receiver_dense,5,1,1,656,8,84.64,91.808,7.168,system_fenced_before_release
2048,receiver_dense,5,1,1,720,8,84.224,91.84,7.616,system_fenced_before_release
2048,receiver_dense,5,1,1,784,8,126.56,131.936,5.376,system_fenced_before_release
2048,receiver_dense,5,1,1,848,8,126.56,133.664,7.104,system_fenced_before_release
2048,receiver_dense,5,1,1,912,8,134.016,142.368,8.352,system_fenced_before_release
2048,receiver_dense,5,1,1,976,8,129.024,135.488,6.464,system_fenced_before_release
2048,receiver_dense,6,1,0,32,8,138.72,197.216,58.496,system_fenced_before_release
2048,receiver_dense,6,1,0,96,8,142.304,193.696,51.392,system_fenced_before_release
2048,receiver_dense,6,1,0,160,8,193.664,208.288,14.624,system_fenced_before_release
2048,receiver_dense,6,1,0,224,8,184.544,202.816,18.272,system_fenced_before_release
2048,receiver_dense,6,1,0,288,8,236.608,249.216,12.608,system_fenced_before_release
2048,receiver_dense,6,1,0,352,8,233.984,246.368,12.384,system_fenced_before_release
2048,receiver_dense,6,1,0,416,8,233.824,243.392,9.568,system_fenced_before_release
2048,receiver_dense,6,1,0,480,8,247.04,265.216,18.176,system_fenced_before_release
2048,receiver_dense,6,1,1,544,8,72.064,75.84,3.776,system_fenced_before_release
2048,receiver_dense,6,1,1,608,8,71.872,74.976,3.104,system_fenced_before_release
2048,receiver_dense,6,1,1,672,8,71.936,75.744,3.808,system_fenced_before_release
2048,receiver_dense,6,1,1,736,8,71.936,75.808,3.872,system_fenced_before_release
2048,receiver_dense,6,1,1,800,8,108.576,115.36,6.784,system_fenced_before_release
2048,receiver_dense,6,1,1,864,8,108.864,115.424,6.56,system_fenced_before_release
2048,receiver_dense,6,1,1,928,8,108.576,112.832,4.256,system_fenced_before_release
2048,receiver_dense,6,1,1,992,8,109.024,115.456,6.432,system_fenced_before_release
2048,receiver_dense,7,1,0,48,8,185.632,202.816,17.184,system_fenced_before_release
2048,receiver_dense,7,1,0,112,8,188.544,204.192,15.648,system_fenced_before_release
2048,receiver_dense,7,1,0,176,8,166.688,177.664,10.976,system_fenced_before_release
2048,receiver_dense,7,1,0,240,8,180.224,189.472,9.248,system_fenced_before_release
2048,receiver_dense,7,1,0,304,8,224.0,237.408,13.408,system_fenced_before_release
2048,receiver_dense,7,1,0,368,8,226.88,239.584,12.704,system_fenced_before_release
2048,receiver_dense,7,1,0,432,8,221.696,237.408,15.712,system_fenced_before_release
2048,receiver_dense,7,1,0,496,8,239.392,246.336,6.944,system_fenced_before_release
2048,receiver_dense,7,1,1,560,8,79.872,84.288,4.416,system_fenced_before_release
2048,receiver_dense,7,1,1,624,8,79.808,83.008,3.2,system_fenced_before_release
2048,receiver_dense,7,1,1,688,8,84.128,91.648,7.52,system_fenced_before_release
2048,receiver_dense,7,1,1,752,8,79.936,83.968,4.032,system_fenced_before_release
2048,receiver_dense,7,1,1,816,8,126.208,129.504,3.296,system_fenced_before_release
2048,receiver_dense,7,1,1,880,8,128.096,134.944,6.848,system_fenced_before_release
2048,receiver_dense,7,1,1,944,8,127.808,134.88,7.072,system_fenced_before_release
2048,receiver_dense,7,1,1,1008,8,133.376,140.32,6.944,system_fenced_before_release
2048,receiver_dense,8,1,0,0,8,143.968,152.832,8.864,system_fenced_before_release
2048,receiver_dense,8,1,0,64,8,144.0,150.528,6.528,system_fenced_before_release
2048,receiver_dense,8,1,0,128,8,155.2,162.496,7.296,system_fenced_before_release
2048,receiver_dense,8,1,0,192,8,163.488,174.112,10.624,system_fenced_before_release
2048,receiver_dense,8,1,0,256,8,191.008,202.432,11.424,system_fenced_before_release
2048,receiver_dense,8,1,0,320,8,214.848,228.48,13.632,system_fenced_before_release
2048,receiver_dense,8,1,0,384,8,198.528,208.064,9.536,system_fenced_before_release
2048,receiver_dense,8,1,0,448,8,191.744,208.0,16.256,system_fenced_before_release
2048,receiver_dense,8,1,1,512,8,75.84,78.784,2.944,system_fenced_before_release
2048,receiver_dense,8,1,1,576,8,76.032,84.384,8.352,system_fenced_before_release
2048,receiver_dense,8,1,1,640,8,75.968,80.768,4.8,system_fenced_before_release
2048,receiver_dense,8,1,1,704,8,75.776,80.832,5.056,system_fenced_before_release
2048,receiver_dense,8,1,1,768,8,113.248,117.696,4.448,system_fenced_before_release
2048,receiver_dense,8,1,1,832,8,113.504,119.616,6.112,system_fenced_before_release
2048,receiver_dense,8,1,1,896,8,113.472,119.712,6.24,system_fenced_before_release
2048,receiver_dense,8,1,1,960,8,113.504,119.648,6.144,system_fenced_before_release
2048,receiver_dense,9,1,0,16,8,177.28,188.128,10.848,system_fenced_before_release
2048,receiver_dense,9,1,0,80,8,193.408,209.088,15.68,system_fenced_before_release
2048,receiver_dense,9,1,0,144,8,180.224,191.008,10.784,system_fenced_before_release
2048,receiver_dense,9,1,0,208,8,192.256,205.344,13.088,system_fenced_before_release
2048,receiver_dense,9,1,0,272,8,226.08,239.648,13.568,system_fenced_before_release
2048,receiver_dense,9,1,0,336,8,231.904,242.016,10.112,system_fenced_before_release
2048,receiver_dense,9,1,0,400,8,240.608,256.352,15.744,system_fenced_before_release
2048,receiver_dense,9,1,0,464,8,235.808,251.296,15.488,system_fenced_before_release
2048,receiver_dense,9,1,1,528,8,84.064,90.592,6.528,system_fenced_before_release
2048,receiver_dense,9,1,1,592,8,84.192,92.16,7.968,system_fenced_before_release
2048,receiver_dense,9,1,1,656,8,80.384,83.616,3.232,system_fenced_before_release
2048,receiver_dense,9,1,1,720,8,80.416,85.792,5.376,system_fenced_before_release
2048,receiver_dense,9,1,1,784,8,126.592,133.568,6.976,system_fenced_before_release
2048,receiver_dense,9,1,1,848,8,126.496,131.776,5.28,system_fenced_before_release
2048,receiver_dense,9,1,1,912,8,128.448,131.776,3.328,system_fenced_before_release
2048,receiver_dense,9,1,1,976,8,133.664,155.392,21.728,system_fenced_before_release
2048,receiver_dense,10,1,0,32,8,139.904,147.264,7.36,system_fenced_before_release
2048,receiver_dense,10,1,0,96,8,139.808,147.264,7.456,system_fenced_before_release
2048,receiver_dense,10,1,0,160,8,152.32,165.408,13.088,system_fenced_before_release
2048,receiver_dense,10,1,0,224,8,152.16,165.376,13.216,system_fenced_before_release
2048,receiver_dense,10,1,0,288,8,207.904,225.12,17.216,system_fenced_before_release
2048,receiver_dense,10,1,0,352,8,211.552,230.048,18.496,system_fenced_before_release
2048,receiver_dense,10,1,0,416,8,214.208,234.112,19.904,system_fenced_before_release
2048,receiver_dense,10,1,0,480,8,198.176,211.168,12.992,system_fenced_before_release
2048,receiver_dense,10,1,1,544,8,72.448,76.992,4.544,system_fenced_before_release
2048,receiver_dense,10,1,1,608,8,72.416,76.128,3.712,system_fenced_before_release
2048,receiver_dense,10,1,1,672,8,73.088,77.376,4.288,system_fenced_before_release
2048,receiver_dense,10,1,1,736,8,72.448,76.992,4.544,system_fenced_before_release
2048,receiver_dense,10,1,1,800,8,109.088,116.256,7.168,system_fenced_before_release
2048,receiver_dense,10,1,1,864,8,108.992,115.584,6.592,system_fenced_before_release
2048,receiver_dense,10,1,1,928,8,109.888,116.16,6.272,system_fenced_before_release
2048,receiver_dense,10,1,1,992,8,110.112,116.288,6.176,system_fenced_before_release
2048,receiver_dense,11,1,0,48,8,187.072,203.744,16.672,system_fenced_before_release
2048,receiver_dense,11,1,0,112,8,189.728,205.12,15.392,system_fenced_before_release
2048,receiver_dense,11,1,0,176,8,164.48,174.24,9.76,system_fenced_before_release
2048,receiver_dense,11,1,0,240,8,171.04,185.184,14.144,system_fenced_before_release
2048,receiver_dense,11,1,0,304,8,223.744,243.168,19.424,system_fenced_before_release
2048,receiver_dense,11,1,0,368,8,221.312,237.792,16.48,system_fenced_before_release
2048,receiver_dense,11,1,0,432,8,222.912,245.376,22.464,system_fenced_before_release
2048,receiver_dense,11,1,0,496,8,223.488,241.376,17.888,system_fenced_before_release
2048,receiver_dense,11,1,1,560,8,79.328,83.488,4.16,system_fenced_before_release
2048,receiver_dense,11,1,1,624,8,79.36,83.584,4.224,system_fenced_before_release
2048,receiver_dense,11,1,1,688,8,79.52,83.52,4.0,system_fenced_before_release
2048,receiver_dense,11,1,1,752,8,79.2,82.656,3.456,system_fenced_before_release
2048,receiver_dense,11,1,1,816,8,125.632,130.4,4.768,system_fenced_before_release
2048,receiver_dense,11,1,1,880,8,132.096,139.392,7.296,system_fenced_before_release
2048,receiver_dense,11,1,1,944,8,133.44,141.184,7.744,system_fenced_before_release
2048,receiver_dense,11,1,1,1008,8,128.48,135.776,7.296,system_fenced_before_release
2048,receiver_dense,12,1,0,0,8,140.128,148.064,7.936,system_fenced_before_release
2048,receiver_dense,12,1,0,64,8,141.376,150.176,8.8,system_fenced_before_release
2048,receiver_dense,12,1,0,128,8,156.384,169.184,12.8,system_fenced_before_release
2048,receiver_dense,12,1,0,192,8,151.328,164.32,12.992,system_fenced_before_release
2048,receiver_dense,12,1,0,256,8,217.728,237.664,19.936,system_fenced_before_release
2048,receiver_dense,12,1,0,320,8,201.664,215.232,13.568,system_fenced_before_release
2048,receiver_dense,12,1,0,384,8,196.192,208.576,12.384,system_fenced_before_release
2048,receiver_dense,12,1,0,448,8,194.88,206.848,11.968,system_fenced_before_release
2048,receiver_dense,12,1,1,512,8,73.856,76.832,2.976,system_fenced_before_release
2048,receiver_dense,12,1,1,576,8,74.24,77.76,3.52,system_fenced_before_release
2048,receiver_dense,12,1,1,640,8,73.92,77.664,3.744,system_fenced_before_release
2048,receiver_dense,12,1,1,704,8,74.016,77.76,3.744,system_fenced_before_release
2048,receiver_dense,12,1,1,768,8,110.592,117.056,6.464,system_fenced_before_release
2048,receiver_dense,12,1,1,832,8,109.952,115.36,5.408,system_fenced_before_release
2048,receiver_dense,12,1,1,896,8,110.528,116.96,6.432,system_fenced_before_release
2048,receiver_dense,12,1,1,960,8,110.688,116.992,6.304,system_fenced_before_release
2048,receiver_dense,13,1,0,16,8,174.848,188.32,13.472,system_fenced_before_release
2048,receiver_dense,13,1,0,80,8,168.064,177.12,9.056,system_fenced_before_release
2048,receiver_dense,13,1,0,144,8,178.624,191.648,13.024,system_fenced_before_release
2048,receiver_dense,13,1,0,208,8,174.432,187.296,12.864,system_fenced_before_release
2048,receiver_dense,13,1,0,272,8,213.088,227.008,13.92,system_fenced_before_release
2048,receiver_dense,13,1,0,336,8,222.752,235.584,12.832,system_fenced_before_release
2048,receiver_dense,13,1,0,400,8,223.264,238.624,15.36,system_fenced_before_release
2048,receiver_dense,13,1,0,464,8,215.84,231.168,15.328,system_fenced_before_release
2048,receiver_dense,13,1,1,528,8,84.256,88.0,3.744,system_fenced_before_release
2048,receiver_dense,13,1,1,592,8,83.904,88.32,4.416,system_fenced_before_release
2048,receiver_dense,13,1,1,656,8,80.192,83.424,3.232,system_fenced_before_release
2048,receiver_dense,13,1,1,720,8,84.288,90.24,5.952,system_fenced_before_release
2048,receiver_dense,13,1,1,784,8,126.144,132.384,6.24,system_fenced_before_release
2048,receiver_dense,13,1,1,848,8,126.144,130.464,4.32,system_fenced_before_release
2048,receiver_dense,13,1,1,912,8,133.28,138.176,4.896,system_fenced_before_release
2048,receiver_dense,13,1,1,976,8,133.792,141.728,7.936,system_fenced_before_release
2048,receiver_dense,14,1,0,32,8,141.152,153.056,11.904,system_fenced_before_release
2048,receiver_dense,14,1,0,96,8,142.208,148.32,6.112,system_fenced_before_release
2048,receiver_dense,14,1,0,160,8,149.92,160.096,10.176,system_fenced_before_release
2048,receiver_dense,14,1,0,224,8,153.12,164.416,11.296,system_fenced_before_release
2048,receiver_dense,14,1,0,288,8,189.536,205.856,16.32,system_fenced_before_release
2048,receiver_dense,14,1,0,352,8,206.56,223.328,16.768,system_fenced_before_release
2048,receiver_dense,14,1,0,416,8,190.656,205.856,15.2,system_fenced_before_release
2048,receiver_dense,14,1,0,480,8,198.4,209.76,11.36,system_fenced_before_release
2048,receiver_dense,14,1,1,544,8,73.728,77.632,3.904,system_fenced_before_release
2048,receiver_dense,14,1,1,608,8,73.792,77.664,3.872,system_fenced_before_release
2048,receiver_dense,14,1,1,672,8,74.112,77.984,3.872,system_fenced_before_release
2048,receiver_dense,14,1,1,736,8,73.632,76.704,3.072,system_fenced_before_release
2048,receiver_dense,14,1,1,800,8,110.208,115.296,5.088,system_fenced_before_release
2048,receiver_dense,14,1,1,864,8,110.336,117.056,6.72,system_fenced_before_release
2048,receiver_dense,14,1,1,928,8,110.496,116.992,6.496,system_fenced_before_release
2048,receiver_dense,14,1,1,992,8,111.264,116.96,5.696,system_fenced_before_release
2048,receiver_dense,15,1,0,48,8,168.416,179.52,11.104,system_fenced_before_release
2048,receiver_dense,15,1,0,112,8,186.976,208.896,21.92,system_fenced_before_release
2048,receiver_dense,15,1,0,176,8,168.768,177.28,8.512,system_fenced_before_release
2048,receiver_dense,15,1,0,240,8,187.552,204.48,16.928,system_fenced_before_release
2048,receiver_dense,15,1,0,304,8,219.328,233.728,14.4,system_fenced_before_release
2048,receiver_dense,15,1,0,368,8,215.68,231.584,15.904,system_fenced_before_release
2048,receiver_dense,15,1,0,432,8,220.992,231.808,10.816,system_fenced_before_release
2048,receiver_dense,15,1,0,496,8,214.72,238.208,23.488,system_fenced_before_release
2048,receiver_dense,15,1,1,560,8,80.256,84.544,4.288,system_fenced_before_release
2048,receiver_dense,15,1,1,624,8,80.576,84.288,3.712,system_fenced_before_release
2048,receiver_dense,15,1,1,688,8,84.672,90.048,5.376,system_fenced_before_release
2048,receiver_dense,15,1,1,752,8,80.48,83.456,2.976,system_fenced_before_release
2048,receiver_dense,15,1,1,816,8,127.072,133.728,6.656,system_fenced_before_release
2048,receiver_dense,15,1,1,880,8,128.64,135.84,7.2,system_fenced_before_release
2048,receiver_dense,15,1,1,944,8,129.408,138.336,8.928,system_fenced_before_release
2048,receiver_dense,15,1,1,1008,8,133.632,141.92,8.288,system_fenced_before_release
2048,receiver_dense,16,1,0,0,8,142.016,150.88,8.864,system_fenced_before_release
2048,receiver_dense,16,1,0,64,8,141.12,155.456,14.336,system_fenced_before_release
2048,receiver_dense,16,1,0,128,8,152.832,167.008,14.176,system_fenced_before_release
2048,receiver_dense,16,1,0,192,8,152.64,165.184,12.544,system_fenced_before_release
2048,receiver_dense,16,1,0,256,8,191.776,204.928,13.152,system_fenced_before_release
2048,receiver_dense,16,1,0,320,8,193.984,207.424,13.44,system_fenced_before_release
2048,receiver_dense,16,1,0,384,8,214.592,236.768,22.176,system_fenced_before_release
2048,receiver_dense,16,1,0,448,8,198.016,214.08,16.064,system_fenced_before_release
2048,receiver_dense,16,1,1,512,8,73.312,76.448,3.136,system_fenced_before_release
2048,receiver_dense,16,1,1,576,8,73.344,77.632,4.288,system_fenced_before_release
2048,receiver_dense,16,1,1,640,8,73.312,77.184,3.872,system_fenced_before_release
2048,receiver_dense,16,1,1,704,8,73.344,77.28,3.936,system_fenced_before_release
2048,receiver_dense,16,1,1,768,8,109.472,114.784,5.312,system_fenced_before_release
2048,receiver_dense,16,1,1,832,8,110.208,116.48,6.272,system_fenced_before_release
2048,receiver_dense,16,1,1,896,8,109.984,116.48,6.496,system_fenced_before_release
2048,receiver_dense,16,1,1,960,8,110.336,116.544,6.208,system_fenced_before_release
2048,receiver_dense,17,1,0,16,8,192.064,207.744,15.68,system_fenced_before_release
2048,receiver_dense,17,1,0,80,8,188.544,205.376,16.832,system_fenced_before_release
2048,receiver_dense,17,1,0,144,8,194.912,211.872,16.96,system_fenced_before_release
2048,receiver_dense,17,1,0,208,8,181.152,195.36,14.208,system_fenced_before_release
2048,receiver_dense,17,1,0,272,8,231.872,245.312,13.44,system_fenced_before_release
2048,receiver_dense,17,1,0,336,8,225.824,245.888,20.064,system_fenced_before_release
2048,receiver_dense,17,1,0,400,8,231.04,251.2,20.16,system_fenced_before_release
2048,receiver_dense,17,1,0,464,8,221.28,236.352,15.072,system_fenced_before_release
2048,receiver_dense,17,1,1,528,8,79.264,83.328,4.064,system_fenced_before_release
2048,receiver_dense,17,1,1,592,8,83.52,91.424,7.904,system_fenced_before_release
2048,receiver_dense,17,1,1,656,8,79.296,82.432,3.136,system_fenced_before_release
2048,receiver_dense,17,1,1,720,8,79.264,83.328,4.064,system_fenced_before_release
2048,receiver_dense,17,1,1,784,8,126.336,131.936,5.6,system_fenced_before_release
2048,receiver_dense,17,1,1,848,8,126.464,130.016,3.552,system_fenced_before_release
2048,receiver_dense,17,1,1,912,8,133.056,153.728,20.672,system_fenced_before_release
2048,receiver_dense,17,1,1,976,8,132.704,153.152,20.448,system_fenced_before_release
2048,receiver_dense,18,1,0,32,8,140.896,185.184,44.288,system_fenced_before_release
2048,receiver_dense,18,1,0,96,8,140.608,181.856,41.248,system_fenced_before_release
2048,receiver_dense,18,1,0,160,8,197.344,206.56,9.216,system_fenced_before_release
2048,receiver_dense,18,1,0,224,8,194.144,204.384,10.24,system_fenced_before_release
2048,receiver_dense,18,1,0,288,8,235.072,245.376,10.304,system_fenced_before_release
2048,receiver_dense,18,1,0,352,8,234.656,245.376,10.72,system_fenced_before_release
2048,receiver_dense,18,1,0,416,8,255.552,281.056,25.504,system_fenced_before_release
2048,receiver_dense,18,1,0,480,8,256.48,282.784,26.304,system_fenced_before_release
2048,receiver_dense,18,1,1,544,8,73.952,78.336,4.384,system_fenced_before_release
2048,receiver_dense,18,1,1,608,8,73.824,77.6,3.776,system_fenced_before_release
2048,receiver_dense,18,1,1,672,8,73.92,78.368,4.448,system_fenced_before_release
2048,receiver_dense,18,1,1,736,8,73.792,78.368,4.576,system_fenced_before_release
2048,receiver_dense,18,1,1,800,8,110.336,118.4,8.064,system_fenced_before_release
2048,receiver_dense,18,1,1,864,8,110.144,118.24,8.096,system_fenced_before_release
2048,receiver_dense,18,1,1,928,8,110.304,115.552,5.248,system_fenced_before_release
2048,receiver_dense,18,1,1,992,8,111.168,118.368,7.2,system_fenced_before_release
2048,receiver_dense,19,1,0,48,8,190.784,211.392,20.608,system_fenced_before_release
2048,receiver_dense,19,1,0,112,8,196.256,221.504,25.248,system_fenced_before_release
2048,receiver_dense,19,1,0,176,8,163.552,174.88,11.328,system_fenced_before_release
2048,receiver_dense,19,1,0,240,8,181.472,195.584,14.112,system_fenced_before_release
2048,receiver_dense,19,1,0,304,8,228.352,243.136,14.784,system_fenced_before_release
2048,receiver_dense,19,1,0,368,8,216.8,232.064,15.264,system_fenced_before_release
2048,receiver_dense,19,1,0,432,8,227.36,242.816,15.456,system_fenced_before_release
2048,receiver_dense,19,1,0,496,8,222.88,236.576,13.696,system_fenced_before_release
2048,receiver_dense,19,1,1,560,8,88.288,95.84,7.552,system_fenced_before_release
2048,receiver_dense,19,1,1,624,8,84.672,90.752,6.08,system_fenced_before_release
2048,receiver_dense,19,1,1,688,8,88.416,95.808,7.392,system_fenced_before_release
2048,receiver_dense,19,1,1,752,8,84.64,88.768,4.128,system_fenced_before_release
2048,receiver_dense,19,1,1,816,8,130.048,136.64,6.592,system_fenced_before_release
2048,receiver_dense,19,1,1,880,8,131.776,138.56,6.784,system_fenced_before_release
2048,receiver_dense,19,1,1,944,8,133.12,144.736,11.616,system_fenced_before_release
2048,receiver_dense,19,1,1,1008,8,134.112,146.848,12.736,system_fenced_before_release
8192,producer_sparse,0,0,0,0,8,113.376,113.504,0.128,issued_by_all_threads
8192,producer_sparse,0,0,0,256,8,242.944,243.136,0.192,issued_by_all_threads
8192,producer_sparse,0,0,1,512,8,374.976,375.2,0.224,issued_by_all_threads
8192,producer_sparse,0,0,1,768,8,556.544,556.832,0.288,issued_by_all_threads
8192,producer_sparse,1,0,0,64,8,111.712,111.84,0.128,issued_by_all_threads
8192,producer_sparse,1,0,0,320,8,242.816,243.008,0.192,issued_by_all_threads
8192,producer_sparse,1,0,1,576,8,368.0,373.984,5.984,issued_by_all_threads
8192,producer_sparse,1,0,1,832,8,546.496,546.688,0.192,issued_by_all_threads
8192,producer_sparse,2,0,0,128,8,111.232,111.36,0.128,issued_by_all_threads
8192,producer_sparse,2,0,0,384,8,244.512,244.672,0.16,issued_by_all_threads
8192,producer_sparse,2,0,1,640,8,360.96,361.12,0.16,issued_by_all_threads
8192,producer_sparse,2,0,1,896,8,508.352,508.512,0.16,issued_by_all_threads
8192,producer_sparse,3,0,0,192,8,110.496,110.592,0.096,issued_by_all_threads
8192,producer_sparse,3,0,0,448,8,243.296,243.488,0.192,issued_by_all_threads
8192,producer_sparse,3,0,1,704,8,362.24,362.464,0.224,issued_by_all_threads
8192,producer_sparse,3,0,1,960,8,507.488,507.616,0.128,issued_by_all_threads
8192,producer_sparse,4,0,0,0,8,112.064,112.16,0.096,issued_by_all_threads
8192,producer_sparse,4,0,0,256,8,238.752,238.912,0.16,issued_by_all_threads
8192,producer_sparse,4,0,1,512,8,351.776,353.216,1.44,issued_by_all_threads
8192,producer_sparse,4,0,1,768,8,520.608,520.768,0.16,issued_by_all_threads
8192,producer_sparse,5,0,0,64,8,110.368,110.464,0.096,issued_by_all_threads
8192,producer_sparse,5,0,0,320,8,237.344,237.472,0.128,issued_by_all_threads
8192,producer_sparse,5,0,1,576,8,345.024,345.152,0.128,issued_by_all_threads
8192,producer_sparse,5,0,1,832,8,509.568,510.016,0.448,issued_by_all_threads
8192,producer_sparse,6,0,0,128,8,110.4,110.496,0.096,issued_by_all_threads
8192,producer_sparse,6,0,0,384,8,243.52,243.648,0.128,issued_by_all_threads
8192,producer_sparse,6,0,1,640,8,361.76,363.104,1.344,issued_by_all_threads
8192,producer_sparse,6,0,1,896,8,516.768,516.96,0.192,issued_by_all_threads
8192,producer_sparse,7,0,0,192,8,110.72,110.816,0.096,issued_by_all_threads
8192,producer_sparse,7,0,0,448,8,243.104,243.264,0.16,issued_by_all_threads
8192,producer_sparse,7,0,1,704,8,366.272,366.496,0.224,issued_by_all_threads
8192,producer_sparse,7,0,1,960,8,524.032,525.088,1.056,issued_by_all_threads
8192,producer_sparse,8,0,0,0,8,109.664,109.792,0.128,issued_by_all_threads
8192,producer_sparse,8,0,0,256,8,235.424,235.616,0.192,issued_by_all_threads
8192,producer_sparse,8,0,1,512,8,344.64,344.8,0.16,issued_by_all_threads
8192,producer_sparse,8,0,1,768,8,504.448,504.576,0.128,issued_by_all_threads
8192,producer_sparse,9,0,0,64,8,111.104,111.2,0.096,issued_by_all_threads
8192,producer_sparse,9,0,0,320,8,237.504,237.728,0.224,issued_by_all_threads
8192,producer_sparse,9,0,1,576,8,345.376,345.536,0.16,issued_by_all_threads
8192,producer_sparse,9,0,1,832,8,503.552,503.68,0.128,issued_by_all_threads
8192,producer_sparse,10,0,0,128,8,112.768,112.864,0.096,issued_by_all_threads
8192,producer_sparse,10,0,0,384,8,244.384,244.576,0.192,issued_by_all_threads
8192,producer_sparse,10,0,1,640,8,346.528,346.72,0.192,issued_by_all_threads
8192,producer_sparse,10,0,1,896,8,512.608,513.184,0.576,issued_by_all_threads
8192,producer_sparse,11,0,0,192,8,110.496,110.592,0.096,issued_by_all_threads
8192,producer_sparse,11,0,0,448,8,243.36,243.456,0.096,issued_by_all_threads
8192,producer_sparse,11,0,1,704,8,361.728,361.856,0.128,issued_by_all_threads
8192,producer_sparse,11,0,1,960,8,510.784,511.392,0.608,issued_by_all_threads
8192,producer_sparse,12,0,0,0,8,111.872,112.0,0.128,issued_by_all_threads
8192,producer_sparse,12,0,0,256,8,237.248,237.408,0.16,issued_by_all_threads
8192,producer_sparse,12,0,1,512,8,346.56,346.688,0.128,issued_by_all_threads
8192,producer_sparse,12,0,1,768,8,505.056,505.184,0.128,issued_by_all_threads
8192,producer_sparse,13,0,0,64,8,109.408,109.536,0.128,issued_by_all_threads
8192,producer_sparse,13,0,0,320,8,234.816,235.008,0.192,issued_by_all_threads
8192,producer_sparse,13,0,1,576,8,343.776,343.936,0.16,issued_by_all_threads
8192,producer_sparse,13,0,1,832,8,510.464,511.104,0.64,issued_by_all_threads
8192,producer_sparse,14,0,0,128,8,114.88,114.976,0.096,issued_by_all_threads
8192,producer_sparse,14,0,0,384,8,246.432,246.56,0.128,issued_by_all_threads
8192,producer_sparse,14,0,1,640,8,349.152,349.312,0.16,issued_by_all_threads
8192,producer_sparse,14,0,1,896,8,529.088,529.28,0.192,issued_by_all_threads
8192,producer_sparse,15,0,0,192,8,111.808,111.936,0.128,issued_by_all_threads
8192,producer_sparse,15,0,0,448,8,243.84,244.032,0.192,issued_by_all_threads
8192,producer_sparse,15,0,1,704,8,349.536,349.792,0.256,issued_by_all_threads
8192,producer_sparse,15,0,1,960,8,529.184,530.88,1.696,issued_by_all_threads
8192,producer_sparse,16,0,0,0,8,109.312,109.408,0.096,issued_by_all_threads
8192,producer_sparse,16,0,0,256,8,234.4,234.528,0.128,issued_by_all_threads
8192,producer_sparse,16,0,1,512,8,343.456,343.584,0.128,issued_by_all_threads
8192,producer_sparse,16,0,1,768,8,498.432,498.624,0.192,issued_by_all_threads
8192,producer_sparse,17,0,0,64,8,112.032,112.128,0.096,issued_by_all_threads
8192,producer_sparse,17,0,0,320,8,237.312,237.472,0.16,issued_by_all_threads
8192,producer_sparse,17,0,1,576,8,346.272,346.432,0.16,issued_by_all_threads
8192,producer_sparse,17,0,1,832,8,507.168,507.392,0.224,issued_by_all_threads
8192,producer_sparse,18,0,0,128,8,109.216,109.344,0.128,issued_by_all_threads
8192,producer_sparse,18,0,0,384,8,241.408,241.504,0.096,issued_by_all_threads
8192,producer_sparse,18,0,1,640,8,366.432,366.624,0.192,issued_by_all_threads
8192,producer_sparse,18,0,1,896,8,500.672,500.832,0.16,issued_by_all_threads
8192,producer_sparse,19,0,0,192,8,111.52,111.616,0.096,issued_by_all_threads
8192,producer_sparse,19,0,0,448,8,243.776,243.968,0.192,issued_by_all_threads
8192,producer_sparse,19,0,1,704,8,360.256,360.416,0.16,issued_by_all_threads
8192,producer_sparse,19,0,1,960,8,523.168,523.488,0.32,issued_by_all_threads
8192,producer_sparse,0,1,0,0,8,368.128,368.288,0.16,issued_by_all_threads
8192,producer_sparse,0,1,0,256,8,529.408,529.6,0.192,issued_by_all_threads
8192,producer_sparse,0,1,1,512,8,116.288,116.416,0.128,issued_by_all_threads
8192,producer_sparse,0,1,1,768,8,248.576,248.768,0.192,issued_by_all_threads
8192,producer_sparse,1,1,0,64,8,371.872,372.224,0.352,issued_by_all_threads
8192,producer_sparse,1,1,0,320,8,519.68,519.84,0.16,issued_by_all_threads
8192,producer_sparse,1,1,1,576,8,114.656,114.784,0.128,issued_by_all_threads
8192,producer_sparse,1,1,1,832,8,247.168,247.36,0.192,issued_by_all_threads
8192,producer_sparse,2,1,0,128,8,355.296,355.488,0.192,issued_by_all_threads
8192,producer_sparse,2,1,0,384,8,527.264,527.648,0.384,issued_by_all_threads
8192,producer_sparse,2,1,1,640,8,115.232,115.328,0.096,issued_by_all_threads
8192,producer_sparse,2,1,1,896,8,250.944,251.04,0.096,issued_by_all_threads
8192,producer_sparse,3,1,0,192,8,361.76,361.92,0.16,issued_by_all_threads
8192,producer_sparse,3,1,0,448,8,515.968,516.16,0.192,issued_by_all_threads
8192,producer_sparse,3,1,1,704,8,113.504,113.6,0.096,issued_by_all_threads
8192,producer_sparse,3,1,1,960,8,248.384,248.576,0.192,issued_by_all_threads
8192,producer_sparse,4,1,0,0,8,362.848,363.008,0.16,issued_by_all_threads
8192,producer_sparse,4,1,0,256,8,506.912,507.136,0.224,issued_by_all_threads
8192,producer_sparse,4,1,1,512,8,114.208,114.336,0.128,issued_by_all_threads
8192,producer_sparse,4,1,1,768,8,242.272,242.432,0.16,issued_by_all_threads
8192,producer_sparse,5,1,0,64,8,350.784,351.008,0.224,issued_by_all_threads
8192,producer_sparse,5,1,0,320,8,515.296,515.456,0.16,issued_by_all_threads
8192,producer_sparse,5,1,1,576,8,112.48,112.608,0.128,issued_by_all_threads
8192,producer_sparse,5,1,1,832,8,240.544,240.736,0.192,issued_by_all_threads
8192,producer_sparse,6,1,0,128,8,364.928,365.12,0.192,issued_by_all_threads
8192,producer_sparse,6,1,0,384,8,524.96,526.848,1.888,issued_by_all_threads
8192,producer_sparse,6,1,1,640,8,114.528,114.656,0.128,issued_by_all_threads
8192,producer_sparse,6,1,1,896,8,248.704,248.896,0.192,issued_by_all_threads
8192,producer_sparse,7,1,0,192,8,370.272,370.4,0.128,issued_by_all_threads
8192,producer_sparse,7,1,0,448,8,520.0,520.192,0.192,issued_by_all_threads
8192,producer_sparse,7,1,1,704,8,114.176,114.272,0.096,issued_by_all_threads
8192,producer_sparse,7,1,1,960,8,248.384,248.576,0.192,issued_by_all_threads
8192,producer_sparse,8,1,0,0,8,350.272,350.464,0.192,issued_by_all_threads
8192,producer_sparse,8,1,0,256,8,512.448,512.64,0.192,issued_by_all_threads
8192,producer_sparse,8,1,1,512,8,112.224,112.32,0.096,issued_by_all_threads
8192,producer_sparse,8,1,1,768,8,239.168,239.328,0.16,issued_by_all_threads
8192,producer_sparse,9,1,0,64,8,358.56,358.944,0.384,issued_by_all_threads
8192,producer_sparse,9,1,0,320,8,504.576,504.704,0.128,issued_by_all_threads
8192,producer_sparse,9,1,1,576,8,112.0,112.096,0.096,issued_by_all_threads
8192,producer_sparse,9,1,1,832,8,238.688,238.816,0.128,issued_by_all_threads
8192,producer_sparse,10,1,0,128,8,351.872,352.0,0.128,issued_by_all_threads
8192,producer_sparse,10,1,0,384,8,516.224,516.352,0.128,issued_by_all_threads
8192,producer_sparse,10,1,1,640,8,114.336,114.432,0.096,issued_by_all_threads
8192,producer_sparse,10,1,1,896,8,247.712,247.904,0.192,issued_by_all_threads
8192,producer_sparse,11,1,0,192,8,352.832,353.024,0.192,issued_by_all_threads
8192,producer_sparse,11,1,0,448,8,516.128,517.28,1.152,issued_by_all_threads
8192,producer_sparse,11,1,1,704,8,111.392,111.488,0.096,issued_by_all_threads
8192,producer_sparse,11,1,1,960,8,246.368,246.496,0.128,issued_by_all_threads
8192,producer_sparse,12,1,0,0,8,363.808,363.968,0.16,issued_by_all_threads
8192,producer_sparse,12,1,0,256,8,507.456,507.584,0.128,issued_by_all_threads
8192,producer_sparse,12,1,1,512,8,110.976,111.072,0.096,issued_by_all_threads
8192,producer_sparse,12,1,1,768,8,238.496,238.72,0.224,issued_by_all_threads
8192,producer_sparse,13,1,0,64,8,350.24,350.368,0.128,issued_by_all_threads
8192,producer_sparse,13,1,0,320,8,513.312,513.824,0.512,issued_by_all_threads
8192,producer_sparse,13,1,1,576,8,112.928,113.056,0.128,issued_by_all_threads
8192,producer_sparse,13,1,1,832,8,239.424,239.552,0.128,issued_by_all_threads
8192,producer_sparse,14,1,0,128,8,360.736,360.928,0.192,issued_by_all_threads
8192,producer_sparse,14,1,0,384,8,518.72,518.912,0.192,issued_by_all_threads
8192,producer_sparse,14,1,1,640,8,111.744,111.84,0.096,issued_by_all_threads
8192,producer_sparse,14,1,1,896,8,245.568,245.76,0.192,issued_by_all_threads
8192,producer_sparse,15,1,0,192,8,355.872,356.096,0.224,issued_by_all_threads
8192,producer_sparse,15,1,0,448,8,524.8,525.568,0.768,issued_by_all_threads
8192,producer_sparse,15,1,1,704,8,112.672,112.8,0.128,issued_by_all_threads
8192,producer_sparse,15,1,1,960,8,246.144,246.336,0.192,issued_by_all_threads
8192,producer_sparse,16,1,0,0,8,361.312,361.472,0.16,issued_by_all_threads
8192,producer_sparse,16,1,0,256,8,508.256,508.448,0.192,issued_by_all_threads
8192,producer_sparse,16,1,1,512,8,110.336,110.432,0.096,issued_by_all_threads
8192,producer_sparse,16,1,1,768,8,238.304,238.464,0.16,issued_by_all_threads
8192,producer_sparse,17,1,0,64,8,349.792,349.952,0.16,issued_by_all_threads
8192,producer_sparse,17,1,0,320,8,513.44,513.568,0.128,issued_by_all_threads
8192,producer_sparse,17,1,1,576,8,112.224,112.32,0.096,issued_by_all_threads
8192,producer_sparse,17,1,1,832,8,239.456,239.68,0.224,issued_by_all_threads
8192,producer_sparse,18,1,0,128,8,350.56,351.936,1.376,issued_by_all_threads
8192,producer_sparse,18,1,0,384,8,522.816,522.944,0.128,issued_by_all_threads
8192,producer_sparse,18,1,1,640,8,113.504,113.6,0.096,issued_by_all_threads
8192,producer_sparse,18,1,1,896,8,247.68,247.872,0.192,issued_by_all_threads
8192,producer_sparse,19,1,0,192,8,363.968,364.128,0.16,issued_by_all_threads
8192,producer_sparse,19,1,0,448,8,515.712,515.84,0.128,issued_by_all_threads
8192,producer_sparse,19,1,1,704,8,114.784,114.88,0.096,issued_by_all_threads
8192,producer_sparse,19,1,1,960,8,248.256,248.416,0.16,issued_by_all_threads
8192,publication_sparse,0,0,0,0,8,111.968,116.128,4.16,system_fenced_before_release
8192,publication_sparse,0,0,0,256,8,247.072,251.936,4.864,system_fenced_before_release
8192,publication_sparse,0,0,1,512,8,362.08,366.176,4.096,system_fenced_before_release
8192,publication_sparse,0,0,1,768,8,540.928,548.64,7.712,system_fenced_before_release
8192,publication_sparse,1,0,0,64,8,113.184,117.76,4.576,system_fenced_before_release
8192,publication_sparse,1,0,0,320,8,244.032,247.52,3.488,system_fenced_before_release
8192,publication_sparse,1,0,1,576,8,357.344,383.84,26.496,system_fenced_before_release
8192,publication_sparse,1,0,1,832,8,525.664,534.752,9.088,system_fenced_before_release
8192,publication_sparse,2,0,0,128,8,112.384,115.52,3.136,system_fenced_before_release
8192,publication_sparse,2,0,0,384,8,247.072,251.52,4.448,system_fenced_before_release
8192,publication_sparse,2,0,1,640,8,348.416,353.792,5.376,system_fenced_before_release
8192,publication_sparse,2,0,1,896,8,517.824,525.376,7.552,system_fenced_before_release
8192,publication_sparse,3,0,0,192,8,111.008,114.24,3.232,system_fenced_before_release
8192,publication_sparse,3,0,0,448,8,243.904,248.992,5.088,system_fenced_before_release
8192,publication_sparse,3,0,1,704,8,351.232,357.856,6.624,system_fenced_before_release
8192,publication_sparse,3,0,1,960,8,515.904,524.48,8.576,system_fenced_before_release
8192,publication_sparse,4,0,0,0,8,111.296,114.944,3.648,system_fenced_before_release
8192,publication_sparse,4,0,0,256,8,237.44,240.832,3.392,system_fenced_before_release
8192,publication_sparse,4,0,1,512,8,347.392,363.584,16.192,system_fenced_before_release
8192,publication_sparse,4,0,1,768,8,521.728,527.072,5.344,system_fenced_before_release
8192,publication_sparse,5,0,0,64,8,110.624,114.176,3.552,system_fenced_before_release
8192,publication_sparse,5,0,0,320,8,237.504,243.36,5.856,system_fenced_before_release
8192,publication_sparse,5,0,1,576,8,358.208,379.52,21.312,system_fenced_before_release
8192,publication_sparse,5,0,1,832,8,523.904,529.824,5.92,system_fenced_before_release
8192,publication_sparse,6,0,0,128,8,111.552,115.648,4.096,system_fenced_before_release
8192,publication_sparse,6,0,0,384,8,244.672,251.104,6.432,system_fenced_before_release
8192,publication_sparse,6,0,1,640,8,346.496,350.016,3.52,system_fenced_before_release
8192,publication_sparse,6,0,1,896,8,505.376,511.744,6.368,system_fenced_before_release
8192,publication_sparse,7,0,0,192,8,109.92,113.056,3.136,system_fenced_before_release
8192,publication_sparse,7,0,0,448,8,242.912,246.624,3.712,system_fenced_before_release
8192,publication_sparse,7,0,1,704,8,373.28,377.856,4.576,system_fenced_before_release
8192,publication_sparse,7,0,1,960,8,531.776,536.992,5.216,system_fenced_before_release
8192,publication_sparse,8,0,0,0,8,110.752,114.912,4.16,system_fenced_before_release
8192,publication_sparse,8,0,0,256,8,236.352,240.352,4.0,system_fenced_before_release
8192,publication_sparse,8,0,1,512,8,359.936,374.016,14.08,system_fenced_before_release
8192,publication_sparse,8,0,1,768,8,514.368,523.616,9.248,system_fenced_before_release
8192,publication_sparse,9,0,0,64,8,110.848,114.816,3.968,system_fenced_before_release
8192,publication_sparse,9,0,0,320,8,236.416,243.2,6.784,system_fenced_before_release
8192,publication_sparse,9,0,1,576,8,345.12,348.32,3.2,system_fenced_before_release
8192,publication_sparse,9,0,1,832,8,505.28,516.0,10.72,system_fenced_before_release
8192,publication_sparse,10,0,0,128,8,114.08,117.408,3.328,system_fenced_before_release
8192,publication_sparse,10,0,0,384,8,246.304,249.472,3.168,system_fenced_before_release
8192,publication_sparse,10,0,1,640,8,347.712,353.728,6.016,system_fenced_before_release
8192,publication_sparse,10,0,1,896,8,515.232,524.256,9.024,system_fenced_before_release
8192,publication_sparse,11,0,0,192,8,111.168,114.784,3.616,system_fenced_before_release
8192,publication_sparse,11,0,0,448,8,243.136,246.4,3.264,system_fenced_before_release
8192,publication_sparse,11,0,1,704,8,351.008,362.816,11.808,system_fenced_before_release
8192,publication_sparse,11,0,1,960,8,524.48,531.776,7.296,system_fenced_before_release
8192,publication_sparse,12,0,0,0,8,111.104,114.464,3.36,system_fenced_before_release
8192,publication_sparse,12,0,0,256,8,236.448,240.448,4.0,system_fenced_before_release
8192,publication_sparse,12,0,1,512,8,348.16,362.72,14.56,system_fenced_before_release
8192,publication_sparse,12,0,1,768,8,497.76,501.632,3.872,system_fenced_before_release
8192,publication_sparse,13,0,0,64,8,109.824,113.856,4.032,system_fenced_before_release
8192,publication_sparse,13,0,0,320,8,235.52,241.6,6.08,system_fenced_before_release
8192,publication_sparse,13,0,1,576,8,359.968,375.712,15.744,system_fenced_before_release
8192,publication_sparse,13,0,1,832,8,505.984,519.456,13.472,system_fenced_before_release
8192,publication_sparse,14,0,0,128,8,108.704,112.736,4.032,system_fenced_before_release
8192,publication_sparse,14,0,0,384,8,240.768,245.408,4.64,system_fenced_before_release
8192,publication_sparse,14,0,1,640,8,342.24,345.984,3.744,system_fenced_before_release
8192,publication_sparse,14,0,1,896,8,509.536,516.128,6.592,system_fenced_before_release
8192,publication_sparse,15,0,0,192,8,109.312,112.48,3.168,system_fenced_before_release
8192,publication_sparse,15,0,0,448,8,241.056,244.512,3.456,system_fenced_before_release
8192,publication_sparse,15,0,1,704,8,356.768,362.88,6.112,system_fenced_before_release
8192,publication_sparse,15,0,1,960,8,500.544,507.136,6.592,system_fenced_before_release
8192,publication_sparse,16,0,0,0,8,110.816,116.128,5.312,system_fenced_before_release
8192,publication_sparse,16,0,0,256,8,235.52,240.0,4.48,system_fenced_before_release
8192,publication_sparse,16,0,1,512,8,344.352,363.424,19.072,system_fenced_before_release
8192,publication_sparse,16,0,1,768,8,501.28,512.928,11.648,system_fenced_before_release
8192,publication_sparse,17,0,0,64,8,111.744,115.488,3.744,system_fenced_before_release
8192,publication_sparse,17,0,0,320,8,236.928,241.728,4.8,system_fenced_before_release
8192,publication_sparse,17,0,1,576,8,346.08,374.08,28.0,system_fenced_before_release
8192,publication_sparse,17,0,1,832,8,516.736,521.344,4.608,system_fenced_before_release
8192,publication_sparse,18,0,0,128,8,109.952,112.928,2.976,system_fenced_before_release
8192,publication_sparse,18,0,0,384,8,241.888,245.056,3.168,system_fenced_before_release
8192,publication_sparse,18,0,1,640,8,344.416,347.968,3.552,system_fenced_before_release
8192,publication_sparse,18,0,1,896,8,514.656,520.128,5.472,system_fenced_before_release
8192,publication_sparse,19,0,0,192,8,110.784,114.112,3.328,system_fenced_before_release
8192,publication_sparse,19,0,0,448,8,242.176,245.792,3.616,system_fenced_before_release
8192,publication_sparse,19,0,1,704,8,352.512,365.088,12.576,system_fenced_before_release
8192,publication_sparse,19,0,1,960,8,499.392,510.656,11.264,system_fenced_before_release
8192,publication_sparse,0,1,0,0,8,372.16,376.768,4.608,system_fenced_before_release
8192,publication_sparse,0,1,0,256,8,550.144,556.576,6.432,system_fenced_before_release
8192,publication_sparse,0,1,1,512,8,115.552,119.904,4.352,system_fenced_before_release
8192,publication_sparse,0,1,1,768,8,255.52,259.776,4.256,system_fenced_before_release
8192,publication_sparse,1,1,0,64,8,383.872,389.536,5.664,system_fenced_before_release
8192,publication_sparse,1,1,0,320,8,526.848,531.328,4.48,system_fenced_before_release
8192,publication_sparse,1,1,1,576,8,115.264,118.784,3.52,system_fenced_before_release
8192,publication_sparse,1,1,1,832,8,248.096,253.536,5.44,system_fenced_before_release
8192,publication_sparse,2,1,0,128,8,353.216,357.184,3.968,system_fenced_before_release
8192,publication_sparse,2,1,0,384,8,528.416,535.872,7.456,system_fenced_before_release
8192,publication_sparse,2,1,1,640,8,113.696,116.928,3.232,system_fenced_before_release
8192,publication_sparse,2,1,1,896,8,249.472,252.672,3.2,system_fenced_before_release
8192,publication_sparse,3,1,0,192,8,357.888,361.472,3.584,system_fenced_before_release
8192,publication_sparse,3,1,0,448,8,521.76,532.736,10.976,system_fenced_before_release
8192,publication_sparse,3,1,1,704,8,114.304,117.792,3.488,system_fenced_before_release
8192,publication_sparse,3,1,1,960,8,248.896,252.128,3.232,system_fenced_before_release
8192,publication_sparse,4,1,0,0,8,359.2,369.312,10.112,system_fenced_before_release
8192,publication_sparse,4,1,0,256,8,509.216,516.256,7.04,system_fenced_before_release
8192,publication_sparse,4,1,1,512,8,113.12,116.768,3.648,system_fenced_before_release
8192,publication_sparse,4,1,1,768,8,241.12,244.224,3.104,system_fenced_before_release
8192,publication_sparse,5,1,0,64,8,358.976,381.408,22.432,system_fenced_before_release
8192,publication_sparse,5,1,0,320,8,505.088,509.152,4.064,system_fenced_before_release
8192,publication_sparse,5,1,1,576,8,114.112,117.6,3.488,system_fenced_before_release
8192,publication_sparse,5,1,1,832,8,241.92,247.232,5.312,system_fenced_before_release
8192,publication_sparse,6,1,0,128,8,351.04,355.104,4.064,system_fenced_before_release
8192,publication_sparse,6,1,0,384,8,522.24,531.104,8.864,system_fenced_before_release
8192,publication_sparse,6,1,1,640,8,112.512,115.904,3.392,system_fenced_before_release
8192,publication_sparse,6,1,1,896,8,246.848,250.432,3.584,system_fenced_before_release
8192,publication_sparse,7,1,0,192,8,365.76,376.992,11.232,system_fenced_before_release
8192,publication_sparse,7,1,0,448,8,514.656,524.64,9.984,system_fenced_before_release
8192,publication_sparse,7,1,1,704,8,112.192,117.024,4.832,system_fenced_before_release
8192,publication_sparse,7,1,1,960,8,246.528,252.16,5.632,system_fenced_before_release
8192,publication_sparse,8,1,0,0,8,352.288,365.312,13.024,system_fenced_before_release
8192,publication_sparse,8,1,0,256,8,510.08,517.76,7.68,system_fenced_before_release
8192,publication_sparse,8,1,1,512,8,114.112,117.6,3.488,system_fenced_before_release
8192,publication_sparse,8,1,1,768,8,241.792,247.136,5.344,system_fenced_before_release
8192,publication_sparse,9,1,0,64,8,349.664,354.176,4.512,system_fenced_before_release
8192,publication_sparse,9,1,0,320,8,514.336,522.496,8.16,system_fenced_before_release
8192,publication_sparse,9,1,1,576,8,110.944,114.752,3.808,system_fenced_before_release
8192,publication_sparse,9,1,1,832,8,238.176,243.488,5.312,system_fenced_before_release
8192,publication_sparse,10,1,0,128,8,352.64,358.688,6.048,system_fenced_before_release
8192,publication_sparse,10,1,0,384,8,513.344,524.896,11.552,system_fenced_before_release
8192,publication_sparse,10,1,1,640,8,112.48,119.392,6.912,system_fenced_before_release
8192,publication_sparse,10,1,1,896,8,245.664,248.992,3.328,system_fenced_before_release
8192,publication_sparse,11,1,0,192,8,364.224,369.44,5.216,system_fenced_before_release
8192,publication_sparse,11,1,0,448,8,507.648,514.368,6.72,system_fenced_before_release
8192,publication_sparse,11,1,1,704,8,111.424,115.392,3.968,system_fenced_before_release
8192,publication_sparse,11,1,1,960,8,245.344,249.184,3.84,system_fenced_before_release
8192,publication_sparse,12,1,0,0,8,350.56,361.696,11.136,system_fenced_before_release
8192,publication_sparse,12,1,0,256,8,508.992,515.776,6.784,system_fenced_before_release
8192,publication_sparse,12,1,1,512,8,113.152,116.608,3.456,system_fenced_before_release
8192,publication_sparse,12,1,1,768,8,239.68,245.28,5.6,system_fenced_before_release
8192,publication_sparse,13,1,0,64,8,365.376,371.232,5.856,system_fenced_before_release
8192,publication_sparse,13,1,0,320,8,508.864,519.04,10.176,system_fenced_before_release
8192,publication_sparse,13,1,1,576,8,112.128,115.392,3.264,system_fenced_before_release
8192,publication_sparse,13,1,1,832,8,239.584,243.424,3.84,system_fenced_before_release
8192,publication_sparse,14,1,0,128,8,347.84,351.68,3.84,system_fenced_before_release
8192,publication_sparse,14,1,0,384,8,518.336,525.056,6.72,system_fenced_before_release
8192,publication_sparse,14,1,1,640,8,111.072,115.072,4.0,system_fenced_before_release
8192,publication_sparse,14,1,1,896,8,244.576,248.0,3.424,system_fenced_before_release
8192,publication_sparse,15,1,0,192,8,356.8,362.624,5.824,system_fenced_before_release
8192,publication_sparse,15,1,0,448,8,520.224,526.688,6.464,system_fenced_before_release
8192,publication_sparse,15,1,1,704,8,111.712,115.168,3.456,system_fenced_before_release
8192,publication_sparse,15,1,1,960,8,244.832,248.48,3.648,system_fenced_before_release
8192,publication_sparse,16,1,0,0,8,359.296,364.864,5.568,system_fenced_before_release
8192,publication_sparse,16,1,0,256,8,510.56,518.112,7.552,system_fenced_before_release
8192,publication_sparse,16,1,1,512,8,112.032,115.36,3.328,system_fenced_before_release
8192,publication_sparse,16,1,1,768,8,240.16,243.936,3.776,system_fenced_before_release
8192,publication_sparse,17,1,0,64,8,366.336,381.248,14.912,system_fenced_before_release
8192,publication_sparse,17,1,0,320,8,510.976,521.536,10.56,system_fenced_before_release
8192,publication_sparse,17,1,1,576,8,113.056,116.192,3.136,system_fenced_before_release
8192,publication_sparse,17,1,1,832,8,240.48,244.928,4.448,system_fenced_before_release
8192,publication_sparse,18,1,0,128,8,350.176,355.712,5.536,system_fenced_before_release
8192,publication_sparse,18,1,0,384,8,529.76,539.392,9.632,system_fenced_before_release
8192,publication_sparse,18,1,1,640,8,112.576,115.744,3.168,system_fenced_before_release
8192,publication_sparse,18,1,1,896,8,246.176,252.256,6.08,system_fenced_before_release
8192,publication_sparse,19,1,0,192,8,357.216,361.024,3.808,system_fenced_before_release
8192,publication_sparse,19,1,0,448,8,511.936,520.832,8.896,system_fenced_before_release
8192,publication_sparse,19,1,1,704,8,112.512,115.616,3.104,system_fenced_before_release
8192,publication_sparse,19,1,1,960,8,245.728,249.376,3.648,system_fenced_before_release
8192,receiver_sparse,0,0,0,0,8,108.512,111.712,3.2,system_fenced_before_release
8192,receiver_sparse,0,0,0,256,8,239.296,243.136,3.84,system_fenced_before_release
8192,receiver_sparse,0,0,1,512,8,349.824,369.376,19.552,system_fenced_before_release
8192,receiver_sparse,0,0,1,768,8,521.024,527.488,6.464,system_fenced_before_release
8192,receiver_sparse,1,0,0,64,8,110.304,114.304,4.0,system_fenced_before_release
8192,receiver_sparse,1,0,0,320,8,246.368,250.624,4.256,system_fenced_before_release
8192,receiver_sparse,1,0,1,576,8,352.544,358.56,6.016,system_fenced_before_release
8192,receiver_sparse,1,0,1,832,8,515.392,520.736,5.344,system_fenced_before_release
8192,receiver_sparse,2,0,0,128,8,106.496,110.88,4.384,system_fenced_before_release
8192,receiver_sparse,2,0,0,384,8,239.648,245.92,6.272,system_fenced_before_release
8192,receiver_sparse,2,0,1,640,8,357.44,366.4,8.96,system_fenced_before_release
8192,receiver_sparse,2,0,1,896,8,521.824,529.6,7.776,system_fenced_before_release
8192,receiver_sparse,3,0,0,192,8,106.912,112.16,5.248,system_fenced_before_release
8192,receiver_sparse,3,0,0,448,8,239.712,246.048,6.336,system_fenced_before_release
8192,receiver_sparse,3,0,1,704,8,410.688,419.104,8.416,system_fenced_before_release
8192,receiver_sparse,3,0,1,960,8,525.728,531.808,6.08,system_fenced_before_release
8192,receiver_sparse,4,0,0,0,8,108.544,111.712,3.168,system_fenced_before_release
8192,receiver_sparse,4,0,0,256,8,235.424,238.72,3.296,system_fenced_before_release
8192,receiver_sparse,4,0,1,512,8,342.912,346.208,3.296,system_fenced_before_release
8192,receiver_sparse,4,0,1,768,8,511.424,518.72,7.296,system_fenced_before_release
8192,receiver_sparse,5,0,0,64,8,107.2,110.464,3.264,system_fenced_before_release
8192,receiver_sparse,5,0,0,320,8,239.616,242.816,3.2,system_fenced_before_release
8192,receiver_sparse,5,0,1,576,8,341.92,347.008,5.088,system_fenced_before_release
8192,receiver_sparse,5,0,1,832,8,509.408,516.768,7.36,system_fenced_before_release
8192,receiver_sparse,6,0,0,128,8,106.848,110.016,3.168,system_fenced_before_release
8192,receiver_sparse,6,0,0,384,8,239.52,243.296,3.776,system_fenced_before_release
8192,receiver_sparse,6,0,1,640,8,354.688,360.352,5.664,system_fenced_before_release
8192,receiver_sparse,6,0,1,896,8,521.632,532.032,10.4,system_fenced_before_release
8192,receiver_sparse,7,0,0,192,8,107.232,114.048,6.816,system_fenced_before_release
8192,receiver_sparse,7,0,0,448,8,240.128,244.352,4.224,system_fenced_before_release
8192,receiver_sparse,7,0,1,704,8,408.704,419.68,10.976,system_fenced_before_release
8192,receiver_sparse,7,0,1,960,8,517.856,524.864,7.008,system_fenced_before_release
8192,receiver_sparse,8,0,0,0,8,106.368,110.88,4.512,system_fenced_before_release
8192,receiver_sparse,8,0,0,256,8,233.664,237.056,3.392,system_fenced_before_release
8192,receiver_sparse,8,0,1,512,8,341.312,346.976,5.664,system_fenced_before_release
8192,receiver_sparse,8,0,1,768,8,510.912,516.608,5.696,system_fenced_before_release
8192,receiver_sparse,9,0,0,64,8,105.728,108.832,3.104,system_fenced_before_release
8192,receiver_sparse,9,0,0,320,8,236.8,240.576,3.776,system_fenced_before_release
8192,receiver_sparse,9,0,1,576,8,341.28,359.04,17.76,system_fenced_before_release
8192,receiver_sparse,9,0,1,832,8,502.656,514.144,11.488,system_fenced_before_release
8192,receiver_sparse,10,0,0,128,8,106.752,110.688,3.936,system_fenced_before_release
8192,receiver_sparse,10,0,0,384,8,238.624,244.608,5.984,system_fenced_before_release
8192,receiver_sparse,10,0,1,640,8,353.632,358.88,5.248,system_fenced_before_release
8192,receiver_sparse,10,0,1,896,8,527.232,535.104,7.872,system_fenced_before_release
8192,receiver_sparse,11,0,0,192,8,106.624,109.696,3.072,system_fenced_before_release
8192,receiver_sparse,11,0,0,448,8,237.088,243.232,6.144,system_fenced_before_release
8192,receiver_sparse,11,0,1,704,8,383.488,394.272,10.784,system_fenced_before_release
8192,receiver_sparse,11,0,1,960,8,498.656,506.912,8.256,system_fenced_before_release
8192,receiver_sparse,12,0,0,0,8,106.784,110.016,3.232,system_fenced_before_release
8192,receiver_sparse,12,0,0,256,8,232.896,238.784,5.888,system_fenced_before_release
8192,receiver_sparse,12,0,1,512,8,340.48,360.352,19.872,system_fenced_before_release
8192,receiver_sparse,12,0,1,768,8,542.496,549.344,6.848,system_fenced_before_release
8192,receiver_sparse,13,0,0,64,8,109.792,114.176,4.384,system_fenced_before_release
8192,receiver_sparse,13,0,0,320,8,240.48,244.064,3.584,system_fenced_before_release
8192,receiver_sparse,13,0,1,576,8,343.296,357.664,14.368,system_fenced_before_release
8192,receiver_sparse,13,0,1,832,8,507.296,515.232,7.936,system_fenced_before_release
8192,receiver_sparse,14,0,0,128,8,107.008,110.112,3.104,system_fenced_before_release
8192,receiver_sparse,14,0,0,384,8,238.368,241.952,3.584,system_fenced_before_release
8192,receiver_sparse,14,0,1,640,8,353.472,358.208,4.736,system_fenced_before_release
8192,receiver_sparse,14,0,1,896,8,498.304,503.968,5.664,system_fenced_before_release
8192,receiver_sparse,15,0,0,192,8,106.4,110.464,4.064,system_fenced_before_release
8192,receiver_sparse,15,0,0,448,8,237.504,241.664,4.16,system_fenced_before_release
8192,receiver_sparse,15,0,1,704,8,386.144,401.344,15.2,system_fenced_before_release
8192,receiver_sparse,15,0,1,960,8,498.432,501.984,3.552,system_fenced_before_release
8192,receiver_sparse,16,0,0,0,8,105.184,108.448,3.264,system_fenced_before_release
8192,receiver_sparse,16,0,0,256,8,230.752,234.272,3.52,system_fenced_before_release
8192,receiver_sparse,16,0,1,512,8,337.76,343.904,6.144,system_fenced_before_release
8192,receiver_sparse,16,0,1,768,8,503.296,512.384,9.088,system_fenced_before_release
8192,receiver_sparse,17,0,0,64,8,107.04,110.72,3.68,system_fenced_before_release
8192,receiver_sparse,17,0,0,320,8,238.688,243.808,5.12,system_fenced_before_release
8192,receiver_sparse,17,0,1,576,8,339.936,345.536,5.6,system_fenced_before_release
8192,receiver_sparse,17,0,1,832,8,509.504,516.768,7.264,system_fenced_before_release
8192,receiver_sparse,18,0,0,128,8,105.184,108.48,3.296,system_fenced_before_release
8192,receiver_sparse,18,0,0,384,8,236.448,242.176,5.728,system_fenced_before_release
8192,receiver_sparse,18,0,1,640,8,350.72,361.344,10.624,system_fenced_before_release
8192,receiver_sparse,18,0,1,896,8,508.0,514.176,6.176,system_fenced_before_release
8192,receiver_sparse,19,0,0,192,8,104.992,108.096,3.104,system_fenced_before_release
8192,receiver_sparse,19,0,0,448,8,235.36,241.92,6.56,system_fenced_before_release
8192,receiver_sparse,19,0,1,704,8,383.904,394.496,10.592,system_fenced_before_release
8192,receiver_sparse,19,0,1,960,8,504.832,513.44,8.608,system_fenced_before_release
8192,receiver_sparse,0,1,0,0,8,364.704,384.512,19.808,system_fenced_before_release
8192,receiver_sparse,0,1,0,256,8,531.52,537.824,6.304,system_fenced_before_release
8192,receiver_sparse,0,1,1,512,8,115.712,119.264,3.552,system_fenced_before_release
8192,receiver_sparse,0,1,1,768,8,248.832,254.624,5.792,system_fenced_before_release
8192,receiver_sparse,1,1,0,64,8,359.84,363.488,3.648,system_fenced_before_release
8192,receiver_sparse,1,1,0,320,8,529.184,537.696,8.512,system_fenced_before_release
8192,receiver_sparse,1,1,1,576,8,113.248,116.864,3.616,system_fenced_before_release
8192,receiver_sparse,1,1,1,832,8,252.416,257.216,4.8,system_fenced_before_release
8192,receiver_sparse,2,1,0,128,8,365.248,373.76,8.512,system_fenced_before_release
8192,receiver_sparse,2,1,0,384,8,520.448,527.488,7.04,system_fenced_before_release
8192,receiver_sparse,2,1,1,640,8,109.984,113.28,3.296,system_fenced_before_release
8192,receiver_sparse,2,1,1,896,8,245.344,249.152,3.808,system_fenced_before_release
8192,receiver_sparse,3,1,0,192,8,393.184,402.176,8.992,system_fenced_before_release
8192,receiver_sparse,3,1,0,448,8,516.416,520.384,3.968,system_fenced_before_release
8192,receiver_sparse,3,1,1,704,8,108.512,112.864,4.352,system_fenced_before_release
8192,receiver_sparse,3,1,1,960,8,242.528,248.832,6.304,system_fenced_before_release
8192,receiver_sparse,4,1,0,0,8,349.024,355.072,6.048,system_fenced_before_release
8192,receiver_sparse,4,1,0,256,8,518.304,521.92,3.616,system_fenced_before_release
8192,receiver_sparse,4,1,1,512,8,109.888,113.408,3.52,system_fenced_before_release
8192,receiver_sparse,4,1,1,768,8,238.368,241.92,3.552,system_fenced_before_release
8192,receiver_sparse,5,1,0,64,8,345.312,348.992,3.68,system_fenced_before_release
8192,receiver_sparse,5,1,0,320,8,512.32,519.68,7.36,system_fenced_before_release
8192,receiver_sparse,5,1,1,576,8,108.32,111.488,3.168,system_fenced_before_release
8192,receiver_sparse,5,1,1,832,8,241.792,246.176,4.384,system_fenced_before_release
8192,receiver_sparse,6,1,0,128,8,358.88,364.64,5.76,system_fenced_before_release
8192,receiver_sparse,6,1,0,384,8,516.352,523.136,6.784,system_fenced_before_release
8192,receiver_sparse,6,1,1,640,8,108.128,111.392,3.264,system_fenced_before_release
8192,receiver_sparse,6,1,1,896,8,241.76,245.12,3.36,system_fenced_before_release
8192,receiver_sparse,7,1,0,192,8,396.864,406.272,9.408,system_fenced_before_release
8192,receiver_sparse,7,1,0,448,8,527.84,539.072,11.232,system_fenced_before_release
8192,receiver_sparse,7,1,1,704,8,107.84,110.912,3.072,system_fenced_before_release
8192,receiver_sparse,7,1,1,960,8,241.312,245.76,4.448,system_fenced_before_release
8192,receiver_sparse,8,1,0,0,8,345.408,349.408,4.0,system_fenced_before_release
8192,receiver_sparse,8,1,0,256,8,509.696,518.72,9.024,system_fenced_before_release
8192,receiver_sparse,8,1,1,512,8,107.776,111.136,3.36,system_fenced_before_release
8192,receiver_sparse,8,1,1,768,8,236.992,240.736,3.744,system_fenced_before_release
8192,receiver_sparse,9,1,0,64,8,348.32,362.624,14.304,system_fenced_before_release
8192,receiver_sparse,9,1,0,320,8,538.944,550.304,11.36,system_fenced_before_release
8192,receiver_sparse,9,1,1,576,8,108.384,112.384,4.0,system_fenced_before_release
8192,receiver_sparse,9,1,1,832,8,241.44,244.96,3.52,system_fenced_before_release
8192,receiver_sparse,10,1,0,128,8,355.936,360.096,4.16,system_fenced_before_release
8192,receiver_sparse,10,1,0,384,8,525.92,532.032,6.112,system_fenced_before_release
8192,receiver_sparse,10,1,1,640,8,107.904,111.008,3.104,system_fenced_before_release
8192,receiver_sparse,10,1,1,896,8,240.896,244.544,3.648,system_fenced_before_release
8192,receiver_sparse,11,1,0,192,8,390.112,400.512,10.4,system_fenced_before_release
8192,receiver_sparse,11,1,0,448,8,512.128,521.184,9.056,system_fenced_before_release
8192,receiver_sparse,11,1,1,704,8,107.104,110.784,3.68,system_fenced_before_release
8192,receiver_sparse,11,1,1,960,8,240.352,245.92,5.568,system_fenced_before_release
8192,receiver_sparse,12,1,0,0,8,346.304,362.944,16.64,system_fenced_before_release
8192,receiver_sparse,12,1,0,256,8,532.544,540.608,8.064,system_fenced_before_release
8192,receiver_sparse,12,1,1,512,8,108.384,112.864,4.48,system_fenced_before_release
8192,receiver_sparse,12,1,1,768,8,235.104,240.32,5.216,system_fenced_before_release
8192,receiver_sparse,13,1,0,64,8,355.776,359.264,3.488,system_fenced_before_release
8192,receiver_sparse,13,1,0,320,8,506.688,512.576,5.888,system_fenced_before_release
8192,receiver_sparse,13,1,1,576,8,111.968,115.616,3.648,system_fenced_before_release
8192,receiver_sparse,13,1,1,832,8,244.48,249.28,4.8,system_fenced_before_release
8192,receiver_sparse,14,1,0,128,8,357.76,362.688,4.928,system_fenced_before_release
8192,receiver_sparse,14,1,0,384,8,532.992,538.72,5.728,system_fenced_before_release
8192,receiver_sparse,14,1,1,640,8,108.384,112.48,4.096,system_fenced_before_release
8192,receiver_sparse,14,1,1,896,8,240.672,244.8,4.128,system_fenced_before_release
8192,receiver_sparse,15,1,0,192,8,392.0,397.728,5.728,system_fenced_before_release
8192,receiver_sparse,15,1,0,448,8,506.784,515.552,8.768,system_fenced_before_release
8192,receiver_sparse,15,1,1,704,8,109.056,112.32,3.264,system_fenced_before_release
8192,receiver_sparse,15,1,1,960,8,241.536,247.904,6.368,system_fenced_before_release
8192,receiver_sparse,16,1,0,0,8,343.584,347.84,4.256,system_fenced_before_release
8192,receiver_sparse,16,1,0,256,8,507.904,515.424,7.52,system_fenced_before_release
8192,receiver_sparse,16,1,1,512,8,107.328,113.92,6.592,system_fenced_before_release
8192,receiver_sparse,16,1,1,768,8,234.752,237.952,3.2,system_fenced_before_release
8192,receiver_sparse,17,1,0,64,8,345.312,349.408,4.096,system_fenced_before_release
8192,receiver_sparse,17,1,0,320,8,525.12,537.824,12.704,system_fenced_before_release
8192,receiver_sparse,17,1,1,576,8,108.736,112.032,3.296,system_fenced_before_release
8192,receiver_sparse,17,1,1,832,8,241.728,247.776,6.048,system_fenced_before_release
8192,receiver_sparse,18,1,0,128,8,358.016,367.936,9.92,system_fenced_before_release
8192,receiver_sparse,18,1,0,384,8,508.992,516.448,7.456,system_fenced_before_release
8192,receiver_sparse,18,1,1,640,8,107.296,110.4,3.104,system_fenced_before_release
8192,receiver_sparse,18,1,1,896,8,240.448,245.76,5.312,system_fenced_before_release
8192,receiver_sparse,19,1,0,192,8,386.848,396.64,9.792,system_fenced_before_release
8192,receiver_sparse,19,1,0,448,8,509.568,514.656,5.088,system_fenced_before_release
8192,receiver_sparse,19,1,1,704,8,107.104,110.336,3.232,system_fenced_before_release
8192,receiver_sparse,19,1,1,960,8,239.776,244.256,4.48,system_fenced_before_release
8192,receiver_dense,0,0,0,0,8,110.752,115.744,4.992,system_fenced_before_release
8192,receiver_dense,0,0,0,64,8,110.72,113.92,3.2,system_fenced_before_release
8192,receiver_dense,0,0,0,128,8,110.656,115.968,5.312,system_fenced_before_release
8192,receiver_dense,0,0,0,192,8,110.72,115.968,5.248,system_fenced_before_release
8192,receiver_dense,0,0,0,256,8,246.336,251.456,5.12,system_fenced_before_release
8192,receiver_dense,0,0,0,320,8,250.976,258.272,7.296,system_fenced_before_release
8192,receiver_dense,0,0,0,384,8,252.192,259.296,7.104,system_fenced_before_release
8192,receiver_dense,0,0,0,448,8,252.512,259.232,6.72,system_fenced_before_release
8192,receiver_dense,0,0,1,512,8,362.016,367.872,5.856,system_fenced_before_release
8192,receiver_dense,0,0,1,576,8,362.208,374.496,12.288,system_fenced_before_release
8192,receiver_dense,0,0,1,640,8,385.152,393.472,8.32,system_fenced_before_release
8192,receiver_dense,0,0,1,704,8,406.4,415.616,9.216,system_fenced_before_release
8192,receiver_dense,0,0,1,768,8,532.576,541.216,8.64,system_fenced_before_release
8192,receiver_dense,0,0,1,832,8,540.0,546.432,6.432,system_fenced_before_release
8192,receiver_dense,0,0,1,896,8,538.816,548.736,9.92,system_fenced_before_release
8192,receiver_dense,0,0,1,960,8,540.288,551.584,11.296,system_fenced_before_release
8192,receiver_dense,1,0,0,16,8,148.0,151.36,3.36,system_fenced_before_release
8192,receiver_dense,1,0,0,80,8,169.888,173.792,3.904,system_fenced_before_release
8192,receiver_dense,1,0,0,144,8,148.0,152.576,4.576,system_fenced_before_release
8192,receiver_dense,1,0,0,208,8,169.248,178.176,8.928,system_fenced_before_release
8192,receiver_dense,1,0,0,272,8,297.376,301.856,4.48,system_fenced_before_release
8192,receiver_dense,1,0,0,336,8,297.76,301.024,3.264,system_fenced_before_release
8192,receiver_dense,1,0,0,400,8,297.696,303.616,5.92,system_fenced_before_release
8192,receiver_dense,1,0,0,464,8,301.184,309.984,8.8,system_fenced_before_release
8192,receiver_dense,1,0,1,528,8,461.6,471.168,9.568,system_fenced_before_release
8192,receiver_dense,1,0,1,592,8,453.632,467.68,14.048,system_fenced_before_release
8192,receiver_dense,1,0,1,656,8,461.664,472.864,11.2,system_fenced_before_release
8192,receiver_dense,1,0,1,720,8,453.312,465.952,12.64,system_fenced_before_release
8192,receiver_dense,1,0,1,784,8,568.384,577.632,9.248,system_fenced_before_release
8192,receiver_dense,1,0,1,848,8,570.4,575.904,5.504,system_fenced_before_release
8192,receiver_dense,1,0,1,912,8,558.912,575.808,16.896,system_fenced_before_release
8192,receiver_dense,1,0,1,976,8,570.336,579.616,9.28,system_fenced_before_release
8192,receiver_dense,2,0,0,32,8,106.848,112.16,5.312,system_fenced_before_release
8192,receiver_dense,2,0,0,96,8,106.784,112.768,5.984,system_fenced_before_release
8192,receiver_dense,2,0,0,160,8,106.88,114.528,7.648,system_fenced_before_release
8192,receiver_dense,2,0,0,224,8,106.848,114.56,7.712,system_fenced_before_release
8192,receiver_dense,2,0,0,288,8,240.096,246.624,6.528,system_fenced_before_release
8192,receiver_dense,2,0,0,352,8,240.48,248.32,7.84,system_fenced_before_release
8192,receiver_dense,2,0,0,416,8,240.704,248.32,7.616,system_fenced_before_release
8192,receiver_dense,2,0,0,480,8,240.384,248.288,7.904,system_fenced_before_release
8192,receiver_dense,2,0,1,544,8,344.48,350.304,5.824,system_fenced_before_release
8192,receiver_dense,2,0,1,608,8,359.744,369.696,9.952,system_fenced_before_release
8192,receiver_dense,2,0,1,672,8,405.824,422.88,17.056,system_fenced_before_release
8192,receiver_dense,2,0,1,736,8,413.408,424.672,11.264,system_fenced_before_release
8192,receiver_dense,2,0,1,800,8,522.592,530.848,8.256,system_fenced_before_release
8192,receiver_dense,2,0,1,864,8,532.224,541.792,9.568,system_fenced_before_release
8192,receiver_dense,2,0,1,928,8,531.648,541.76,10.112,system_fenced_before_release
8192,receiver_dense,2,0,1,992,8,524.64,532.416,7.776,system_fenced_before_release
8192,receiver_dense,3,0,0,48,8,165.6,172.384,6.784,system_fenced_before_release
8192,receiver_dense,3,0,0,112,8,166.016,172.352,6.336,system_fenced_before_release
8192,receiver_dense,3,0,0,176,8,144.896,149.664,4.768,system_fenced_before_release
8192,receiver_dense,3,0,0,240,8,165.664,172.384,6.72,system_fenced_before_release
8192,receiver_dense,3,0,0,304,8,294.496,302.624,8.128,system_fenced_before_release
8192,receiver_dense,3,0,0,368,8,294.304,299.68,5.376,system_fenced_before_release
8192,receiver_dense,3,0,0,432,8,294.912,305.312,10.4,system_fenced_before_release
8192,receiver_dense,3,0,0,496,8,295.68,305.248,9.568,system_fenced_before_release
8192,receiver_dense,3,0,1,560,8,472.032,484.064,12.032,system_fenced_before_release
8192,receiver_dense,3,0,1,624,8,460.288,473.76,13.472,system_fenced_before_release
8192,receiver_dense,3,0,1,688,8,459.552,475.712,16.16,system_fenced_before_release
8192,receiver_dense,3,0,1,752,8,463.936,472.288,8.352,system_fenced_before_release
8192,receiver_dense,3,0,1,816,8,582.304,592.448,10.144,system_fenced_before_release
8192,receiver_dense,3,0,1,880,8,570.688,584.576,13.888,system_fenced_before_release
8192,receiver_dense,3,0,1,944,8,570.72,582.432,11.712,system_fenced_before_release
8192,receiver_dense,3,0,1,1008,8,578.784,588.384,9.6,system_fenced_before_release
8192,receiver_dense,4,0,0,0,8,106.688,112.352,5.664,system_fenced_before_release
8192,receiver_dense,4,0,0,64,8,106.72,112.384,5.664,system_fenced_before_release
8192,receiver_dense,4,0,0,128,8,106.656,109.696,3.04,system_fenced_before_release
8192,receiver_dense,4,0,0,192,8,107.04,114.976,7.936,system_fenced_before_release
8192,receiver_dense,4,0,0,256,8,235.328,240.8,5.472,system_fenced_before_release
8192,receiver_dense,4,0,0,320,8,248.96,257.44,8.48,system_fenced_before_release
8192,receiver_dense,4,0,0,384,8,239.424,245.792,6.368,system_fenced_before_release
8192,receiver_dense,4,0,0,448,8,239.136,245.632,6.496,system_fenced_before_release
8192,receiver_dense,4,0,1,512,8,341.696,348.8,7.104,system_fenced_before_release
8192,receiver_dense,4,0,1,576,8,341.728,355.744,14.016,system_fenced_before_release
8192,receiver_dense,4,0,1,640,8,369.952,377.696,7.744,system_fenced_before_release
8192,receiver_dense,4,0,1,704,8,384.96,395.04,10.08,system_fenced_before_release
8192,receiver_dense,4,0,1,768,8,509.728,519.968,10.24,system_fenced_before_release
8192,receiver_dense,4,0,1,832,8,508.096,519.968,11.872,system_fenced_before_release
8192,receiver_dense,4,0,1,896,8,507.072,518.208,11.136,system_fenced_before_release
8192,receiver_dense,4,0,1,960,8,501.12,508.288,7.168,system_fenced_before_release
8192,receiver_dense,5,0,0,16,8,147.136,150.784,3.648,system_fenced_before_release
8192,receiver_dense,5,0,0,80,8,146.976,151.232,4.256,system_fenced_before_release
8192,receiver_dense,5,0,0,144,8,146.976,151.264,4.288,system_fenced_before_release
8192,receiver_dense,5,0,0,208,8,166.944,175.968,9.024,system_fenced_before_release
8192,receiver_dense,5,0,0,272,8,295.52,303.552,8.032,system_fenced_before_release
8192,receiver_dense,5,0,0,336,8,295.456,300.8,5.344,system_fenced_before_release
8192,receiver_dense,5,0,0,400,8,295.584,300.096,4.512,system_fenced_before_release
8192,receiver_dense,5,0,0,464,8,295.904,303.648,7.744,system_fenced_before_release
8192,receiver_dense,5,0,1,528,8,448.032,459.264,11.232,system_fenced_before_release
8192,receiver_dense,5,0,1,592,8,456.576,467.808,11.232,system_fenced_before_release
8192,receiver_dense,5,0,1,656,8,444.48,451.808,7.328,system_fenced_before_release
8192,receiver_dense,5,0,1,720,8,449.728,461.472,11.744,system_fenced_before_release
8192,receiver_dense,5,0,1,784,8,558.848,567.104,8.256,system_fenced_before_release
8192,receiver_dense,5,0,1,848,8,550.528,559.904,9.376,system_fenced_before_release
8192,receiver_dense,5,0,1,912,8,560.512,569.056,8.544,system_fenced_before_release
8192,receiver_dense,5,0,1,976,8,554.208,568.96,14.752,system_fenced_before_release
8192,receiver_dense,6,0,0,32,8,106.496,112.288,5.792,system_fenced_before_release
8192,receiver_dense,6,0,0,96,8,106.4,112.448,6.048,system_fenced_before_release
8192,receiver_dense,6,0,0,160,8,106.496,113.12,6.624,system_fenced_before_release
8192,receiver_dense,6,0,0,224,8,106.464,112.576,6.112,system_fenced_before_release
8192,receiver_dense,6,0,0,288,8,247.136,255.264,8.128,system_fenced_before_release
8192,receiver_dense,6,0,0,352,8,239.52,245.408,5.888,system_fenced_before_release
8192,receiver_dense,6,0,0,416,8,239.744,247.104,7.36,system_fenced_before_release
8192,receiver_dense,6,0,0,480,8,239.552,247.136,7.584,system_fenced_before_release
8192,receiver_dense,6,0,1,544,8,342.176,349.312,7.136,system_fenced_before_release
8192,receiver_dense,6,0,1,608,8,356.992,364.896,7.904,system_fenced_before_release
8192,receiver_dense,6,0,1,672,8,385.504,390.656,5.152,system_fenced_before_release
8192,receiver_dense,6,0,1,736,8,385.12,396.832,11.712,system_fenced_before_release
8192,receiver_dense,6,0,1,800,8,505.088,516.16,11.072,system_fenced_before_release
8192,receiver_dense,6,0,1,864,8,507.872,517.76,9.888,system_fenced_before_release
8192,receiver_dense,6,0,1,928,8,511.488,518.08,6.592,system_fenced_before_release
8192,receiver_dense,6,0,1,992,8,506.496,520.448,13.952,system_fenced_before_release
8192,receiver_dense,7,0,0,48,8,146.048,151.872,5.824,system_fenced_before_release
8192,receiver_dense,7,0,0,112,8,145.632,149.6,3.968,system_fenced_before_release
8192,receiver_dense,7,0,0,176,8,167.04,173.952,6.912,system_fenced_before_release
8192,receiver_dense,7,0,0,240,8,145.6,148.832,3.232,system_fenced_before_release
8192,receiver_dense,7,0,0,304,8,293.92,301.152,7.232,system_fenced_before_release
8192,receiver_dense,7,0,0,368,8,294.208,302.848,8.64,system_fenced_before_release
8192,receiver_dense,7,0,0,432,8,294.784,302.784,8.0,system_fenced_before_release
8192,receiver_dense,7,0,0,496,8,295.392,302.752,7.36,system_fenced_before_release
8192,receiver_dense,7,0,1,560,8,453.664,459.808,6.144,system_fenced_before_release
8192,receiver_dense,7,0,1,624,8,455.744,469.152,13.408,system_fenced_before_release
8192,receiver_dense,7,0,1,688,8,457.92,466.944,9.024,system_fenced_before_release
8192,receiver_dense,7,0,1,752,8,456.288,464.544,8.256,system_fenced_before_release
8192,receiver_dense,7,0,1,816,8,568.192,576.672,8.48,system_fenced_before_release
8192,receiver_dense,7,0,1,880,8,561.536,572.928,11.392,system_fenced_before_release
8192,receiver_dense,7,0,1,944,8,555.584,565.536,9.952,system_fenced_before_release
8192,receiver_dense,7,0,1,1008,8,555.488,568.8,13.312,system_fenced_before_release
8192,receiver_dense,8,0,0,0,8,108.48,114.176,5.696,system_fenced_before_release
8192,receiver_dense,8,0,0,64,8,108.384,112.0,3.616,system_fenced_before_release
8192,receiver_dense,8,0,0,128,8,108.256,114.016,5.76,system_fenced_before_release
8192,receiver_dense,8,0,0,192,8,108.384,114.24,5.856,system_fenced_before_release
8192,receiver_dense,8,0,0,256,8,235.968,241.12,5.152,system_fenced_before_release
8192,receiver_dense,8,0,0,320,8,239.68,246.784,7.104,system_fenced_before_release
8192,receiver_dense,8,0,0,384,8,239.328,246.944,7.616,system_fenced_before_release
8192,receiver_dense,8,0,0,448,8,240.096,246.88,6.784,system_fenced_before_release
8192,receiver_dense,8,0,1,512,8,342.944,347.904,4.96,system_fenced_before_release
8192,receiver_dense,8,0,1,576,8,343.136,348.608,5.472,system_fenced_before_release
8192,receiver_dense,8,0,1,640,8,365.696,374.144,8.448,system_fenced_before_release
8192,receiver_dense,8,0,1,704,8,382.976,395.328,12.352,system_fenced_before_release
8192,receiver_dense,8,0,1,768,8,506.976,519.008,12.032,system_fenced_before_release
8192,receiver_dense,8,0,1,832,8,509.216,519.072,9.856,system_fenced_before_release
8192,receiver_dense,8,0,1,896,8,510.848,520.8,9.952,system_fenced_before_release
8192,receiver_dense,8,0,1,960,8,505.984,509.696,3.712,system_fenced_before_release
8192,receiver_dense,9,0,0,16,8,162.656,169.024,6.368,system_fenced_before_release
8192,receiver_dense,9,0,0,80,8,161.888,166.016,4.128,system_fenced_before_release
8192,receiver_dense,9,0,0,144,8,142.784,147.328,4.544,system_fenced_before_release
8192,receiver_dense,9,0,0,208,8,143.136,147.936,4.8,system_fenced_before_release
8192,receiver_dense,9,0,0,272,8,291.36,296.16,4.8,system_fenced_before_release
8192,receiver_dense,9,0,0,336,8,291.136,297.92,6.784,system_fenced_before_release
8192,receiver_dense,9,0,0,400,8,291.136,296.544,5.408,system_fenced_before_release
8192,receiver_dense,9,0,0,464,8,292.256,299.616,7.36,system_fenced_before_release
8192,receiver_dense,9,0,1,528,8,452.48,461.248,8.768,system_fenced_before_release
8192,receiver_dense,9,0,1,592,8,439.552,454.656,15.104,system_fenced_before_release
8192,receiver_dense,9,0,1,656,8,441.472,452.8,11.328,system_fenced_before_release
8192,receiver_dense,9,0,1,720,8,443.232,451.488,8.256,system_fenced_before_release
8192,receiver_dense,9,0,1,784,8,555.456,564.736,9.28,system_fenced_before_release
8192,receiver_dense,9,0,1,848,8,552.704,564.8,12.096,system_fenced_before_release
8192,receiver_dense,9,0,1,912,8,545.536,562.976,17.44,system_fenced_before_release
8192,receiver_dense,9,0,1,976,8,546.688,564.704,18.016,system_fenced_before_release
8192,receiver_dense,10,0,0,32,8,106.048,109.792,3.744,system_fenced_before_release
8192,receiver_dense,10,0,0,96,8,105.984,112.512,6.528,system_fenced_before_release
8192,receiver_dense,10,0,0,160,8,105.952,109.792,3.84,system_fenced_before_release
8192,receiver_dense,10,0,0,224,8,106.016,109.792,3.776,system_fenced_before_release
8192,receiver_dense,10,0,0,288,8,244.576,252.384,7.808,system_fenced_before_release
8192,receiver_dense,10,0,0,352,8,237.344,245.504,8.16,system_fenced_before_release
8192,receiver_dense,10,0,0,416,8,236.992,243.744,6.752,system_fenced_before_release
8192,receiver_dense,10,0,0,480,8,237.44,245.472,8.032,system_fenced_before_release
8192,receiver_dense,10,0,1,544,8,340.0,357.888,17.888,system_fenced_before_release
8192,receiver_dense,10,0,1,608,8,351.808,369.888,18.08,system_fenced_before_release
8192,receiver_dense,10,0,1,672,8,413.056,427.104,14.048,system_fenced_before_release
8192,receiver_dense,10,0,1,736,8,415.52,425.472,9.952,system_fenced_before_release
8192,receiver_dense,10,0,1,800,8,537.376,546.08,8.704,system_fenced_before_release
8192,receiver_dense,10,0,1,864,8,530.752,539.296,8.544,system_fenced_before_release
8192,receiver_dense,10,0,1,928,8,537.28,542.944,5.664,system_fenced_before_release
8192,receiver_dense,10,0,1,992,8,525.056,533.856,8.8,system_fenced_before_release
8192,receiver_dense,11,0,0,48,8,163.584,170.688,7.104,system_fenced_before_release
8192,receiver_dense,11,0,0,112,8,144.128,148.928,4.8,system_fenced_before_release
8192,receiver_dense,11,0,0,176,8,163.84,170.72,6.88,system_fenced_before_release
8192,receiver_dense,11,0,0,240,8,143.904,148.128,4.224,system_fenced_before_release
8192,receiver_dense,11,0,0,304,8,292.064,297.248,5.184,system_fenced_before_release
8192,receiver_dense,11,0,0,368,8,292.096,297.184,5.088,system_fenced_before_release
8192,receiver_dense,11,0,0,432,8,292.416,297.76,5.344,system_fenced_before_release
8192,receiver_dense,11,0,0,496,8,292.832,300.416,7.584,system_fenced_before_release
8192,receiver_dense,11,0,1,560,8,448.064,458.304,10.24,system_fenced_before_release
8192,receiver_dense,11,0,1,624,8,447.36,456.512,9.152,system_fenced_before_release
8192,receiver_dense,11,0,1,688,8,454.368,462.336,7.968,system_fenced_before_release
8192,receiver_dense,11,0,1,752,8,449.792,460.16,10.368,system_fenced_before_release
8192,receiver_dense,11,0,1,816,8,554.336,563.52,9.184,system_fenced_before_release
8192,receiver_dense,11,0,1,880,8,559.072,568.96,9.888,system_fenced_before_release
8192,receiver_dense,11,0,1,944,8,546.656,563.456,16.8,system_fenced_before_release
8192,receiver_dense,11,0,1,1008,8,546.752,561.344,14.592,system_fenced_before_release
8192,receiver_dense,12,0,0,0,8,106.688,115.936,9.248,system_fenced_before_release
8192,receiver_dense,12,0,0,64,8,106.4,113.344,6.944,system_fenced_before_release
8192,receiver_dense,12,0,0,128,8,106.368,109.6,3.232,system_fenced_before_release
8192,receiver_dense,12,0,0,192,8,106.624,113.504,6.88,system_fenced_before_release
8192,receiver_dense,12,0,0,256,8,232.992,237.152,4.16,system_fenced_before_release
8192,receiver_dense,12,0,0,320,8,238.048,246.976,8.928,system_fenced_before_release
8192,receiver_dense,12,0,0,384,8,238.016,246.976,8.96,system_fenced_before_release
8192,receiver_dense,12,0,0,448,8,237.536,247.008,9.472,system_fenced_before_release
8192,receiver_dense,12,0,1,512,8,340.544,346.336,5.792,system_fenced_before_release
8192,receiver_dense,12,0,1,576,8,340.256,348.032,7.776,system_fenced_before_release
8192,receiver_dense,12,0,1,640,8,360.736,368.8,8.064,system_fenced_before_release
8192,receiver_dense,12,0,1,704,8,387.296,400.512,13.216,system_fenced_before_release
8192,receiver_dense,12,0,1,768,8,498.464,509.664,11.2,system_fenced_before_release
8192,receiver_dense,12,0,1,832,8,504.736,512.032,7.296,system_fenced_before_release
8192,receiver_dense,12,0,1,896,8,506.432,517.632,11.2,system_fenced_before_release
8192,receiver_dense,12,0,1,960,8,498.24,507.872,9.632,system_fenced_before_release
8192,receiver_dense,13,0,0,16,8,163.808,170.688,6.88,system_fenced_before_release
8192,receiver_dense,13,0,0,80,8,164.128,170.624,6.496,system_fenced_before_release
8192,receiver_dense,13,0,0,144,8,162.848,170.72,7.872,system_fenced_before_release
8192,receiver_dense,13,0,0,208,8,143.072,146.528,3.456,system_fenced_before_release
8192,receiver_dense,13,0,0,272,8,292.416,298.208,5.792,system_fenced_before_release
8192,receiver_dense,13,0,0,336,8,291.84,296.032,4.192,system_fenced_before_release
8192,receiver_dense,13,0,0,400,8,292.16,296.608,4.448,system_fenced_before_release
8192,receiver_dense,13,0,0,464,8,292.512,298.272,5.76,system_fenced_before_release
8192,receiver_dense,13,0,1,528,8,440.704,450.368,9.664,system_fenced_before_release
8192,receiver_dense,13,0,1,592,8,453.952,460.128,6.176,system_fenced_before_release
8192,receiver_dense,13,0,1,656,8,445.6,455.68,10.08,system_fenced_before_release
8192,receiver_dense,13,0,1,720,8,442.24,455.616,13.376,system_fenced_before_release
8192,receiver_dense,13,0,1,784,8,559.936,567.2,7.264,system_fenced_before_release
8192,receiver_dense,13,0,1,848,8,555.008,563.584,8.576,system_fenced_before_release
8192,receiver_dense,13,0,1,912,8,557.824,561.856,4.032,system_fenced_before_release
8192,receiver_dense,13,0,1,976,8,546.784,558.144,11.36,system_fenced_before_release
8192,receiver_dense,14,0,0,32,8,106.176,112.512,6.336,system_fenced_before_release
8192,receiver_dense,14,0,0,96,8,106.112,113.216,7.104,system_fenced_before_release
8192,receiver_dense,14,0,0,160,8,106.176,115.04,8.864,system_fenced_before_release
8192,receiver_dense,14,0,0,224,8,106.752,115.008,8.256,system_fenced_before_release
8192,receiver_dense,14,0,0,288,8,246.208,252.704,6.496,system_fenced_before_release
8192,receiver_dense,14,0,0,352,8,236.928,242.112,5.184,system_fenced_before_release
8192,receiver_dense,14,0,0,416,8,238.176,245.568,7.392,system_fenced_before_release
8192,receiver_dense,14,0,0,480,8,237.216,243.872,6.656,system_fenced_before_release
8192,receiver_dense,14,0,1,544,8,339.936,345.76,5.824,system_fenced_before_release
8192,receiver_dense,14,0,1,608,8,354.592,360.704,6.112,system_fenced_before_release
8192,receiver_dense,14,0,1,672,8,382.784,393.728,10.944,system_fenced_before_release
8192,receiver_dense,14,0,1,736,8,380.608,391.648,11.04,system_fenced_before_release
8192,receiver_dense,14,0,1,800,8,503.264,512.768,9.504,system_fenced_before_release
8192,receiver_dense,14,0,1,864,8,506.08,517.12,11.04,system_fenced_before_release
8192,receiver_dense,14,0,1,928,8,495.296,503.68,8.384,system_fenced_before_release
8192,receiver_dense,14,0,1,992,8,499.648,509.216,9.568,system_fenced_before_release
8192,receiver_dense,15,0,0,48,8,162.432,170.432,8.0,system_fenced_before_release
8192,receiver_dense,15,0,0,112,8,142.944,148.544,5.6,system_fenced_before_release
8192,receiver_dense,15,0,0,176,8,143.072,148.544,5.472,system_fenced_before_release
8192,receiver_dense,15,0,0,240,8,142.656,147.616,4.96,system_fenced_before_release
8192,receiver_dense,15,0,0,304,8,291.008,300.32,9.312,system_fenced_before_release
8192,receiver_dense,15,0,0,368,8,290.72,298.88,8.16,system_fenced_before_release
8192,receiver_dense,15,0,0,432,8,293.216,302.08,8.864,system_fenced_before_release
8192,receiver_dense,15,0,0,496,8,291.744,300.384,8.64,system_fenced_before_release
8192,receiver_dense,15,0,1,560,8,454.976,464.544,9.568,system_fenced_before_release
8192,receiver_dense,15,0,1,624,8,454.304,464.48,10.176,system_fenced_before_release
8192,receiver_dense,15,0,1,688,8,441.056,456.48,15.424,system_fenced_before_release
8192,receiver_dense,15,0,1,752,8,439.52,451.264,11.744,system_fenced_before_release
8192,receiver_dense,15,0,1,816,8,552.832,563.616,10.784,system_fenced_before_release
8192,receiver_dense,15,0,1,880,8,558.944,567.264,8.32,system_fenced_before_release
8192,receiver_dense,15,0,1,944,8,544.8,557.44,12.64,system_fenced_before_release
8192,receiver_dense,15,0,1,1008,8,544.864,563.488,18.624,system_fenced_before_release
8192,receiver_dense,16,0,0,0,8,106.848,112.48,5.632,system_fenced_before_release
8192,receiver_dense,16,0,0,64,8,106.848,112.512,5.664,system_fenced_before_release
8192,receiver_dense,16,0,0,128,8,106.784,113.184,6.4,system_fenced_before_release
8192,receiver_dense,16,0,0,192,8,106.816,112.544,5.728,system_fenced_before_release
8192,receiver_dense,16,0,0,256,8,232.32,235.872,3.552,system_fenced_before_release
8192,receiver_dense,16,0,0,320,8,237.216,246.4,9.184,system_fenced_before_release
8192,receiver_dense,16,0,0,384,8,237.888,246.4,8.512,system_fenced_before_release
8192,receiver_dense,16,0,0,448,8,238.016,246.336,8.32,system_fenced_before_release
8192,receiver_dense,16,0,1,512,8,339.872,347.2,7.328,system_fenced_before_release
8192,receiver_dense,16,0,1,576,8,339.904,344.256,4.352,system_fenced_before_release
8192,receiver_dense,16,0,1,640,8,364.128,370.368,6.24,system_fenced_before_release
8192,receiver_dense,16,0,1,704,8,381.44,393.856,12.416,system_fenced_before_release
8192,receiver_dense,16,0,1,768,8,498.912,506.048,7.136,system_fenced_before_release
8192,receiver_dense,16,0,1,832,8,504.384,513.44,9.056,system_fenced_before_release
8192,receiver_dense,16,0,1,896,8,499.424,507.52,8.096,system_fenced_before_release
8192,receiver_dense,16,0,1,960,8,505.792,515.904,10.112,system_fenced_before_release
8192,receiver_dense,17,0,0,16,8,162.72,170.656,7.936,system_fenced_before_release
8192,receiver_dense,17,0,0,80,8,142.176,146.24,4.064,system_fenced_before_release
8192,receiver_dense,17,0,0,144,8,142.016,145.472,3.456,system_fenced_before_release
8192,receiver_dense,17,0,0,208,8,162.784,170.656,7.872,system_fenced_before_release
8192,receiver_dense,17,0,0,272,8,290.432,295.008,4.576,system_fenced_before_release
8192,receiver_dense,17,0,0,336,8,290.464,296.704,6.24,system_fenced_before_release
8192,receiver_dense,17,0,0,400,8,291.104,298.368,7.264,system_fenced_before_release
8192,receiver_dense,17,0,0,464,8,291.52,295.328,3.808,system_fenced_before_release
8192,receiver_dense,17,0,1,528,8,444.128,454.304,10.176,system_fenced_before_release
8192,receiver_dense,17,0,1,592,8,444.352,456.608,12.256,system_fenced_before_release
8192,receiver_dense,17,0,1,656,8,442.208,452.704,10.496,system_fenced_before_release
8192,receiver_dense,17,0,1,720,8,449.568,458.72,9.152,system_fenced_before_release
8192,receiver_dense,17,0,1,784,8,554.72,563.04,8.32,system_fenced_before_release
8192,receiver_dense,17,0,1,848,8,542.592,554.144,11.552,system_fenced_before_release
8192,receiver_dense,17,0,1,912,8,551.2,563.04,11.84,system_fenced_before_release
8192,receiver_dense,17,0,1,976,8,542.528,556.32,13.792,system_fenced_before_release
8192,receiver_dense,18,0,0,32,8,105.472,109.536,4.064,system_fenced_before_release
8192,receiver_dense,18,0,0,96,8,105.408,108.768,3.36,system_fenced_before_release
8192,receiver_dense,18,0,0,160,8,105.472,109.792,4.32,system_fenced_before_release
8192,receiver_dense,18,0,0,224,8,105.44,109.856,4.416,system_fenced_before_release
8192,receiver_dense,18,0,0,288,8,241.056,246.432,5.376,system_fenced_before_release
8192,receiver_dense,18,0,0,352,8,235.712,239.872,4.16,system_fenced_before_release
8192,receiver_dense,18,0,0,416,8,236.48,244.704,8.224,system_fenced_before_release
8192,receiver_dense,18,0,0,480,8,236.512,244.704,8.192,system_fenced_before_release
8192,receiver_dense,18,0,1,544,8,339.392,345.664,6.272,system_fenced_before_release
8192,receiver_dense,18,0,1,608,8,349.888,359.424,9.536,system_fenced_before_release
8192,receiver_dense,18,0,1,672,8,374.592,383.84,9.248,system_fenced_before_release
8192,receiver_dense,18,0,1,736,8,383.136,389.152,6.016,system_fenced_before_release
8192,receiver_dense,18,0,1,800,8,504.704,515.936,11.232,system_fenced_before_release
8192,receiver_dense,18,0,1,864,8,502.976,514.176,11.2,system_fenced_before_release
8192,receiver_dense,18,0,1,928,8,494.56,501.792,7.232,system_fenced_before_release
8192,receiver_dense,18,0,1,992,8,499.264,508.416,9.152,system_fenced_before_release
8192,receiver_dense,19,0,0,48,8,146.144,149.696,3.552,system_fenced_before_release
8192,receiver_dense,19,0,0,112,8,146.272,150.88,4.608,system_fenced_before_release
8192,receiver_dense,19,0,0,176,8,166.112,172.576,6.464,system_fenced_before_release
8192,receiver_dense,19,0,0,240,8,146.304,150.528,4.224,system_fenced_before_release
8192,receiver_dense,19,0,0,304,8,293.888,298.752,4.864,system_fenced_before_release
8192,receiver_dense,19,0,0,368,8,293.632,296.768,3.136,system_fenced_before_release
8192,receiver_dense,19,0,0,432,8,295.04,302.112,7.072,system_fenced_before_release
8192,receiver_dense,19,0,0,496,8,295.392,302.048,6.656,system_fenced_before_release
8192,receiver_dense,19,0,1,560,8,453.696,464.544,10.848,system_fenced_before_release
8192,receiver_dense,19,0,1,624,8,445.184,457.92,12.736,system_fenced_before_release
8192,receiver_dense,19,0,1,688,8,445.76,456.128,10.368,system_fenced_before_release
8192,receiver_dense,19,0,1,752,8,447.104,457.952,10.848,system_fenced_before_release
8192,receiver_dense,19,0,1,816,8,549.344,562.912,13.568,system_fenced_before_release
8192,receiver_dense,19,0,1,880,8,548.48,562.912,14.432,system_fenced_before_release
8192,receiver_dense,19,0,1,944,8,559.456,566.272,6.816,system_fenced_before_release
8192,receiver_dense,19,0,1,1008,8,548.576,560.992,12.416,system_fenced_before_release
8192,receiver_dense,0,1,0,0,8,370.208,377.792,7.584,system_fenced_before_release
8192,receiver_dense,0,1,0,64,8,370.592,376.032,5.44,system_fenced_before_release
8192,receiver_dense,0,1,0,128,8,397.728,404.672,6.944,system_fenced_before_release
8192,receiver_dense,0,1,0,192,8,420.064,431.232,11.168,system_fenced_before_release
8192,receiver_dense,0,1,0,256,8,548.032,558.368,10.336,system_fenced_before_release
8192,receiver_dense,0,1,0,320,8,546.4,556.48,10.08,system_fenced_before_release
8192,receiver_dense,0,1,0,384,8,555.488,564.16,8.672,system_fenced_before_release
8192,receiver_dense,0,1,0,448,8,553.536,564.128,10.592,system_fenced_before_release
8192,receiver_dense,0,1,1,512,8,112.864,117.888,5.024,system_fenced_before_release
8192,receiver_dense,0,1,1,576,8,112.864,116.64,3.776,system_fenced_before_release
8192,receiver_dense,0,1,1,640,8,112.928,117.984,5.056,system_fenced_before_release
8192,receiver_dense,0,1,1,704,8,112.864,118.08,5.216,system_fenced_before_release
8192,receiver_dense,0,1,1,768,8,253.344,259.456,6.112,system_fenced_before_release
8192,receiver_dense,0,1,1,832,8,257.504,265.568,8.064,system_fenced_before_release
8192,receiver_dense,0,1,1,896,8,257.664,265.408,7.744,system_fenced_before_release
8192,receiver_dense,0,1,1,960,8,257.824,265.344,7.52,system_fenced_before_release
8192,receiver_dense,1,1,0,16,8,477.056,487.456,10.4,system_fenced_before_release
8192,receiver_dense,1,1,0,80,8,464.928,477.216,12.288,system_fenced_before_release
8192,receiver_dense,1,1,0,144,8,470.976,485.568,14.592,system_fenced_before_release
8192,receiver_dense,1,1,0,208,8,473.408,483.872,10.464,system_fenced_before_release
8192,receiver_dense,1,1,0,272,8,606.944,617.568,10.624,system_fenced_before_release
8192,receiver_dense,1,1,0,336,8,617.216,625.824,8.608,system_fenced_before_release
8192,receiver_dense,1,1,0,400,8,614.112,620.96,6.848,system_fenced_before_release
8192,receiver_dense,1,1,0,464,8,594.112,619.168,25.056,system_fenced_before_release
8192,receiver_dense,1,1,1,528,8,173.344,181.984,8.64,system_fenced_before_release
8192,receiver_dense,1,1,1,592,8,151.04,154.912,3.872,system_fenced_before_release
8192,receiver_dense,1,1,1,656,8,173.376,183.648,10.272,system_fenced_before_release
8192,receiver_dense,1,1,1,720,8,173.12,177.344,4.224,system_fenced_before_release
8192,receiver_dense,1,1,1,784,8,306.688,310.208,3.52,system_fenced_before_release
8192,receiver_dense,1,1,1,848,8,307.264,316.576,9.312,system_fenced_before_release
8192,receiver_dense,1,1,1,912,8,308.032,316.608,8.576,system_fenced_before_release
8192,receiver_dense,1,1,1,976,8,308.672,316.64,7.968,system_fenced_before_release
8192,receiver_dense,2,1,0,32,8,350.272,362.656,12.384,system_fenced_before_release
8192,receiver_dense,2,1,0,96,8,365.568,381.92,16.352,system_fenced_before_release
8192,receiver_dense,2,1,0,160,8,401.12,412.224,11.104,system_fenced_before_release
8192,receiver_dense,2,1,0,224,8,404.704,414.272,9.568,system_fenced_before_release
8192,receiver_dense,2,1,0,288,8,522.656,535.968,13.312,system_fenced_before_release
8192,receiver_dense,2,1,0,352,8,521.568,536.0,14.432,system_fenced_before_release
8192,receiver_dense,2,1,0,416,8,520.544,531.456,10.912,system_fenced_before_release
8192,receiver_dense,2,1,0,480,8,518.016,525.088,7.072,system_fenced_before_release
8192,receiver_dense,2,1,1,544,8,110.432,115.648,5.216,system_fenced_before_release
8192,receiver_dense,2,1,1,608,8,110.496,117.312,6.816,system_fenced_before_release
8192,receiver_dense,2,1,1,672,8,110.528,115.648,5.12,system_fenced_before_release
8192,receiver_dense,2,1,1,736,8,110.592,115.968,5.376,system_fenced_before_release
8192,receiver_dense,2,1,1,800,8,253.472,262.24,8.768,system_fenced_before_release
8192,receiver_dense,2,1,1,864,8,246.048,251.712,5.664,system_fenced_before_release
8192,receiver_dense,2,1,1,928,8,245.632,250.016,4.384,system_fenced_before_release
8192,receiver_dense,2,1,1,992,8,245.76,249.152,3.392,system_fenced_before_release
8192,receiver_dense,3,1,0,48,8,463.328,473.12,9.792,system_fenced_before_release
8192,receiver_dense,3,1,0,112,8,459.872,469.056,9.184,system_fenced_before_release
8192,receiver_dense,3,1,0,176,8,460.48,471.328,10.848,system_fenced_before_release
8192,receiver_dense,3,1,0,240,8,452.128,467.232,15.104,system_fenced_before_release
8192,receiver_dense,3,1,0,304,8,558.752,574.112,15.36,system_fenced_before_release
8192,receiver_dense,3,1,0,368,8,564.896,574.208,9.312,system_fenced_before_release
8192,receiver_dense,3,1,0,432,8,558.784,574.112,15.328,system_fenced_before_release
8192,receiver_dense,3,1,0,496,8,559.52,572.448,12.928,system_fenced_before_release
8192,receiver_dense,3,1,1,560,8,166.88,175.072,8.192,system_fenced_before_release
8192,receiver_dense,3,1,1,624,8,146.88,154.848,7.968,system_fenced_before_release
8192,receiver_dense,3,1,1,688,8,146.528,149.888,3.36,system_fenced_before_release
8192,receiver_dense,3,1,1,752,8,146.816,153.152,6.336,system_fenced_before_release
8192,receiver_dense,3,1,1,816,8,297.312,305.056,7.744,system_fenced_before_release
8192,receiver_dense,3,1,1,880,8,297.376,301.888,4.512,system_fenced_before_release
8192,receiver_dense,3,1,1,944,8,297.856,307.296,9.44,system_fenced_before_release
8192,receiver_dense,3,1,1,1008,8,298.4,307.296,8.896,system_fenced_before_release
8192,receiver_dense,4,1,0,0,8,347.296,353.568,6.272,system_fenced_before_release
8192,receiver_dense,4,1,0,64,8,347.648,355.392,7.744,system_fenced_before_release
8192,receiver_dense,4,1,0,128,8,372.16,379.584,7.424,system_fenced_before_release
8192,receiver_dense,4,1,0,192,8,390.752,396.224,5.472,system_fenced_before_release
8192,receiver_dense,4,1,0,256,8,515.072,524.704,9.632,system_fenced_before_release
8192,receiver_dense,4,1,0,320,8,516.032,526.4,10.368,system_fenced_before_release
8192,receiver_dense,4,1,0,384,8,516.416,528.128,11.712,system_fenced_before_release
8192,receiver_dense,4,1,0,448,8,509.952,518.88,8.928,system_fenced_before_release
8192,receiver_dense,4,1,1,512,8,108.384,111.648,3.264,system_fenced_before_release
8192,receiver_dense,4,1,1,576,8,108.224,113.568,5.344,system_fenced_before_release
8192,receiver_dense,4,1,1,640,8,108.256,113.568,5.312,system_fenced_before_release
8192,receiver_dense,4,1,1,704,8,108.288,113.6,5.312,system_fenced_before_release
8192,receiver_dense,4,1,1,768,8,239.328,243.68,4.352,system_fenced_before_release
8192,receiver_dense,4,1,1,832,8,242.112,249.696,7.584,system_fenced_before_release
8192,receiver_dense,4,1,1,896,8,242.4,249.664,7.264,system_fenced_before_release
8192,receiver_dense,4,1,1,960,8,242.88,252.032,9.152,system_fenced_before_release
8192,receiver_dense,5,1,0,16,8,456.8,467.648,10.848,system_fenced_before_release
8192,receiver_dense,5,1,0,80,8,456.384,468.48,12.096,system_fenced_before_release
8192,receiver_dense,5,1,0,144,8,456.8,468.512,11.712,system_fenced_before_release
8192,receiver_dense,5,1,0,208,8,461.76,471.392,9.632,system_fenced_before_release
8192,receiver_dense,5,1,0,272,8,566.272,578.912,12.64,system_fenced_before_release
8192,receiver_dense,5,1,0,336,8,566.624,577.216,10.592,system_fenced_before_release
8192,receiver_dense,5,1,0,400,8,575.2,583.008,7.808,system_fenced_before_release
8192,receiver_dense,5,1,0,464,8,573.632,580.704,7.072,system_fenced_before_release
8192,receiver_dense,5,1,1,528,8,148.512,153.76,5.248,system_fenced_before_release
8192,receiver_dense,5,1,1,592,8,148.096,152.96,4.864,system_fenced_before_release
8192,receiver_dense,5,1,1,656,8,169.888,179.04,9.152,system_fenced_before_release
8192,receiver_dense,5,1,1,720,8,148.224,155.904,7.68,system_fenced_before_release
8192,receiver_dense,5,1,1,784,8,298.912,305.472,6.56,system_fenced_before_release
8192,receiver_dense,5,1,1,848,8,299.36,304.096,4.736,system_fenced_before_release
8192,receiver_dense,5,1,1,912,8,299.616,307.168,7.552,system_fenced_before_release
8192,receiver_dense,5,1,1,976,8,300.864,307.168,6.304,system_fenced_before_release
8192,receiver_dense,6,1,0,32,8,344.704,357.76,13.056,system_fenced_before_release
8192,receiver_dense,6,1,0,96,8,358.304,366.72,8.416,system_fenced_before_release
8192,receiver_dense,6,1,0,160,8,386.432,398.336,11.904,system_fenced_before_release
8192,receiver_dense,6,1,0,224,8,388.544,400.48,11.936,system_fenced_before_release
8192,receiver_dense,6,1,0,288,8,503.648,513.568,9.92,system_fenced_before_release
8192,receiver_dense,6,1,0,352,8,511.392,520.64,9.248,system_fenced_before_release
8192,receiver_dense,6,1,0,416,8,502.464,507.808,5.344,system_fenced_before_release
8192,receiver_dense,6,1,0,480,8,508.704,516.96,8.256,system_fenced_before_release
8192,receiver_dense,6,1,1,544,8,106.912,111.904,4.992,system_fenced_before_release
8192,receiver_dense,6,1,1,608,8,106.88,113.856,6.976,system_fenced_before_release
8192,receiver_dense,6,1,1,672,8,106.976,115.488,8.512,system_fenced_before_release
8192,receiver_dense,6,1,1,736,8,107.2,115.584,8.384,system_fenced_before_release
8192,receiver_dense,6,1,1,800,8,249.024,256.192,7.168,system_fenced_before_release
8192,receiver_dense,6,1,1,864,8,239.84,244.896,5.056,system_fenced_before_release
8192,receiver_dense,6,1,1,928,8,240.64,245.728,5.088,system_fenced_before_release
8192,receiver_dense,6,1,1,992,8,240.384,245.728,5.344,system_fenced_before_release
8192,receiver_dense,7,1,0,48,8,453.792,462.304,8.512,system_fenced_before_release
8192,receiver_dense,7,1,0,112,8,461.344,471.2,9.856,system_fenced_before_release
8192,receiver_dense,7,1,0,176,8,459.712,473.344,13.632,system_fenced_before_release
8192,receiver_dense,7,1,0,240,8,450.784,463.808,13.024,system_fenced_before_release
8192,receiver_dense,7,1,0,304,8,569.312,578.752,9.44,system_fenced_before_release
8192,receiver_dense,7,1,0,368,8,559.616,568.224,8.608,system_fenced_before_release
8192,receiver_dense,7,1,0,432,8,577.376,585.44,8.064,system_fenced_before_release
8192,receiver_dense,7,1,0,496,8,559.136,566.016,6.88,system_fenced_before_release
8192,receiver_dense,7,1,1,560,8,147.264,150.976,3.712,system_fenced_before_release
8192,receiver_dense,7,1,1,624,8,147.552,151.808,4.256,system_fenced_before_release
8192,receiver_dense,7,1,1,688,8,147.68,153.696,6.016,system_fenced_before_release
8192,receiver_dense,7,1,1,752,8,147.904,154.56,6.656,system_fenced_before_release
8192,receiver_dense,7,1,1,816,8,298.016,303.84,5.824,system_fenced_before_release
8192,receiver_dense,7,1,1,880,8,298.08,305.568,7.488,system_fenced_before_release
8192,receiver_dense,7,1,1,944,8,298.464,303.072,4.608,system_fenced_before_release
8192,receiver_dense,7,1,1,1008,8,299.776,305.568,5.792,system_fenced_before_release
8192,receiver_dense,8,1,0,0,8,345.76,359.904,14.144,system_fenced_before_release
8192,receiver_dense,8,1,0,64,8,345.152,358.176,13.024,system_fenced_before_release
8192,receiver_dense,8,1,0,128,8,370.752,378.144,7.392,system_fenced_before_release
8192,receiver_dense,8,1,0,192,8,392.8,403.904,11.104,system_fenced_before_release
8192,receiver_dense,8,1,0,256,8,515.616,524.64,9.024,system_fenced_before_release
8192,receiver_dense,8,1,0,320,8,508.992,519.264,10.272,system_fenced_before_release
8192,receiver_dense,8,1,0,384,8,506.016,517.12,11.104,system_fenced_before_release
8192,receiver_dense,8,1,0,448,8,505.504,515.328,9.824,system_fenced_before_release
8192,receiver_dense,8,1,1,512,8,107.68,115.872,8.192,system_fenced_before_release
8192,receiver_dense,8,1,1,576,8,107.424,112.448,5.024,system_fenced_before_release
8192,receiver_dense,8,1,1,640,8,107.424,116.032,8.608,system_fenced_before_release
8192,receiver_dense,8,1,1,704,8,107.36,110.528,3.168,system_fenced_before_release
8192,receiver_dense,8,1,1,768,8,236.64,242.816,6.176,system_fenced_before_release
8192,receiver_dense,8,1,1,832,8,240.128,244.992,4.864,system_fenced_before_release
8192,receiver_dense,8,1,1,896,8,241.44,248.096,6.656,system_fenced_before_release
8192,receiver_dense,8,1,1,960,8,241.728,249.856,8.128,system_fenced_before_release
8192,receiver_dense,9,1,0,16,8,448.224,455.808,7.584,system_fenced_before_release
8192,receiver_dense,9,1,0,80,8,447.072,463.04,15.968,system_fenced_before_release
8192,receiver_dense,9,1,0,144,8,456.352,467.008,10.656,system_fenced_before_release
8192,receiver_dense,9,1,0,208,8,446.208,458.528,12.32,system_fenced_before_release
8192,receiver_dense,9,1,0,272,8,563.2,571.392,8.192,system_fenced_before_release
8192,receiver_dense,9,1,0,336,8,561.888,570.048,8.16,system_fenced_before_release
8192,receiver_dense,9,1,0,400,8,556.16,573.056,16.896,system_fenced_before_release
8192,receiver_dense,9,1,0,464,8,567.584,577.184,9.6,system_fenced_before_release
8192,receiver_dense,9,1,1,528,8,164.288,172.512,8.224,system_fenced_before_release
8192,receiver_dense,9,1,1,592,8,145.568,150.976,5.408,system_fenced_before_release
8192,receiver_dense,9,1,1,656,8,145.184,150.208,5.024,system_fenced_before_release
8192,receiver_dense,9,1,1,720,8,145.408,150.976,5.568,system_fenced_before_release
8192,receiver_dense,9,1,1,784,8,294.528,303.552,9.024,system_fenced_before_release
8192,receiver_dense,9,1,1,848,8,294.24,301.856,7.616,system_fenced_before_release
8192,receiver_dense,9,1,1,912,8,295.84,299.744,3.904,system_fenced_before_release
8192,receiver_dense,9,1,1,976,8,296.416,303.456,7.04,system_fenced_before_release
8192,receiver_dense,10,1,0,32,8,345.568,352.096,6.528,system_fenced_before_release
8192,receiver_dense,10,1,0,96,8,360.736,378.56,17.824,system_fenced_before_release
8192,receiver_dense,10,1,0,160,8,406.784,427.488,20.704,system_fenced_before_release
8192,receiver_dense,10,1,0,224,8,404.576,427.456,22.88,system_fenced_before_release
8192,receiver_dense,10,1,0,288,8,525.664,535.04,9.376,system_fenced_before_release
8192,receiver_dense,10,1,0,352,8,522.944,531.68,8.736,system_fenced_before_release
8192,receiver_dense,10,1,0,416,8,524.0,533.44,9.44,system_fenced_before_release
8192,receiver_dense,10,1,0,480,8,539.552,550.24,10.688,system_fenced_before_release
8192,receiver_dense,10,1,1,544,8,108.704,114.976,6.272,system_fenced_before_release
8192,receiver_dense,10,1,1,608,8,108.96,117.248,8.288,system_fenced_before_release
8192,receiver_dense,10,1,1,672,8,108.928,118.016,9.088,system_fenced_before_release
8192,receiver_dense,10,1,1,736,8,109.376,118.08,8.704,system_fenced_before_release
8192,receiver_dense,10,1,1,800,8,250.624,257.6,6.976,system_fenced_before_release
8192,receiver_dense,10,1,1,864,8,241.92,250.624,8.704,system_fenced_before_release
8192,receiver_dense,10,1,1,928,8,241.92,248.128,6.208,system_fenced_before_release
8192,receiver_dense,10,1,1,992,8,242.592,250.656,8.064,system_fenced_before_release
8192,receiver_dense,11,1,0,48,8,449.088,464.032,14.944,system_fenced_before_release
8192,receiver_dense,11,1,0,112,8,448.832,461.76,12.928,system_fenced_before_release
8192,receiver_dense,11,1,0,176,8,452.928,464.832,11.904,system_fenced_before_release
8192,receiver_dense,11,1,0,240,8,457.984,467.328,9.344,system_fenced_before_release
8192,receiver_dense,11,1,0,304,8,561.504,571.04,9.536,system_fenced_before_release
8192,receiver_dense,11,1,0,368,8,564.64,573.6,8.96,system_fenced_before_release
8192,receiver_dense,11,1,0,432,8,565.44,569.664,4.224,system_fenced_before_release
8192,receiver_dense,11,1,0,496,8,553.792,565.504,11.712,system_fenced_before_release
8192,receiver_dense,11,1,1,560,8,145.344,152.864,7.52,system_fenced_before_release
8192,receiver_dense,11,1,1,624,8,145.248,150.304,5.056,system_fenced_before_release
8192,receiver_dense,11,1,1,688,8,145.28,151.136,5.856,system_fenced_before_release
8192,receiver_dense,11,1,1,752,8,165.44,172.864,7.424,system_fenced_before_release
8192,receiver_dense,11,1,1,816,8,295.232,302.272,7.04,system_fenced_before_release
8192,receiver_dense,11,1,1,880,8,295.008,304.032,9.024,system_fenced_before_release
8192,receiver_dense,11,1,1,944,8,297.216,305.632,8.416,system_fenced_before_release
8192,receiver_dense,11,1,1,1008,8,297.248,305.632,8.384,system_fenced_before_release
8192,receiver_dense,12,1,0,0,8,343.808,349.44,5.632,system_fenced_before_release
8192,receiver_dense,12,1,0,64,8,344.736,351.264,6.528,system_fenced_before_release
8192,receiver_dense,12,1,0,128,8,370.144,378.176,8.032,system_fenced_before_release
8192,receiver_dense,12,1,0,192,8,387.52,396.192,8.672,system_fenced_before_release
8192,receiver_dense,12,1,0,256,8,511.296,518.688,7.392,system_fenced_before_release
8192,receiver_dense,12,1,0,320,8,511.232,518.368,7.136,system_fenced_before_release
8192,receiver_dense,12,1,0,384,8,512.032,519.616,7.584,system_fenced_before_release
8192,receiver_dense,12,1,0,448,8,503.744,511.04,7.296,system_fenced_before_release
8192,receiver_dense,12,1,1,512,8,107.072,114.496,7.424,system_fenced_before_release
8192,receiver_dense,12,1,1,576,8,107.136,113.888,6.752,system_fenced_before_release
8192,receiver_dense,12,1,1,640,8,107.168,116.32,9.152,system_fenced_before_release
8192,receiver_dense,12,1,1,704,8,107.168,116.384,9.216,system_fenced_before_release
8192,receiver_dense,12,1,1,768,8,235.904,241.888,5.984,system_fenced_before_release
8192,receiver_dense,12,1,1,832,8,239.488,246.112,6.624,system_fenced_before_release
8192,receiver_dense,12,1,1,896,8,239.488,246.144,6.656,system_fenced_before_release
8192,receiver_dense,12,1,1,960,8,240.544,248.48,7.936,system_fenced_before_release
8192,receiver_dense,13,1,0,16,8,463.968,476.672,12.704,system_fenced_before_release
8192,receiver_dense,13,1,0,80,8,465.44,478.432,12.992,system_fenced_before_release
8192,receiver_dense,13,1,0,144,8,461.888,474.688,12.8,system_fenced_before_release
8192,receiver_dense,13,1,0,208,8,460.192,472.32,12.128,system_fenced_before_release
8192,receiver_dense,13,1,0,272,8,580.928,589.28,8.352,system_fenced_before_release
8192,receiver_dense,13,1,0,336,8,580.288,587.552,7.264,system_fenced_before_release
8192,receiver_dense,13,1,0,400,8,574.24,591.232,16.992,system_fenced_before_release
8192,receiver_dense,13,1,0,464,8,573.024,589.216,16.192,system_fenced_before_release
8192,receiver_dense,13,1,1,528,8,146.08,153.024,6.944,system_fenced_before_release
8192,receiver_dense,13,1,1,592,8,145.824,149.184,3.36,system_fenced_before_release
8192,receiver_dense,13,1,1,656,8,146.176,152.16,5.984,system_fenced_before_release
8192,receiver_dense,13,1,1,720,8,145.696,149.984,4.288,system_fenced_before_release
8192,receiver_dense,13,1,1,784,8,297.6,305.088,7.488,system_fenced_before_release
8192,receiver_dense,13,1,1,848,8,297.248,303.296,6.048,system_fenced_before_release
8192,receiver_dense,13,1,1,912,8,297.312,304.992,7.68,system_fenced_before_release
8192,receiver_dense,13,1,1,976,8,298.272,304.96,6.688,system_fenced_before_release
8192,receiver_dense,14,1,0,32,8,346.464,350.624,4.16,system_fenced_before_release
8192,receiver_dense,14,1,0,96,8,361.152,367.936,6.784,system_fenced_before_release
8192,receiver_dense,14,1,0,160,8,388.576,398.4,9.824,system_fenced_before_release
8192,receiver_dense,14,1,0,224,8,392.896,403.936,11.04,system_fenced_before_release
8192,receiver_dense,14,1,0,288,8,508.352,516.864,8.512,system_fenced_before_release
8192,receiver_dense,14,1,0,352,8,516.096,525.536,9.44,system_fenced_before_release
8192,receiver_dense,14,1,0,416,8,508.704,518.08,9.376,system_fenced_before_release
8192,receiver_dense,14,1,0,480,8,506.592,516.608,10.016,system_fenced_before_release
8192,receiver_dense,14,1,1,544,8,109.376,114.176,4.8,system_fenced_before_release
8192,receiver_dense,14,1,1,608,8,109.28,114.752,5.472,system_fenced_before_release
8192,receiver_dense,14,1,1,672,8,109.44,117.248,7.808,system_fenced_before_release
8192,receiver_dense,14,1,1,736,8,109.824,117.28,7.456,system_fenced_before_release
8192,receiver_dense,14,1,1,800,8,249.408,258.08,8.672,system_fenced_before_release
8192,receiver_dense,14,1,1,864,8,241.92,246.72,4.8,system_fenced_before_release
8192,receiver_dense,14,1,1,928,8,242.112,248.416,6.304,system_fenced_before_release
8192,receiver_dense,14,1,1,992,8,242.688,248.416,5.728,system_fenced_before_release
8192,receiver_dense,15,1,0,48,8,452.128,459.808,7.68,system_fenced_before_release
8192,receiver_dense,15,1,0,112,8,452.448,461.696,9.248,system_fenced_before_release
8192,receiver_dense,15,1,0,176,8,461.856,469.088,7.232,system_fenced_before_release
8192,receiver_dense,15,1,0,240,8,452.32,466.272,13.952,system_fenced_before_release
8192,receiver_dense,15,1,0,304,8,562.816,571.52,8.704,system_fenced_before_release
8192,receiver_dense,15,1,0,368,8,566.72,574.944,8.224,system_fenced_before_release
8192,receiver_dense,15,1,0,432,8,553.376,566.112,12.736,system_fenced_before_release
8192,receiver_dense,15,1,0,496,8,553.216,563.776,10.56,system_fenced_before_release
8192,receiver_dense,15,1,1,560,8,145.312,152.608,7.296,system_fenced_before_release
8192,receiver_dense,15,1,1,624,8,144.96,150.176,5.216,system_fenced_before_release
8192,receiver_dense,15,1,1,688,8,145.28,150.72,5.44,system_fenced_before_release
8192,receiver_dense,15,1,1,752,8,145.12,149.824,4.704,system_fenced_before_release
8192,receiver_dense,15,1,1,816,8,295.936,304.512,8.576,system_fenced_before_release
8192,receiver_dense,15,1,1,880,8,295.616,298.784,3.168,system_fenced_before_release
8192,receiver_dense,15,1,1,944,8,296.736,304.416,7.68,system_fenced_before_release
8192,receiver_dense,15,1,1,1008,8,297.536,304.512,6.976,system_fenced_before_release
8192,receiver_dense,16,1,0,0,8,343.712,350.72,7.008,system_fenced_before_release
8192,receiver_dense,16,1,0,64,8,344.288,352.736,8.448,system_fenced_before_release
8192,receiver_dense,16,1,0,128,8,368.448,376.224,7.776,system_fenced_before_release
8192,receiver_dense,16,1,0,192,8,386.88,396.992,10.112,system_fenced_before_release
8192,receiver_dense,16,1,0,256,8,507.008,517.984,10.976,system_fenced_before_release
8192,receiver_dense,16,1,0,320,8,508.128,516.352,8.224,system_fenced_before_release
8192,receiver_dense,16,1,0,384,8,504.768,514.496,9.728,system_fenced_before_release
8192,receiver_dense,16,1,0,448,8,514.016,521.376,7.36,system_fenced_before_release
8192,receiver_dense,16,1,1,512,8,107.072,110.016,2.944,system_fenced_before_release
8192,receiver_dense,16,1,1,576,8,107.104,111.296,4.192,system_fenced_before_release
8192,receiver_dense,16,1,1,640,8,107.136,114.88,7.744,system_fenced_before_release
8192,receiver_dense,16,1,1,704,8,107.136,111.296,4.16,system_fenced_before_release
8192,receiver_dense,16,1,1,768,8,236.032,242.432,6.4,system_fenced_before_release
8192,receiver_dense,16,1,1,832,8,239.744,247.52,7.776,system_fenced_before_release
8192,receiver_dense,16,1,1,896,8,240.032,247.52,7.488,system_fenced_before_release
8192,receiver_dense,16,1,1,960,8,239.968,247.584,7.616,system_fenced_before_release
8192,receiver_dense,17,1,0,16,8,451.2,463.808,12.608,system_fenced_before_release
8192,receiver_dense,17,1,0,80,8,457.216,466.528,9.312,system_fenced_before_release
8192,receiver_dense,17,1,0,144,8,449.696,461.824,12.128,system_fenced_before_release
8192,receiver_dense,17,1,0,208,8,457.92,466.56,8.64,system_fenced_before_release
8192,receiver_dense,17,1,0,272,8,552.0,568.0,16.0,system_fenced_before_release
8192,receiver_dense,17,1,0,336,8,550.88,555.648,4.768,system_fenced_before_release
8192,receiver_dense,17,1,0,400,8,561.6,568.032,6.432,system_fenced_before_release
8192,receiver_dense,17,1,0,464,8,551.008,568.0,16.992,system_fenced_before_release
8192,receiver_dense,17,1,1,528,8,164.96,172.576,7.616,system_fenced_before_release
8192,receiver_dense,17,1,1,592,8,144.672,150.208,5.536,system_fenced_before_release
8192,receiver_dense,17,1,1,656,8,164.576,172.512,7.936,system_fenced_before_release
8192,receiver_dense,17,1,1,720,8,144.8,151.072,6.272,system_fenced_before_release
8192,receiver_dense,17,1,1,784,8,295.648,304.256,8.608,system_fenced_before_release
8192,receiver_dense,17,1,1,848,8,295.84,304.256,8.416,system_fenced_before_release
8192,receiver_dense,17,1,1,912,8,295.68,301.824,6.144,system_fenced_before_release
8192,receiver_dense,17,1,1,976,8,297.152,304.224,7.072,system_fenced_before_release
8192,receiver_dense,18,1,0,32,8,344.576,350.336,5.76,system_fenced_before_release
8192,receiver_dense,18,1,0,96,8,358.976,367.2,8.224,system_fenced_before_release
8192,receiver_dense,18,1,0,160,8,388.32,400.64,12.32,system_fenced_before_release
8192,receiver_dense,18,1,0,224,8,389.12,398.176,9.056,system_fenced_before_release
8192,receiver_dense,18,1,0,288,8,508.416,512.256,3.84,system_fenced_before_release
8192,receiver_dense,18,1,0,352,8,513.728,520.16,6.432,system_fenced_before_release
8192,receiver_dense,18,1,0,416,8,513.472,521.088,7.616,system_fenced_before_release
8192,receiver_dense,18,1,0,480,8,514.464,522.752,8.288,system_fenced_before_release
8192,receiver_dense,18,1,1,544,8,108.256,112.864,4.608,system_fenced_before_release
8192,receiver_dense,18,1,1,608,8,108.416,116.064,7.648,system_fenced_before_release
8192,receiver_dense,18,1,1,672,8,108.096,113.216,5.12,system_fenced_before_release
8192,receiver_dense,18,1,1,736,8,108.224,111.2,2.976,system_fenced_before_release
8192,receiver_dense,18,1,1,800,8,247.008,254.624,7.616,system_fenced_before_release
8192,receiver_dense,18,1,1,864,8,241.632,250.4,8.768,system_fenced_before_release
8192,receiver_dense,18,1,1,928,8,240.768,243.968,3.2,system_fenced_before_release
8192,receiver_dense,18,1,1,992,8,241.728,248.0,6.272,system_fenced_before_release
8192,receiver_dense,19,1,0,48,8,453.12,461.536,8.416,system_fenced_before_release
8192,receiver_dense,19,1,0,112,8,456.416,468.16,11.744,system_fenced_before_release
8192,receiver_dense,19,1,0,176,8,457.344,469.76,12.416,system_fenced_before_release
8192,receiver_dense,19,1,0,240,8,455.68,468.096,12.416,system_fenced_before_release
8192,receiver_dense,19,1,0,304,8,557.792,565.056,7.264,system_fenced_before_release
8192,receiver_dense,19,1,0,368,8,572.384,581.76,9.376,system_fenced_before_release
8192,receiver_dense,19,1,0,432,8,557.728,571.872,14.144,system_fenced_before_release
8192,receiver_dense,19,1,0,496,8,558.08,574.72,16.64,system_fenced_before_release
8192,receiver_dense,19,1,1,560,8,148.192,151.296,3.104,system_fenced_before_release
8192,receiver_dense,19,1,1,624,8,148.384,153.984,5.6,system_fenced_before_release
8192,receiver_dense,19,1,1,688,8,149.12,157.088,7.968,system_fenced_before_release
8192,receiver_dense,19,1,1,752,8,168.864,177.536,8.672,system_fenced_before_release
8192,receiver_dense,19,1,1,816,8,299.328,305.536,6.208,system_fenced_before_release
8192,receiver_dense,19,1,1,880,8,299.52,307.552,8.032,system_fenced_before_release
8192,receiver_dense,19,1,1,944,8,300.8,307.584,6.784,system_fenced_before_release
8192,receiver_dense,19,1,1,1008,8,300.64,307.552,6.912,system_fenced_before_release
