K_global,mode,repeat,source_rank,target_rank,tile,fragments,ready_after_local_origin_us,stores_end_after_local_origin_us,full_ready_to_end_us,end_semantics
2048,producer_sparse,0,0,0,0,8,77.408,77.536,0.128,issued_by_all_threads
2048,producer_sparse,0,0,0,256,8,114.656,114.912,0.256,issued_by_all_threads
2048,producer_sparse,0,0,1,512,8,156.416,163.488,7.072,issued_by_all_threads
2048,producer_sparse,0,0,1,768,8,217.664,217.792,0.128,issued_by_all_threads
2048,producer_sparse,1,0,0,64,8,76.608,76.736,0.128,issued_by_all_threads
2048,producer_sparse,1,0,0,320,8,112.704,112.896,0.192,issued_by_all_threads
2048,producer_sparse,1,0,1,576,8,143.328,143.52,0.192,issued_by_all_threads
2048,producer_sparse,1,0,1,832,8,200.672,200.832,0.16,issued_by_all_threads
2048,producer_sparse,2,0,0,128,8,76.48,76.576,0.096,issued_by_all_threads
2048,producer_sparse,2,0,0,384,8,112.704,112.864,0.16,issued_by_all_threads
2048,producer_sparse,2,0,1,640,8,145.568,145.696,0.128,issued_by_all_threads
2048,producer_sparse,2,0,1,896,8,202.752,202.944,0.192,issued_by_all_threads
2048,producer_sparse,3,0,0,192,8,75.552,75.68,0.128,issued_by_all_threads
2048,producer_sparse,3,0,0,448,8,112.32,112.416,0.096,issued_by_all_threads
2048,producer_sparse,3,0,1,704,8,153.728,155.232,1.504,issued_by_all_threads
2048,producer_sparse,3,0,1,960,8,191.744,191.968,0.224,issued_by_all_threads
2048,producer_sparse,4,0,0,0,8,76.96,77.056,0.096,issued_by_all_threads
2048,producer_sparse,4,0,0,256,8,113.376,113.536,0.16,issued_by_all_threads
2048,producer_sparse,4,0,1,512,8,143.008,143.2,0.192,issued_by_all_threads
2048,producer_sparse,4,0,1,768,8,194.016,194.208,0.192,issued_by_all_threads
2048,producer_sparse,5,0,0,64,8,77.056,77.152,0.096,issued_by_all_threads
2048,producer_sparse,5,0,0,320,8,113.76,113.92,0.16,issued_by_all_threads
2048,producer_sparse,5,0,1,576,8,153.312,153.536,0.224,issued_by_all_threads
2048,producer_sparse,5,0,1,832,8,196.48,196.64,0.16,issued_by_all_threads
2048,producer_sparse,6,0,0,128,8,77.536,77.664,0.128,issued_by_all_threads
2048,producer_sparse,6,0,0,384,8,114.112,114.272,0.16,issued_by_all_threads
2048,producer_sparse,6,0,1,640,8,144.032,144.224,0.192,issued_by_all_threads
2048,producer_sparse,6,0,1,896,8,262.944,263.072,0.128,issued_by_all_threads
2048,producer_sparse,7,0,0,192,8,81.088,81.216,0.128,issued_by_all_threads
2048,producer_sparse,7,0,0,448,8,117.632,117.76,0.128,issued_by_all_threads
2048,producer_sparse,7,0,1,704,8,202.88,203.008,0.128,issued_by_all_threads
2048,producer_sparse,7,0,1,960,8,240.224,240.736,0.512,issued_by_all_threads
2048,producer_sparse,8,0,0,0,8,75.776,75.904,0.128,issued_by_all_threads
2048,producer_sparse,8,0,0,256,8,112.352,112.544,0.192,issued_by_all_threads
2048,producer_sparse,8,0,1,512,8,146.048,146.208,0.16,issued_by_all_threads
2048,producer_sparse,8,0,1,768,8,212.768,212.928,0.16,issued_by_all_threads
2048,producer_sparse,9,0,0,64,8,77.856,77.952,0.096,issued_by_all_threads
2048,producer_sparse,9,0,0,320,8,113.28,113.44,0.16,issued_by_all_threads
2048,producer_sparse,9,0,1,576,8,144.832,144.928,0.096,issued_by_all_threads
2048,producer_sparse,9,0,1,832,8,198.016,198.464,0.448,issued_by_all_threads
2048,producer_sparse,10,0,0,128,8,77.92,78.016,0.096,issued_by_all_threads
2048,producer_sparse,10,0,0,384,8,114.496,114.624,0.128,issued_by_all_threads
2048,producer_sparse,10,0,1,640,8,154.048,154.176,0.128,issued_by_all_threads
2048,producer_sparse,10,0,1,896,8,219.36,221.056,1.696,issued_by_all_threads
2048,producer_sparse,11,0,0,192,8,76.8,76.928,0.128,issued_by_all_threads
2048,producer_sparse,11,0,0,448,8,113.504,113.664,0.16,issued_by_all_threads
2048,producer_sparse,11,0,1,704,8,144.544,144.8,0.256,issued_by_all_threads
2048,producer_sparse,11,0,1,960,8,206.464,207.712,1.248,issued_by_all_threads
2048,producer_sparse,12,0,0,0,8,76.128,76.224,0.096,issued_by_all_threads
2048,producer_sparse,12,0,0,256,8,112.704,112.832,0.128,issued_by_all_threads
2048,producer_sparse,12,0,1,512,8,156.256,157.792,1.536,issued_by_all_threads
2048,producer_sparse,12,0,1,768,8,206.208,206.784,0.576,issued_by_all_threads
2048,producer_sparse,13,0,0,64,8,76.896,77.024,0.128,issued_by_all_threads
2048,producer_sparse,13,0,0,320,8,114.208,114.4,0.192,issued_by_all_threads
2048,producer_sparse,13,0,1,576,8,145.568,145.76,0.192,issued_by_all_threads
2048,producer_sparse,13,0,1,832,8,191.04,191.328,0.288,issued_by_all_threads
2048,producer_sparse,14,0,0,128,8,76.064,76.192,0.128,issued_by_all_threads
2048,producer_sparse,14,0,0,384,8,112.384,112.512,0.128,issued_by_all_threads
2048,producer_sparse,14,0,1,640,8,143.04,143.2,0.16,issued_by_all_threads
2048,producer_sparse,14,0,1,896,8,197.952,198.176,0.224,issued_by_all_threads
2048,producer_sparse,15,0,0,192,8,77.6,77.696,0.096,issued_by_all_threads
2048,producer_sparse,15,0,0,448,8,114.848,114.944,0.096,issued_by_all_threads
2048,producer_sparse,15,0,1,704,8,145.92,146.112,0.192,issued_by_all_threads
2048,producer_sparse,15,0,1,960,8,206.784,206.944,0.16,issued_by_all_threads
2048,producer_sparse,16,0,0,0,8,78.656,78.784,0.128,issued_by_all_threads
2048,producer_sparse,16,0,0,256,8,114.816,114.976,0.16,issued_by_all_threads
2048,producer_sparse,16,0,1,512,8,146.752,146.944,0.192,issued_by_all_threads
2048,producer_sparse,16,0,1,768,8,215.456,215.552,0.096,issued_by_all_threads
2048,producer_sparse,17,0,0,64,8,77.44,77.568,0.128,issued_by_all_threads
2048,producer_sparse,17,0,0,320,8,113.856,114.016,0.16,issued_by_all_threads
2048,producer_sparse,17,0,1,576,8,148.48,157.28,8.8,issued_by_all_threads
2048,producer_sparse,17,0,1,832,8,222.56,223.168,0.608,issued_by_all_threads
2048,producer_sparse,18,0,0,128,8,76.32,76.416,0.096,issued_by_all_threads
2048,producer_sparse,18,0,0,384,8,112.896,112.992,0.096,issued_by_all_threads
2048,producer_sparse,18,0,1,640,8,143.584,143.712,0.128,issued_by_all_threads
2048,producer_sparse,18,0,1,896,8,218.08,220.256,2.176,issued_by_all_threads
2048,producer_sparse,19,0,0,192,8,76.96,77.056,0.096,issued_by_all_threads
2048,producer_sparse,19,0,0,448,8,113.504,113.632,0.128,issued_by_all_threads
2048,producer_sparse,19,0,1,704,8,180.512,180.928,0.416,issued_by_all_threads
2048,producer_sparse,19,0,1,960,8,224.992,225.216,0.224,issued_by_all_threads
2048,producer_sparse,0,1,0,0,8,163.328,163.424,0.096,issued_by_all_threads
2048,producer_sparse,0,1,0,256,8,215.552,215.904,0.352,issued_by_all_threads
2048,producer_sparse,0,1,1,512,8,76.704,76.832,0.128,issued_by_all_threads
2048,producer_sparse,0,1,1,768,8,112.48,112.608,0.128,issued_by_all_threads
2048,producer_sparse,1,1,0,64,8,156.896,158.848,1.952,issued_by_all_threads
2048,producer_sparse,1,1,0,320,8,199.872,200.064,0.192,issued_by_all_threads
2048,producer_sparse,1,1,1,576,8,74.048,74.176,0.128,issued_by_all_threads
2048,producer_sparse,1,1,1,832,8,111.2,111.424,0.224,issued_by_all_threads
2048,producer_sparse,2,1,0,128,8,155.552,156.544,0.992,issued_by_all_threads
2048,producer_sparse,2,1,0,384,8,203.616,203.808,0.192,issued_by_all_threads
2048,producer_sparse,2,1,1,640,8,74.432,74.528,0.096,issued_by_all_threads
2048,producer_sparse,2,1,1,896,8,110.944,111.104,0.16,issued_by_all_threads
2048,producer_sparse,3,1,0,192,8,153.792,153.984,0.192,issued_by_all_threads
2048,producer_sparse,3,1,0,448,8,204.832,205.696,0.864,issued_by_all_threads
2048,producer_sparse,3,1,1,704,8,73.888,74.016,0.128,issued_by_all_threads
2048,producer_sparse,3,1,1,960,8,110.688,110.816,0.128,issued_by_all_threads
2048,producer_sparse,4,1,0,0,8,142.144,142.304,0.16,issued_by_all_threads
2048,producer_sparse,4,1,0,256,8,196.192,196.32,0.128,issued_by_all_threads
2048,producer_sparse,4,1,1,512,8,76.16,76.256,0.096,issued_by_all_threads
2048,producer_sparse,4,1,1,768,8,113.024,113.216,0.192,issued_by_all_threads
2048,producer_sparse,5,1,0,64,8,141.856,142.016,0.16,issued_by_all_threads
2048,producer_sparse,5,1,0,320,8,207.712,207.872,0.16,issued_by_all_threads
2048,producer_sparse,5,1,1,576,8,75.328,75.456,0.128,issued_by_all_threads
2048,producer_sparse,5,1,1,832,8,112.416,112.608,0.192,issued_by_all_threads
2048,producer_sparse,6,1,0,128,8,173.888,175.296,1.408,issued_by_all_threads
2048,producer_sparse,6,1,0,384,8,253.312,253.472,0.16,issued_by_all_threads
2048,producer_sparse,6,1,1,640,8,74.368,74.464,0.096,issued_by_all_threads
2048,producer_sparse,6,1,1,896,8,110.784,110.88,0.096,issued_by_all_threads
2048,producer_sparse,7,1,0,192,8,195.392,198.336,2.944,issued_by_all_threads
2048,producer_sparse,7,1,0,448,8,236.416,237.056,0.64,issued_by_all_threads
2048,producer_sparse,7,1,1,704,8,74.944,75.072,0.128,issued_by_all_threads
2048,producer_sparse,7,1,1,960,8,111.808,111.936,0.128,issued_by_all_threads
2048,producer_sparse,8,1,0,0,8,141.152,141.344,0.192,issued_by_all_threads
2048,producer_sparse,8,1,0,256,8,220.768,220.96,0.192,issued_by_all_threads
2048,producer_sparse,8,1,1,512,8,74.496,74.624,0.128,issued_by_all_threads
2048,producer_sparse,8,1,1,768,8,111.04,111.232,0.192,issued_by_all_threads
2048,producer_sparse,9,1,0,64,8,158.048,159.872,1.824,issued_by_all_threads
2048,producer_sparse,9,1,0,320,8,208.928,209.12,0.192,issued_by_all_threads
2048,producer_sparse,9,1,1,576,8,75.776,75.904,0.128,issued_by_all_threads
2048,producer_sparse,9,1,1,832,8,112.096,112.224,0.128,issued_by_all_threads
2048,producer_sparse,10,1,0,128,8,161.856,163.392,1.536,issued_by_all_threads
2048,producer_sparse,10,1,0,384,8,207.616,207.776,0.16,issued_by_all_threads
2048,producer_sparse,10,1,1,640,8,77.952,78.08,0.128,issued_by_all_threads
2048,producer_sparse,10,1,1,896,8,114.688,114.816,0.128,issued_by_all_threads
2048,producer_sparse,11,1,0,192,8,162.816,164.16,1.344,issued_by_all_threads
2048,producer_sparse,11,1,0,448,8,199.552,201.92,2.368,issued_by_all_threads
2048,producer_sparse,11,1,1,704,8,74.176,74.272,0.096,issued_by_all_threads
2048,producer_sparse,11,1,1,960,8,110.976,111.072,0.096,issued_by_all_threads
2048,producer_sparse,12,1,0,0,8,156.704,158.944,2.24,issued_by_all_threads
2048,producer_sparse,12,1,0,256,8,198.752,198.976,0.224,issued_by_all_threads
2048,producer_sparse,12,1,1,512,8,75.232,75.36,0.128,issued_by_all_threads
2048,producer_sparse,12,1,1,768,8,111.488,111.68,0.192,issued_by_all_threads
2048,producer_sparse,13,1,0,64,8,140.672,140.832,0.16,issued_by_all_threads
2048,producer_sparse,13,1,0,320,8,204.288,204.512,0.224,issued_by_all_threads
2048,producer_sparse,13,1,1,576,8,75.232,75.36,0.128,issued_by_all_threads
2048,producer_sparse,13,1,1,832,8,110.912,111.04,0.128,issued_by_all_threads
2048,producer_sparse,14,1,0,128,8,148.064,154.912,6.848,issued_by_all_threads
2048,producer_sparse,14,1,0,384,8,209.824,210.016,0.192,issued_by_all_threads
2048,producer_sparse,14,1,1,640,8,74.272,74.4,0.128,issued_by_all_threads
2048,producer_sparse,14,1,1,896,8,110.976,111.104,0.128,issued_by_all_threads
2048,producer_sparse,15,1,0,192,8,141.312,141.472,0.16,issued_by_all_threads
2048,producer_sparse,15,1,0,448,8,194.592,194.784,0.192,issued_by_all_threads
2048,producer_sparse,15,1,1,704,8,74.112,74.24,0.128,issued_by_all_threads
2048,producer_sparse,15,1,1,960,8,110.976,111.136,0.16,issued_by_all_threads
2048,producer_sparse,16,1,0,0,8,180.192,180.512,0.32,issued_by_all_threads
2048,producer_sparse,16,1,0,256,8,216.416,217.408,0.992,issued_by_all_threads
2048,producer_sparse,16,1,1,512,8,74.4,74.528,0.128,issued_by_all_threads
2048,producer_sparse,16,1,1,768,8,111.712,111.936,0.224,issued_by_all_threads
2048,producer_sparse,17,1,0,64,8,149.344,149.664,0.32,issued_by_all_threads
2048,producer_sparse,17,1,0,320,8,226.176,226.304,0.128,issued_by_all_threads
2048,producer_sparse,17,1,1,576,8,75.04,75.168,0.128,issued_by_all_threads
2048,producer_sparse,17,1,1,832,8,111.232,111.392,0.16,issued_by_all_threads
2048,producer_sparse,18,1,0,128,8,154.656,156.0,1.344,issued_by_all_threads
2048,producer_sparse,18,1,0,384,8,197.568,197.728,0.16,issued_by_all_threads
2048,producer_sparse,18,1,1,640,8,72.608,72.736,0.128,issued_by_all_threads
2048,producer_sparse,18,1,1,896,8,109.28,109.376,0.096,issued_by_all_threads
2048,producer_sparse,19,1,0,192,8,169.952,171.136,1.184,issued_by_all_threads
2048,producer_sparse,19,1,0,448,8,215.04,216.288,1.248,issued_by_all_threads
2048,producer_sparse,19,1,1,704,8,74.528,74.656,0.128,issued_by_all_threads
2048,producer_sparse,19,1,1,960,8,111.264,111.36,0.096,issued_by_all_threads
2048,publication_sparse,0,0,0,0,8,77.184,81.152,3.968,system_fenced_before_release
2048,publication_sparse,0,0,0,256,8,113.888,118.752,4.864,system_fenced_before_release
2048,publication_sparse,0,0,1,512,8,145.504,149.376,3.872,system_fenced_before_release
2048,publication_sparse,0,0,1,768,8,200.416,207.84,7.424,system_fenced_before_release
2048,publication_sparse,1,0,0,64,8,78.848,82.016,3.168,system_fenced_before_release
2048,publication_sparse,1,0,0,320,8,115.456,119.008,3.552,system_fenced_before_release
2048,publication_sparse,1,0,1,576,8,177.6,213.44,35.84,system_fenced_before_release
2048,publication_sparse,1,0,1,832,8,241.888,254.656,12.768,system_fenced_before_release
2048,publication_sparse,2,0,0,128,8,77.184,80.8,3.616,system_fenced_before_release
2048,publication_sparse,2,0,0,384,8,113.856,117.184,3.328,system_fenced_before_release
2048,publication_sparse,2,0,1,640,8,166.048,175.424,9.376,system_fenced_before_release
2048,publication_sparse,2,0,1,896,8,213.152,223.744,10.592,system_fenced_before_release
2048,publication_sparse,3,0,0,192,8,77.216,80.352,3.136,system_fenced_before_release
2048,publication_sparse,3,0,0,448,8,114.272,117.504,3.232,system_fenced_before_release
2048,publication_sparse,3,0,1,704,8,152.864,168.48,15.616,system_fenced_before_release
2048,publication_sparse,3,0,1,960,8,202.272,211.808,9.536,system_fenced_before_release
2048,publication_sparse,4,0,0,0,8,77.536,81.056,3.52,system_fenced_before_release
2048,publication_sparse,4,0,0,256,8,114.144,117.44,3.296,system_fenced_before_release
2048,publication_sparse,4,0,1,512,8,153.056,186.08,33.024,system_fenced_before_release
2048,publication_sparse,4,0,1,768,8,207.232,214.112,6.88,system_fenced_before_release
2048,publication_sparse,5,0,0,64,8,76.8,80.256,3.456,system_fenced_before_release
2048,publication_sparse,5,0,0,320,8,113.28,116.8,3.52,system_fenced_before_release
2048,publication_sparse,5,0,1,576,8,150.752,165.024,14.272,system_fenced_before_release
2048,publication_sparse,5,0,1,832,8,190.784,205.344,14.56,system_fenced_before_release
2048,publication_sparse,6,0,0,128,8,78.4,81.76,3.36,system_fenced_before_release
2048,publication_sparse,6,0,0,384,8,115.104,119.36,4.256,system_fenced_before_release
2048,publication_sparse,6,0,1,640,8,145.12,150.048,4.928,system_fenced_before_release
2048,publication_sparse,6,0,1,896,8,200.8,209.696,8.896,system_fenced_before_release
2048,publication_sparse,7,0,0,192,8,77.312,80.544,3.232,system_fenced_before_release
2048,publication_sparse,7,0,0,448,8,113.888,116.96,3.072,system_fenced_before_release
2048,publication_sparse,7,0,1,704,8,186.816,202.528,15.712,system_fenced_before_release
2048,publication_sparse,7,0,1,960,8,256.992,267.168,10.176,system_fenced_before_release
2048,publication_sparse,8,0,0,0,8,80.864,84.0,3.136,system_fenced_before_release
2048,publication_sparse,8,0,0,256,8,117.312,120.992,3.68,system_fenced_before_release
2048,publication_sparse,8,0,1,512,8,181.696,197.76,16.064,system_fenced_before_release
2048,publication_sparse,8,0,1,768,8,231.296,244.16,12.864,system_fenced_before_release
2048,publication_sparse,9,0,0,64,8,77.152,80.384,3.232,system_fenced_before_release
2048,publication_sparse,9,0,0,320,8,113.696,116.96,3.264,system_fenced_before_release
2048,publication_sparse,9,0,1,576,8,143.36,148.864,5.504,system_fenced_before_release
2048,publication_sparse,9,0,1,832,8,195.328,202.24,6.912,system_fenced_before_release
2048,publication_sparse,10,0,0,128,8,76.96,80.384,3.424,system_fenced_before_release
2048,publication_sparse,10,0,0,384,8,113.44,116.8,3.36,system_fenced_before_release
2048,publication_sparse,10,0,1,640,8,166.368,173.28,6.912,system_fenced_before_release
2048,publication_sparse,10,0,1,896,8,210.08,217.984,7.904,system_fenced_before_release
2048,publication_sparse,11,0,0,192,8,75.68,79.136,3.456,system_fenced_before_release
2048,publication_sparse,11,0,0,448,8,112.512,115.744,3.232,system_fenced_before_release
2048,publication_sparse,11,0,1,704,8,169.408,194.208,24.8,system_fenced_before_release
2048,publication_sparse,11,0,1,960,8,230.08,241.696,11.616,system_fenced_before_release
2048,publication_sparse,12,0,0,0,8,78.048,80.96,2.912,system_fenced_before_release
2048,publication_sparse,12,0,0,256,8,114.176,118.176,4.0,system_fenced_before_release
2048,publication_sparse,12,0,1,512,8,143.264,177.696,34.432,system_fenced_before_release
2048,publication_sparse,12,0,1,768,8,221.408,231.264,9.856,system_fenced_before_release
2048,publication_sparse,13,0,0,64,8,81.792,85.44,3.648,system_fenced_before_release
2048,publication_sparse,13,0,0,320,8,117.888,121.184,3.296,system_fenced_before_release
2048,publication_sparse,13,0,1,576,8,155.296,193.888,38.592,system_fenced_before_release
2048,publication_sparse,13,0,1,832,8,230.944,240.768,9.824,system_fenced_before_release
2048,publication_sparse,14,0,0,128,8,76.544,79.616,3.072,system_fenced_before_release
2048,publication_sparse,14,0,0,384,8,112.96,116.384,3.424,system_fenced_before_release
2048,publication_sparse,14,0,1,640,8,144.768,148.544,3.776,system_fenced_before_release
2048,publication_sparse,14,0,1,896,8,202.528,212.544,10.016,system_fenced_before_release
2048,publication_sparse,15,0,0,192,8,77.056,80.384,3.328,system_fenced_before_release
2048,publication_sparse,15,0,0,448,8,113.568,117.632,4.064,system_fenced_before_release
2048,publication_sparse,15,0,1,704,8,144.768,153.696,8.928,system_fenced_before_release
2048,publication_sparse,15,0,1,960,8,202.784,211.936,9.152,system_fenced_before_release
2048,publication_sparse,16,0,0,0,8,75.04,78.016,2.976,system_fenced_before_release
2048,publication_sparse,16,0,0,256,8,111.552,114.784,3.232,system_fenced_before_release
2048,publication_sparse,16,0,1,512,8,144.288,156.096,11.808,system_fenced_before_release
2048,publication_sparse,16,0,1,768,8,190.976,200.224,9.248,system_fenced_before_release
2048,publication_sparse,17,0,0,64,8,76.544,79.936,3.392,system_fenced_before_release
2048,publication_sparse,17,0,0,320,8,113.44,118.752,5.312,system_fenced_before_release
2048,publication_sparse,17,0,1,576,8,143.104,150.464,7.36,system_fenced_before_release
2048,publication_sparse,17,0,1,832,8,196.64,203.296,6.656,system_fenced_before_release
2048,publication_sparse,18,0,0,128,8,77.408,80.768,3.36,system_fenced_before_release
2048,publication_sparse,18,0,0,384,8,113.664,116.768,3.104,system_fenced_before_release
2048,publication_sparse,18,0,1,640,8,161.6,178.496,16.896,system_fenced_before_release
2048,publication_sparse,18,0,1,896,8,205.376,217.568,12.192,system_fenced_before_release
2048,publication_sparse,19,0,0,192,8,75.392,78.528,3.136,system_fenced_before_release
2048,publication_sparse,19,0,0,448,8,111.936,115.328,3.392,system_fenced_before_release
2048,publication_sparse,19,0,1,704,8,142.976,148.224,5.248,system_fenced_before_release
2048,publication_sparse,19,0,1,960,8,220.064,232.288,12.224,system_fenced_before_release
2048,publication_sparse,0,1,0,0,8,141.632,147.136,5.504,system_fenced_before_release
2048,publication_sparse,0,1,0,256,8,191.328,200.448,9.12,system_fenced_before_release
2048,publication_sparse,0,1,1,512,8,75.648,79.296,3.648,system_fenced_before_release
2048,publication_sparse,0,1,1,768,8,112.608,116.512,3.904,system_fenced_before_release
2048,publication_sparse,1,1,0,64,8,143.2,203.04,59.84,system_fenced_before_release
2048,publication_sparse,1,1,0,320,8,266.816,275.168,8.352,system_fenced_before_release
2048,publication_sparse,1,1,1,576,8,73.792,76.96,3.168,system_fenced_before_release
2048,publication_sparse,1,1,1,832,8,110.752,114.848,4.096,system_fenced_before_release
2048,publication_sparse,2,1,0,128,8,142.432,158.784,16.352,system_fenced_before_release
2048,publication_sparse,2,1,0,384,8,196.16,203.232,7.072,system_fenced_before_release
2048,publication_sparse,2,1,1,640,8,76.0,79.488,3.488,system_fenced_before_release
2048,publication_sparse,2,1,1,896,8,112.544,115.84,3.296,system_fenced_before_release
2048,publication_sparse,3,1,0,192,8,161.792,180.224,18.432,system_fenced_before_release
2048,publication_sparse,3,1,0,448,8,209.216,217.632,8.416,system_fenced_before_release
2048,publication_sparse,3,1,1,704,8,76.288,79.712,3.424,system_fenced_before_release
2048,publication_sparse,3,1,1,960,8,113.344,116.608,3.264,system_fenced_before_release
2048,publication_sparse,4,1,0,0,8,145.696,165.984,20.288,system_fenced_before_release
2048,publication_sparse,4,1,0,256,8,204.448,214.368,9.92,system_fenced_before_release
2048,publication_sparse,4,1,1,512,8,75.2,78.496,3.296,system_fenced_before_release
2048,publication_sparse,4,1,1,768,8,111.584,115.04,3.456,system_fenced_before_release
2048,publication_sparse,5,1,0,64,8,167.68,179.552,11.872,system_fenced_before_release
2048,publication_sparse,5,1,0,320,8,211.744,220.224,8.48,system_fenced_before_release
2048,publication_sparse,5,1,1,576,8,74.4,77.6,3.2,system_fenced_before_release
2048,publication_sparse,5,1,1,832,8,111.424,115.424,4.0,system_fenced_before_release
2048,publication_sparse,6,1,0,128,8,143.296,146.496,3.2,system_fenced_before_release
2048,publication_sparse,6,1,0,384,8,189.568,196.96,7.392,system_fenced_before_release
2048,publication_sparse,6,1,1,640,8,75.456,78.944,3.488,system_fenced_before_release
2048,publication_sparse,6,1,1,896,8,111.52,114.752,3.232,system_fenced_before_release
2048,publication_sparse,7,1,0,192,8,194.272,211.104,16.832,system_fenced_before_release
2048,publication_sparse,7,1,0,448,8,246.464,259.488,13.024,system_fenced_before_release
2048,publication_sparse,7,1,1,704,8,74.88,78.048,3.168,system_fenced_before_release
2048,publication_sparse,7,1,1,960,8,111.424,115.616,4.192,system_fenced_before_release
2048,publication_sparse,8,1,0,0,8,180.096,211.264,31.168,system_fenced_before_release
2048,publication_sparse,8,1,0,256,8,231.776,241.856,10.08,system_fenced_before_release
2048,publication_sparse,8,1,1,512,8,75.392,78.56,3.168,system_fenced_before_release
2048,publication_sparse,8,1,1,768,8,111.072,115.296,4.224,system_fenced_before_release
2048,publication_sparse,9,1,0,64,8,142.88,147.808,4.928,system_fenced_before_release
2048,publication_sparse,9,1,0,320,8,186.656,192.896,6.24,system_fenced_before_release
2048,publication_sparse,9,1,1,576,8,76.576,79.68,3.104,system_fenced_before_release
2048,publication_sparse,9,1,1,832,8,112.96,117.056,4.096,system_fenced_before_release
2048,publication_sparse,10,1,0,128,8,140.8,180.096,39.296,system_fenced_before_release
2048,publication_sparse,10,1,0,384,8,219.84,227.68,7.84,system_fenced_before_release
2048,publication_sparse,10,1,1,640,8,73.984,77.088,3.104,system_fenced_before_release
2048,publication_sparse,10,1,1,896,8,110.784,115.136,4.352,system_fenced_before_release
2048,publication_sparse,11,1,0,192,8,177.92,186.24,8.32,system_fenced_before_release
2048,publication_sparse,11,1,0,448,8,215.2,232.192,16.992,system_fenced_before_release
2048,publication_sparse,11,1,1,704,8,74.4,77.984,3.584,system_fenced_before_release
2048,publication_sparse,11,1,1,960,8,110.656,113.824,3.168,system_fenced_before_release
2048,publication_sparse,12,1,0,0,8,158.464,178.176,19.712,system_fenced_before_release
2048,publication_sparse,12,1,0,256,8,207.616,214.88,7.264,system_fenced_before_release
2048,publication_sparse,12,1,1,512,8,74.4,77.568,3.168,system_fenced_before_release
2048,publication_sparse,12,1,1,768,8,111.616,116.0,4.384,system_fenced_before_release
2048,publication_sparse,13,1,0,64,8,146.752,166.88,20.128,system_fenced_before_release
2048,publication_sparse,13,1,0,320,8,207.52,219.36,11.84,system_fenced_before_release
2048,publication_sparse,13,1,1,576,8,80.384,83.776,3.392,system_fenced_before_release
2048,publication_sparse,13,1,1,832,8,118.016,121.472,3.456,system_fenced_before_release
2048,publication_sparse,14,1,0,128,8,139.328,144.256,4.928,system_fenced_before_release
2048,publication_sparse,14,1,0,384,8,187.744,196.0,8.256,system_fenced_before_release
2048,publication_sparse,14,1,1,640,8,73.056,76.384,3.328,system_fenced_before_release
2048,publication_sparse,14,1,1,896,8,110.464,113.408,2.944,system_fenced_before_release
2048,publication_sparse,15,1,0,192,8,141.152,155.968,14.816,system_fenced_before_release
2048,publication_sparse,15,1,0,448,8,202.464,211.904,9.44,system_fenced_before_release
2048,publication_sparse,15,1,1,704,8,72.512,76.032,3.52,system_fenced_before_release
2048,publication_sparse,15,1,1,960,8,109.856,113.344,3.488,system_fenced_before_release
2048,publication_sparse,16,1,0,0,8,163.84,175.264,11.424,system_fenced_before_release
2048,publication_sparse,16,1,0,256,8,197.664,204.0,6.336,system_fenced_before_release
2048,publication_sparse,16,1,1,512,8,73.664,76.864,3.2,system_fenced_before_release
2048,publication_sparse,16,1,1,768,8,110.464,113.76,3.296,system_fenced_before_release
2048,publication_sparse,17,1,0,64,8,142.72,162.944,20.224,system_fenced_before_release
2048,publication_sparse,17,1,0,320,8,206.272,214.048,7.776,system_fenced_before_release
2048,publication_sparse,17,1,1,576,8,74.112,77.376,3.264,system_fenced_before_release
2048,publication_sparse,17,1,1,832,8,111.168,115.488,4.32,system_fenced_before_release
2048,publication_sparse,18,1,0,128,8,172.448,187.008,14.56,system_fenced_before_release
2048,publication_sparse,18,1,0,384,8,212.576,227.552,14.976,system_fenced_before_release
2048,publication_sparse,18,1,1,640,8,74.72,78.432,3.712,system_fenced_before_release
2048,publication_sparse,18,1,1,896,8,111.68,115.008,3.328,system_fenced_before_release
2048,publication_sparse,19,1,0,192,8,141.28,156.224,14.944,system_fenced_before_release
2048,publication_sparse,19,1,0,448,8,202.72,210.56,7.84,system_fenced_before_release
2048,publication_sparse,19,1,1,704,8,72.704,76.0,3.296,system_fenced_before_release
2048,publication_sparse,19,1,1,960,8,109.28,112.48,3.2,system_fenced_before_release
2048,receiver_sparse,0,0,0,0,8,72.704,76.192,3.488,system_fenced_before_release
2048,receiver_sparse,0,0,0,256,8,109.44,112.832,3.392,system_fenced_before_release
2048,receiver_sparse,0,0,1,512,8,146.304,198.464,52.16,system_fenced_before_release
2048,receiver_sparse,0,0,1,768,8,228.864,236.832,7.968,system_fenced_before_release
2048,receiver_sparse,1,0,0,64,8,73.44,76.64,3.2,system_fenced_before_release
2048,receiver_sparse,1,0,0,320,8,109.696,112.896,3.2,system_fenced_before_release
2048,receiver_sparse,1,0,1,576,8,139.456,145.6,6.144,system_fenced_before_release
2048,receiver_sparse,1,0,1,832,8,194.528,198.048,3.52,system_fenced_before_release
2048,receiver_sparse,2,0,0,128,8,73.28,76.352,3.072,system_fenced_before_release
2048,receiver_sparse,2,0,0,384,8,110.08,113.28,3.2,system_fenced_before_release
2048,receiver_sparse,2,0,1,640,8,141.152,179.264,38.112,system_fenced_before_release
2048,receiver_sparse,2,0,1,896,8,226.24,233.344,7.104,system_fenced_before_release
2048,receiver_sparse,3,0,0,192,8,71.616,75.008,3.392,system_fenced_before_release
2048,receiver_sparse,3,0,0,448,8,108.32,111.84,3.52,system_fenced_before_release
2048,receiver_sparse,3,0,1,704,8,154.56,167.68,13.12,system_fenced_before_release
2048,receiver_sparse,3,0,1,960,8,195.712,204.416,8.704,system_fenced_before_release
2048,receiver_sparse,4,0,0,0,8,74.176,78.08,3.904,system_fenced_before_release
2048,receiver_sparse,4,0,0,256,8,111.072,114.24,3.168,system_fenced_before_release
2048,receiver_sparse,4,0,1,512,8,140.32,145.408,5.088,system_fenced_before_release
2048,receiver_sparse,4,0,1,768,8,197.216,204.416,7.2,system_fenced_before_release
2048,receiver_sparse,5,0,0,64,8,72.352,75.648,3.296,system_fenced_before_release
2048,receiver_sparse,5,0,0,320,8,108.704,113.216,4.512,system_fenced_before_release
2048,receiver_sparse,5,0,1,576,8,139.264,144.16,4.896,system_fenced_before_release
2048,receiver_sparse,5,0,1,832,8,207.904,222.912,15.008,system_fenced_before_release
2048,receiver_sparse,6,0,0,128,8,72.544,76.128,3.584,system_fenced_before_release
2048,receiver_sparse,6,0,0,384,8,109.344,112.704,3.36,system_fenced_before_release
2048,receiver_sparse,6,0,1,640,8,164.544,177.44,12.896,system_fenced_before_release
2048,receiver_sparse,6,0,1,896,8,204.928,220.544,15.616,system_fenced_before_release
2048,receiver_sparse,7,0,0,192,8,73.984,77.056,3.072,system_fenced_before_release
2048,receiver_sparse,7,0,0,448,8,111.232,114.336,3.104,system_fenced_before_release
2048,receiver_sparse,7,0,1,704,8,186.016,193.984,7.968,system_fenced_before_release
2048,receiver_sparse,7,0,1,960,8,243.36,252.896,9.536,system_fenced_before_release
2048,receiver_sparse,8,0,0,0,8,72.768,75.808,3.04,system_fenced_before_release
2048,receiver_sparse,8,0,0,256,8,110.048,113.344,3.296,system_fenced_before_release
2048,receiver_sparse,8,0,1,512,8,138.976,151.808,12.832,system_fenced_before_release
2048,receiver_sparse,8,0,1,768,8,199.52,207.296,7.776,system_fenced_before_release
2048,receiver_sparse,9,0,0,64,8,73.504,77.344,3.84,system_fenced_before_release
2048,receiver_sparse,9,0,0,320,8,110.304,113.28,2.976,system_fenced_before_release
2048,receiver_sparse,9,0,1,576,8,162.944,195.584,32.64,system_fenced_before_release
2048,receiver_sparse,9,0,1,832,8,231.264,238.88,7.616,system_fenced_before_release
2048,receiver_sparse,10,0,0,128,8,72.16,76.032,3.872,system_fenced_before_release
2048,receiver_sparse,10,0,0,384,8,108.864,112.288,3.424,system_fenced_before_release
2048,receiver_sparse,10,0,1,640,8,166.144,179.072,12.928,system_fenced_before_release
2048,receiver_sparse,10,0,1,896,8,211.2,218.432,7.232,system_fenced_before_release
2048,receiver_sparse,11,0,0,192,8,74.432,77.984,3.552,system_fenced_before_release
2048,receiver_sparse,11,0,0,448,8,111.072,114.496,3.424,system_fenced_before_release
2048,receiver_sparse,11,0,1,704,8,179.328,186.336,7.008,system_fenced_before_release
2048,receiver_sparse,11,0,1,960,8,232.224,244.608,12.384,system_fenced_before_release
2048,receiver_sparse,12,0,0,0,8,72.384,76.384,4.0,system_fenced_before_release
2048,receiver_sparse,12,0,0,256,8,108.32,112.416,4.096,system_fenced_before_release
2048,receiver_sparse,12,0,1,512,8,144.96,165.312,20.352,system_fenced_before_release
2048,receiver_sparse,12,0,1,768,8,195.168,204.064,8.896,system_fenced_before_release
2048,receiver_sparse,13,0,0,64,8,74.752,78.72,3.968,system_fenced_before_release
2048,receiver_sparse,13,0,0,320,8,110.784,115.2,4.416,system_fenced_before_release
2048,receiver_sparse,13,0,1,576,8,143.328,206.912,63.584,system_fenced_before_release
2048,receiver_sparse,13,0,1,832,8,240.896,249.824,8.928,system_fenced_before_release
2048,receiver_sparse,14,0,0,128,8,71.168,74.88,3.712,system_fenced_before_release
2048,receiver_sparse,14,0,0,384,8,108.224,111.296,3.072,system_fenced_before_release
2048,receiver_sparse,14,0,1,640,8,148.672,162.24,13.568,system_fenced_before_release
2048,receiver_sparse,14,0,1,896,8,200.608,209.312,8.704,system_fenced_before_release
2048,receiver_sparse,15,0,0,192,8,73.216,76.16,2.944,system_fenced_before_release
2048,receiver_sparse,15,0,0,448,8,110.304,114.656,4.352,system_fenced_before_release
2048,receiver_sparse,15,0,1,704,8,163.52,172.8,9.28,system_fenced_before_release
2048,receiver_sparse,15,0,1,960,8,206.432,215.616,9.184,system_fenced_before_release
2048,receiver_sparse,16,0,0,0,8,73.536,76.832,3.296,system_fenced_before_release
2048,receiver_sparse,16,0,0,256,8,109.632,114.24,4.608,system_fenced_before_release
2048,receiver_sparse,16,0,1,512,8,140.032,145.408,5.376,system_fenced_before_release
2048,receiver_sparse,16,0,1,768,8,209.696,225.152,15.456,system_fenced_before_release
2048,receiver_sparse,17,0,0,64,8,73.92,77.344,3.424,system_fenced_before_release
2048,receiver_sparse,17,0,0,320,8,110.624,114.912,4.288,system_fenced_before_release
2048,receiver_sparse,17,0,1,576,8,144.64,191.264,46.624,system_fenced_before_release
2048,receiver_sparse,17,0,1,832,8,223.648,235.2,11.552,system_fenced_before_release
2048,receiver_sparse,18,0,0,128,8,73.088,77.216,4.128,system_fenced_before_release
2048,receiver_sparse,18,0,0,384,8,109.6,112.992,3.392,system_fenced_before_release
2048,receiver_sparse,18,0,1,640,8,147.936,160.832,12.896,system_fenced_before_release
2048,receiver_sparse,18,0,1,896,8,195.648,201.664,6.016,system_fenced_before_release
2048,receiver_sparse,19,0,0,192,8,72.544,76.096,3.552,system_fenced_before_release
2048,receiver_sparse,19,0,0,448,8,109.44,113.664,4.224,system_fenced_before_release
2048,receiver_sparse,19,0,1,704,8,186.848,194.272,7.424,system_fenced_before_release
2048,receiver_sparse,19,0,1,960,8,228.48,238.464,9.984,system_fenced_before_release
2048,receiver_sparse,0,1,0,0,8,142.304,202.656,60.352,system_fenced_before_release
2048,receiver_sparse,0,1,0,256,8,240.32,249.248,8.928,system_fenced_before_release
2048,receiver_sparse,0,1,1,512,8,71.712,74.624,2.912,system_fenced_before_release
2048,receiver_sparse,0,1,1,768,8,107.712,110.72,3.008,system_fenced_before_release
2048,receiver_sparse,1,1,0,64,8,139.296,171.04,31.744,system_fenced_before_release
2048,receiver_sparse,1,1,0,320,8,205.216,209.056,3.84,system_fenced_before_release
2048,receiver_sparse,1,1,1,576,8,71.552,74.72,3.168,system_fenced_before_release
2048,receiver_sparse,1,1,1,832,8,108.192,111.232,3.04,system_fenced_before_release
2048,receiver_sparse,2,1,0,128,8,138.336,201.76,63.424,system_fenced_before_release
2048,receiver_sparse,2,1,0,384,8,238.368,246.496,8.128,system_fenced_before_release
2048,receiver_sparse,2,1,1,640,8,70.656,74.24,3.584,system_fenced_before_release
2048,receiver_sparse,2,1,1,896,8,106.944,111.36,4.416,system_fenced_before_release
2048,receiver_sparse,3,1,0,192,8,155.36,165.472,10.112,system_fenced_before_release
2048,receiver_sparse,3,1,0,448,8,216.864,227.776,10.912,system_fenced_before_release
2048,receiver_sparse,3,1,1,704,8,71.488,74.688,3.2,system_fenced_before_release
2048,receiver_sparse,3,1,1,960,8,108.704,112.96,4.256,system_fenced_before_release
2048,receiver_sparse,4,1,0,0,8,140.704,145.92,5.216,system_fenced_before_release
2048,receiver_sparse,4,1,0,256,8,204.64,210.88,6.24,system_fenced_before_release
2048,receiver_sparse,4,1,1,512,8,72.96,76.192,3.232,system_fenced_before_release
2048,receiver_sparse,4,1,1,768,8,109.248,113.696,4.448,system_fenced_before_release
2048,receiver_sparse,5,1,0,64,8,138.912,171.264,32.352,system_fenced_before_release
2048,receiver_sparse,5,1,0,320,8,203.264,211.328,8.064,system_fenced_before_release
2048,receiver_sparse,5,1,1,576,8,70.336,73.504,3.168,system_fenced_before_release
2048,receiver_sparse,5,1,1,832,8,106.72,110.592,3.872,system_fenced_before_release
2048,receiver_sparse,6,1,0,128,8,137.28,175.328,38.048,system_fenced_before_release
2048,receiver_sparse,6,1,0,384,8,213.632,221.856,8.224,system_fenced_before_release
2048,receiver_sparse,6,1,1,640,8,70.976,74.464,3.488,system_fenced_before_release
2048,receiver_sparse,6,1,1,896,8,107.296,110.112,2.816,system_fenced_before_release
2048,receiver_sparse,7,1,0,192,8,165.824,175.648,9.824,system_fenced_before_release
2048,receiver_sparse,7,1,0,448,8,227.904,237.888,9.984,system_fenced_before_release
2048,receiver_sparse,7,1,1,704,8,71.712,75.008,3.296,system_fenced_before_release
2048,receiver_sparse,7,1,1,960,8,108.704,111.872,3.168,system_fenced_before_release
2048,receiver_sparse,8,1,0,0,8,138.816,183.424,44.608,system_fenced_before_release
2048,receiver_sparse,8,1,0,256,8,217.376,227.936,10.56,system_fenced_before_release
2048,receiver_sparse,8,1,1,512,8,71.456,74.656,3.2,system_fenced_before_release
2048,receiver_sparse,8,1,1,768,8,107.968,112.64,4.672,system_fenced_before_release
2048,receiver_sparse,9,1,0,64,8,144.128,210.88,66.752,system_fenced_before_release
2048,receiver_sparse,9,1,0,320,8,255.776,268.064,12.288,system_fenced_before_release
2048,receiver_sparse,9,1,1,576,8,73.312,76.64,3.328,system_fenced_before_release
2048,receiver_sparse,9,1,1,832,8,109.76,113.344,3.584,system_fenced_before_release
2048,receiver_sparse,10,1,0,128,8,147.456,183.648,36.192,system_fenced_before_release
2048,receiver_sparse,10,1,0,384,8,214.848,227.552,12.704,system_fenced_before_release
2048,receiver_sparse,10,1,1,640,8,72.768,76.032,3.264,system_fenced_before_release
2048,receiver_sparse,10,1,1,896,8,110.208,114.144,3.936,system_fenced_before_release
2048,receiver_sparse,11,1,0,192,8,198.304,204.0,5.696,system_fenced_before_release
2048,receiver_sparse,11,1,0,448,8,234.112,242.848,8.736,system_fenced_before_release
2048,receiver_sparse,11,1,1,704,8,70.656,74.272,3.616,system_fenced_before_release
2048,receiver_sparse,11,1,1,960,8,107.104,110.464,3.36,system_fenced_before_release
2048,receiver_sparse,12,1,0,0,8,136.704,167.392,30.688,system_fenced_before_release
2048,receiver_sparse,12,1,0,256,8,214.592,226.08,11.488,system_fenced_before_release
2048,receiver_sparse,12,1,1,512,8,69.984,73.056,3.072,system_fenced_before_release
2048,receiver_sparse,12,1,1,768,8,106.912,110.144,3.232,system_fenced_before_release
2048,receiver_sparse,13,1,0,64,8,183.84,194.56,10.72,system_fenced_before_release
2048,receiver_sparse,13,1,0,320,8,231.52,239.52,8.0,system_fenced_before_release
2048,receiver_sparse,13,1,1,576,8,70.944,74.56,3.616,system_fenced_before_release
2048,receiver_sparse,13,1,1,832,8,106.848,110.784,3.936,system_fenced_before_release
2048,receiver_sparse,14,1,0,128,8,138.304,143.872,5.568,system_fenced_before_release
2048,receiver_sparse,14,1,0,384,8,193.888,200.448,6.56,system_fenced_before_release
2048,receiver_sparse,14,1,1,640,8,70.656,74.016,3.36,system_fenced_before_release
2048,receiver_sparse,14,1,1,896,8,107.232,110.016,2.784,system_fenced_before_release
2048,receiver_sparse,15,1,0,192,8,152.576,162.016,9.44,system_fenced_before_release
2048,receiver_sparse,15,1,0,448,8,211.744,226.208,14.464,system_fenced_before_release
2048,receiver_sparse,15,1,1,704,8,70.24,73.696,3.456,system_fenced_before_release
2048,receiver_sparse,15,1,1,960,8,107.52,112.512,4.992,system_fenced_before_release
2048,receiver_sparse,16,1,0,0,8,137.6,140.992,3.392,system_fenced_before_release
2048,receiver_sparse,16,1,0,256,8,195.808,202.176,6.368,system_fenced_before_release
2048,receiver_sparse,16,1,1,512,8,70.848,74.016,3.168,system_fenced_before_release
2048,receiver_sparse,16,1,1,768,8,107.712,111.04,3.328,system_fenced_before_release
2048,receiver_sparse,17,1,0,64,8,137.76,156.864,19.104,system_fenced_before_release
2048,receiver_sparse,17,1,0,320,8,218.592,226.272,7.68,system_fenced_before_release
2048,receiver_sparse,17,1,1,576,8,70.656,73.792,3.136,system_fenced_before_release
2048,receiver_sparse,17,1,1,832,8,107.328,111.232,3.904,system_fenced_before_release
2048,receiver_sparse,18,1,0,128,8,138.528,163.296,24.768,system_fenced_before_release
2048,receiver_sparse,18,1,0,384,8,227.904,236.288,8.384,system_fenced_before_release
2048,receiver_sparse,18,1,1,640,8,70.912,74.944,4.032,system_fenced_before_release
2048,receiver_sparse,18,1,1,896,8,107.936,111.04,3.104,system_fenced_before_release
2048,receiver_sparse,19,1,0,192,8,195.648,201.504,5.856,system_fenced_before_release
2048,receiver_sparse,19,1,0,448,8,237.728,242.4,4.672,system_fenced_before_release
2048,receiver_sparse,19,1,1,704,8,71.232,74.528,3.296,system_fenced_before_release
2048,receiver_sparse,19,1,1,960,8,108.544,113.856,5.312,system_fenced_before_release
2048,receiver_dense,0,0,0,0,8,73.312,77.824,4.512,system_fenced_before_release
2048,receiver_dense,0,0,0,64,8,73.312,77.888,4.576,system_fenced_before_release
2048,receiver_dense,0,0,0,128,8,73.152,77.984,4.832,system_fenced_before_release
2048,receiver_dense,0,0,0,192,8,73.024,76.192,3.168,system_fenced_before_release
2048,receiver_dense,0,0,0,256,8,110.432,116.64,6.208,system_fenced_before_release
2048,receiver_dense,0,0,0,320,8,109.6,112.896,3.296,system_fenced_before_release
2048,receiver_dense,0,0,0,384,8,109.76,113.6,3.84,system_fenced_before_release
2048,receiver_dense,0,0,0,448,8,110.176,117.376,7.2,system_fenced_before_release
2048,receiver_dense,0,0,1,512,8,139.488,161.344,21.856,system_fenced_before_release
2048,receiver_dense,0,0,1,576,8,140.032,159.392,19.36,system_fenced_before_release
2048,receiver_dense,0,0,1,640,8,160.448,174.4,13.952,system_fenced_before_release
2048,receiver_dense,0,0,1,704,8,162.336,174.464,12.128,system_fenced_before_release
2048,receiver_dense,0,0,1,768,8,201.728,211.712,9.984,system_fenced_before_release
2048,receiver_dense,0,0,1,832,8,202.496,211.904,9.408,system_fenced_before_release
2048,receiver_dense,0,0,1,896,8,205.824,218.336,12.512,system_fenced_before_release
2048,receiver_dense,0,0,1,960,8,205.664,218.336,12.672,system_fenced_before_release
2048,receiver_dense,1,0,0,16,8,80.992,84.096,3.104,system_fenced_before_release
2048,receiver_dense,1,0,0,80,8,85.632,93.056,7.424,system_fenced_before_release
2048,receiver_dense,1,0,0,144,8,85.44,89.6,4.16,system_fenced_before_release
2048,receiver_dense,1,0,0,208,8,80.928,85.728,4.8,system_fenced_before_release
2048,receiver_dense,1,0,0,272,8,127.104,133.344,6.24,system_fenced_before_release
2048,receiver_dense,1,0,0,336,8,127.104,134.976,7.872,system_fenced_before_release
2048,receiver_dense,1,0,0,400,8,129.536,133.152,3.616,system_fenced_before_release
2048,receiver_dense,1,0,0,464,8,132.48,152.0,19.52,system_fenced_before_release
2048,receiver_dense,1,0,1,528,8,187.776,203.424,15.648,system_fenced_before_release
2048,receiver_dense,1,0,1,592,8,176.608,190.112,13.504,system_fenced_before_release
2048,receiver_dense,1,0,1,656,8,181.728,194.688,12.96,system_fenced_before_release
2048,receiver_dense,1,0,1,720,8,195.552,203.392,7.84,system_fenced_before_release
2048,receiver_dense,1,0,1,784,8,217.088,230.112,13.024,system_fenced_before_release
2048,receiver_dense,1,0,1,848,8,223.84,241.888,18.048,system_fenced_before_release
2048,receiver_dense,1,0,1,912,8,233.504,250.56,17.056,system_fenced_before_release
2048,receiver_dense,1,0,1,976,8,242.848,253.952,11.104,system_fenced_before_release
2048,receiver_dense,2,0,0,32,8,78.368,82.848,4.48,system_fenced_before_release
2048,receiver_dense,2,0,0,96,8,78.144,81.12,2.976,system_fenced_before_release
2048,receiver_dense,2,0,0,160,8,78.336,82.784,4.448,system_fenced_before_release
2048,receiver_dense,2,0,0,224,8,78.4,82.752,4.352,system_fenced_before_release
2048,receiver_dense,2,0,0,288,8,114.88,120.0,5.12,system_fenced_before_release
2048,receiver_dense,2,0,0,352,8,114.976,121.792,6.816,system_fenced_before_release
2048,receiver_dense,2,0,0,416,8,114.976,119.232,4.256,system_fenced_before_release
2048,receiver_dense,2,0,0,480,8,115.584,121.888,6.304,system_fenced_before_release
2048,receiver_dense,2,0,1,544,8,144.928,174.944,30.016,system_fenced_before_release
2048,receiver_dense,2,0,1,608,8,145.248,163.232,17.984,system_fenced_before_release
2048,receiver_dense,2,0,1,672,8,168.256,176.992,8.736,system_fenced_before_release
2048,receiver_dense,2,0,1,736,8,169.248,177.056,7.808,system_fenced_before_release
2048,receiver_dense,2,0,1,800,8,207.04,217.632,10.592,system_fenced_before_release
2048,receiver_dense,2,0,1,864,8,230.464,243.52,13.056,system_fenced_before_release
2048,receiver_dense,2,0,1,928,8,207.168,218.016,10.848,system_fenced_before_release
2048,receiver_dense,2,0,1,992,8,224.96,241.984,17.024,system_fenced_before_release
2048,receiver_dense,3,0,0,48,8,83.968,91.808,7.84,system_fenced_before_release
2048,receiver_dense,3,0,0,112,8,79.072,82.08,3.008,system_fenced_before_release
2048,receiver_dense,3,0,0,176,8,83.584,88.768,5.184,system_fenced_before_release
2048,receiver_dense,3,0,0,240,8,79.36,84.544,5.184,system_fenced_before_release
2048,receiver_dense,3,0,0,304,8,125.216,128.48,3.264,system_fenced_before_release
2048,receiver_dense,3,0,0,368,8,127.552,132.96,5.408,system_fenced_before_release
2048,receiver_dense,3,0,0,432,8,127.84,141.056,13.216,system_fenced_before_release
2048,receiver_dense,3,0,0,496,8,128.448,140.992,12.544,system_fenced_before_release
2048,receiver_dense,3,0,1,560,8,173.728,182.336,8.608,system_fenced_before_release
2048,receiver_dense,3,0,1,624,8,187.488,199.616,12.128,system_fenced_before_release
2048,receiver_dense,3,0,1,688,8,164.768,175.008,10.24,system_fenced_before_release
2048,receiver_dense,3,0,1,752,8,172.192,185.184,12.992,system_fenced_before_release
2048,receiver_dense,3,0,1,816,8,222.4,233.664,11.264,system_fenced_before_release
2048,receiver_dense,3,0,1,880,8,217.248,227.072,9.824,system_fenced_before_release
2048,receiver_dense,3,0,1,944,8,215.36,231.52,16.16,system_fenced_before_release
2048,receiver_dense,3,0,1,1008,8,222.912,231.52,8.608,system_fenced_before_release
2048,receiver_dense,4,0,0,0,8,74.304,78.944,4.64,system_fenced_before_release
2048,receiver_dense,4,0,0,64,8,74.208,78.944,4.736,system_fenced_before_release
2048,receiver_dense,4,0,0,128,8,74.176,77.312,3.136,system_fenced_before_release
2048,receiver_dense,4,0,0,192,8,74.08,79.008,4.928,system_fenced_before_release
2048,receiver_dense,4,0,0,256,8,111.104,115.968,4.864,system_fenced_before_release
2048,receiver_dense,4,0,0,320,8,110.848,115.232,4.384,system_fenced_before_release
2048,receiver_dense,4,0,0,384,8,111.072,115.968,4.896,system_fenced_before_release
2048,receiver_dense,4,0,0,448,8,111.136,116.128,4.992,system_fenced_before_release
2048,receiver_dense,4,0,1,512,8,140.8,196.288,55.488,system_fenced_before_release
2048,receiver_dense,4,0,1,576,8,147.52,198.784,51.264,system_fenced_before_release
2048,receiver_dense,4,0,1,640,8,193.632,203.712,10.08,system_fenced_before_release
2048,receiver_dense,4,0,1,704,8,195.84,203.744,7.904,system_fenced_before_release
2048,receiver_dense,4,0,1,768,8,236.32,248.064,11.744,system_fenced_before_release
2048,receiver_dense,4,0,1,832,8,225.344,235.616,10.272,system_fenced_before_release
2048,receiver_dense,4,0,1,896,8,229.504,238.88,9.376,system_fenced_before_release
2048,receiver_dense,4,0,1,960,8,235.104,253.024,17.92,system_fenced_before_release
2048,receiver_dense,5,0,0,16,8,85.888,91.84,5.952,system_fenced_before_release
2048,receiver_dense,5,0,0,80,8,86.528,93.92,7.392,system_fenced_before_release
2048,receiver_dense,5,0,0,144,8,82.304,85.344,3.04,system_fenced_before_release
2048,receiver_dense,5,0,0,208,8,86.4,90.56,4.16,system_fenced_before_release
2048,receiver_dense,5,0,0,272,8,128.32,136.416,8.096,system_fenced_before_release
2048,receiver_dense,5,0,0,336,8,128.608,134.112,5.504,system_fenced_before_release
2048,receiver_dense,5,0,0,400,8,130.56,136.448,5.888,system_fenced_before_release
2048,receiver_dense,5,0,0,464,8,135.456,146.592,11.136,system_fenced_before_release
2048,receiver_dense,5,0,1,528,8,177.696,189.28,11.584,system_fenced_before_release
2048,receiver_dense,5,0,1,592,8,173.824,186.176,12.352,system_fenced_before_release
2048,receiver_dense,5,0,1,656,8,189.184,202.784,13.6,system_fenced_before_release
2048,receiver_dense,5,0,1,720,8,176.032,191.936,15.904,system_fenced_before_release
2048,receiver_dense,5,0,1,784,8,227.52,240.768,13.248,system_fenced_before_release
2048,receiver_dense,5,0,1,848,8,223.488,240.64,17.152,system_fenced_before_release
2048,receiver_dense,5,0,1,912,8,227.424,238.24,10.816,system_fenced_before_release
2048,receiver_dense,5,0,1,976,8,225.504,240.64,15.136,system_fenced_before_release
2048,receiver_dense,6,0,0,32,8,73.184,77.632,4.448,system_fenced_before_release
2048,receiver_dense,6,0,0,96,8,72.736,75.84,3.104,system_fenced_before_release
2048,receiver_dense,6,0,0,160,8,73.248,77.568,4.32,system_fenced_before_release
2048,receiver_dense,6,0,0,224,8,73.184,77.696,4.512,system_fenced_before_release
2048,receiver_dense,6,0,0,288,8,109.888,113.632,3.744,system_fenced_before_release
2048,receiver_dense,6,0,0,352,8,109.632,114.4,4.768,system_fenced_before_release
2048,receiver_dense,6,0,0,416,8,109.6,116.256,6.656,system_fenced_before_release
2048,receiver_dense,6,0,0,480,8,110.208,116.256,6.048,system_fenced_before_release
2048,receiver_dense,6,0,1,544,8,141.12,171.392,30.272,system_fenced_before_release
2048,receiver_dense,6,0,1,608,8,141.344,156.8,15.456,system_fenced_before_release
2048,receiver_dense,6,0,1,672,8,166.336,176.736,10.4,system_fenced_before_release
2048,receiver_dense,6,0,1,736,8,159.616,173.248,13.632,system_fenced_before_release
2048,receiver_dense,6,0,1,800,8,216.992,237.28,20.288,system_fenced_before_release
2048,receiver_dense,6,0,1,864,8,196.544,212.544,16.0,system_fenced_before_release
2048,receiver_dense,6,0,1,928,8,204.736,215.392,10.656,system_fenced_before_release
2048,receiver_dense,6,0,1,992,8,199.936,212.544,12.608,system_fenced_before_release
2048,receiver_dense,7,0,0,48,8,83.936,88.576,4.64,system_fenced_before_release
2048,receiver_dense,7,0,0,112,8,83.52,88.576,5.056,system_fenced_before_release
2048,receiver_dense,7,0,0,176,8,83.552,86.912,3.36,system_fenced_before_release
2048,receiver_dense,7,0,0,240,8,83.456,88.864,5.408,system_fenced_before_release
2048,receiver_dense,7,0,0,304,8,124.576,130.112,5.536,system_fenced_before_release
2048,receiver_dense,7,0,0,368,8,126.784,131.84,5.056,system_fenced_before_release
2048,receiver_dense,7,0,0,432,8,126.816,135.328,8.512,system_fenced_before_release
2048,receiver_dense,7,0,0,496,8,132.64,140.928,8.288,system_fenced_before_release
2048,receiver_dense,7,0,1,560,8,186.176,194.976,8.8,system_fenced_before_release
2048,receiver_dense,7,0,1,624,8,175.04,187.232,12.192,system_fenced_before_release
2048,receiver_dense,7,0,1,688,8,176.992,190.176,13.184,system_fenced_before_release
2048,receiver_dense,7,0,1,752,8,182.656,196.992,14.336,system_fenced_before_release
2048,receiver_dense,7,0,1,816,8,218.88,234.336,15.456,system_fenced_before_release
2048,receiver_dense,7,0,1,880,8,220.928,231.776,10.848,system_fenced_before_release
2048,receiver_dense,7,0,1,944,8,220.576,234.304,13.728,system_fenced_before_release
2048,receiver_dense,7,0,1,1008,8,222.624,236.096,13.472,system_fenced_before_release
2048,receiver_dense,8,0,0,0,8,72.448,76.8,4.352,system_fenced_before_release
2048,receiver_dense,8,0,0,64,8,72.448,76.832,4.384,system_fenced_before_release
2048,receiver_dense,8,0,0,128,8,72.224,75.168,2.944,system_fenced_before_release
2048,receiver_dense,8,0,0,192,8,72.384,76.864,4.48,system_fenced_before_release
2048,receiver_dense,8,0,0,256,8,109.376,115.616,6.24,system_fenced_before_release
2048,receiver_dense,8,0,0,320,8,108.704,113.824,5.12,system_fenced_before_release
2048,receiver_dense,8,0,0,384,8,108.864,116.192,7.328,system_fenced_before_release
2048,receiver_dense,8,0,0,448,8,108.8,113.088,4.288,system_fenced_before_release
2048,receiver_dense,8,0,1,512,8,138.72,145.248,6.528,system_fenced_before_release
2048,receiver_dense,8,0,1,576,8,139.392,151.36,11.968,system_fenced_before_release
2048,receiver_dense,8,0,1,640,8,154.656,166.752,12.096,system_fenced_before_release
2048,receiver_dense,8,0,1,704,8,155.776,164.96,9.184,system_fenced_before_release
2048,receiver_dense,8,0,1,768,8,214.272,231.616,17.344,system_fenced_before_release
2048,receiver_dense,8,0,1,832,8,196.576,207.008,10.432,system_fenced_before_release
2048,receiver_dense,8,0,1,896,8,196.128,210.048,13.92,system_fenced_before_release
2048,receiver_dense,8,0,1,960,8,197.056,210.048,12.992,system_fenced_before_release
2048,receiver_dense,9,0,0,16,8,84.0,91.392,7.392,system_fenced_before_release
2048,receiver_dense,9,0,0,80,8,79.68,82.944,3.264,system_fenced_before_release
2048,receiver_dense,9,0,0,144,8,84.0,91.424,7.424,system_fenced_before_release
2048,receiver_dense,9,0,0,208,8,84.096,91.456,7.36,system_fenced_before_release
2048,receiver_dense,9,0,0,272,8,126.08,131.104,5.024,system_fenced_before_release
2048,receiver_dense,9,0,0,336,8,125.888,131.968,6.08,system_fenced_before_release
2048,receiver_dense,9,0,0,400,8,128.192,134.496,6.304,system_fenced_before_release
2048,receiver_dense,9,0,0,464,8,132.96,139.616,6.656,system_fenced_before_release
2048,receiver_dense,9,0,1,528,8,165.664,174.4,8.736,system_fenced_before_release
2048,receiver_dense,9,0,1,592,8,173.984,185.536,11.552,system_fenced_before_release
2048,receiver_dense,9,0,1,656,8,185.216,195.68,10.464,system_fenced_before_release
2048,receiver_dense,9,0,1,720,8,185.792,201.504,15.712,system_fenced_before_release
2048,receiver_dense,9,0,1,784,8,210.528,230.816,20.288,system_fenced_before_release
2048,receiver_dense,9,0,1,848,8,215.872,225.696,9.824,system_fenced_before_release
2048,receiver_dense,9,0,1,912,8,219.36,232.864,13.504,system_fenced_before_release
2048,receiver_dense,9,0,1,976,8,235.68,245.12,9.44,system_fenced_before_release
2048,receiver_dense,10,0,0,32,8,74.016,78.656,4.64,system_fenced_before_release
2048,receiver_dense,10,0,0,96,8,73.632,78.72,5.088,system_fenced_before_release
2048,receiver_dense,10,0,0,160,8,73.952,76.864,2.912,system_fenced_before_release
2048,receiver_dense,10,0,0,224,8,73.984,78.688,4.704,system_fenced_before_release
2048,receiver_dense,10,0,0,288,8,110.56,115.744,5.184,system_fenced_before_release
2048,receiver_dense,10,0,0,352,8,110.656,117.952,7.296,system_fenced_before_release
2048,receiver_dense,10,0,0,416,8,110.592,117.664,7.072,system_fenced_before_release
2048,receiver_dense,10,0,0,480,8,111.232,117.44,6.208,system_fenced_before_release
2048,receiver_dense,10,0,1,544,8,147.616,197.504,49.888,system_fenced_before_release
2048,receiver_dense,10,0,1,608,8,141.184,179.008,37.824,system_fenced_before_release
2048,receiver_dense,10,0,1,672,8,180.16,201.376,21.216,system_fenced_before_release
2048,receiver_dense,10,0,1,736,8,181.824,197.632,15.808,system_fenced_before_release
2048,receiver_dense,10,0,1,800,8,221.952,233.6,11.648,system_fenced_before_release
2048,receiver_dense,10,0,1,864,8,228.352,240.224,11.872,system_fenced_before_release
2048,receiver_dense,10,0,1,928,8,246.432,258.208,11.776,system_fenced_before_release
2048,receiver_dense,10,0,1,992,8,233.024,252.704,19.68,system_fenced_before_release
2048,receiver_dense,11,0,0,48,8,83.968,91.296,7.328,system_fenced_before_release
2048,receiver_dense,11,0,0,112,8,79.776,82.912,3.136,system_fenced_before_release
2048,receiver_dense,11,0,0,176,8,82.56,89.632,7.072,system_fenced_before_release
2048,receiver_dense,11,0,0,240,8,80.096,84.608,4.512,system_fenced_before_release
2048,receiver_dense,11,0,0,304,8,125.504,130.304,4.8,system_fenced_before_release
2048,receiver_dense,11,0,0,368,8,128.192,141.28,13.088,system_fenced_before_release
2048,receiver_dense,11,0,0,432,8,128.448,141.28,12.832,system_fenced_before_release
2048,receiver_dense,11,0,0,496,8,133.12,155.68,22.56,system_fenced_before_release
2048,receiver_dense,11,0,1,560,8,169.792,181.312,11.52,system_fenced_before_release
2048,receiver_dense,11,0,1,624,8,189.504,202.016,12.512,system_fenced_before_release
2048,receiver_dense,11,0,1,688,8,166.784,174.08,7.296,system_fenced_before_release
2048,receiver_dense,11,0,1,752,8,170.176,181.408,11.232,system_fenced_before_release
2048,receiver_dense,11,0,1,816,8,199.136,204.064,4.928,system_fenced_before_release
2048,receiver_dense,11,0,1,880,8,224.448,240.0,15.552,system_fenced_before_release
2048,receiver_dense,11,0,1,944,8,209.248,221.92,12.672,system_fenced_before_release
2048,receiver_dense,11,0,1,1008,8,221.536,236.416,14.88,system_fenced_before_release
2048,receiver_dense,12,0,0,0,8,73.856,77.248,3.392,system_fenced_before_release
2048,receiver_dense,12,0,0,64,8,74.24,77.248,3.008,system_fenced_before_release
2048,receiver_dense,12,0,0,128,8,73.664,76.48,2.816,system_fenced_before_release
2048,receiver_dense,12,0,0,192,8,73.6,77.344,3.744,system_fenced_before_release
2048,receiver_dense,12,0,0,256,8,110.368,116.512,6.144,system_fenced_before_release
2048,receiver_dense,12,0,0,320,8,110.848,116.704,5.856,system_fenced_before_release
2048,receiver_dense,12,0,0,384,8,110.272,114.784,4.512,system_fenced_before_release
2048,receiver_dense,12,0,0,448,8,110.912,114.336,3.424,system_fenced_before_release
2048,receiver_dense,12,0,1,512,8,140.672,150.496,9.824,system_fenced_before_release
2048,receiver_dense,12,0,1,576,8,140.992,150.784,9.792,system_fenced_before_release
2048,receiver_dense,12,0,1,640,8,156.832,170.88,14.048,system_fenced_before_release
2048,receiver_dense,12,0,1,704,8,152.064,165.12,13.056,system_fenced_before_release
2048,receiver_dense,12,0,1,768,8,197.248,209.472,12.224,system_fenced_before_release
2048,receiver_dense,12,0,1,832,8,190.496,200.384,9.888,system_fenced_before_release
2048,receiver_dense,12,0,1,896,8,194.432,205.216,10.784,system_fenced_before_release
2048,receiver_dense,12,0,1,960,8,205.12,218.848,13.728,system_fenced_before_release
2048,receiver_dense,13,0,0,16,8,80.288,83.168,2.88,system_fenced_before_release
2048,receiver_dense,13,0,0,80,8,80.096,84.928,4.832,system_fenced_before_release
2048,receiver_dense,13,0,0,144,8,80.096,85.28,5.184,system_fenced_before_release
2048,receiver_dense,13,0,0,208,8,80.0,85.248,5.248,system_fenced_before_release
2048,receiver_dense,13,0,0,272,8,125.824,131.84,6.016,system_fenced_before_release
2048,receiver_dense,13,0,0,336,8,125.856,130.976,5.12,system_fenced_before_release
2048,receiver_dense,13,0,0,400,8,128.256,134.048,5.792,system_fenced_before_release
2048,receiver_dense,13,0,0,464,8,133.504,140.864,7.36,system_fenced_before_release
2048,receiver_dense,13,0,1,528,8,181.376,197.568,16.192,system_fenced_before_release
2048,receiver_dense,13,0,1,592,8,186.592,201.28,14.688,system_fenced_before_release
2048,receiver_dense,13,0,1,656,8,168.32,175.392,7.072,system_fenced_before_release
2048,receiver_dense,13,0,1,720,8,175.488,188.544,13.056,system_fenced_before_release
2048,receiver_dense,13,0,1,784,8,221.984,239.392,17.408,system_fenced_before_release
2048,receiver_dense,13,0,1,848,8,217.504,227.68,10.176,system_fenced_before_release
2048,receiver_dense,13,0,1,912,8,229.824,247.456,17.632,system_fenced_before_release
2048,receiver_dense,13,0,1,976,8,231.008,245.792,14.784,system_fenced_before_release
2048,receiver_dense,14,0,0,32,8,72.288,77.472,5.184,system_fenced_before_release
2048,receiver_dense,14,0,0,96,8,72.16,75.712,3.552,system_fenced_before_release
2048,receiver_dense,14,0,0,160,8,72.416,80.768,8.352,system_fenced_before_release
2048,receiver_dense,14,0,0,224,8,72.448,77.44,4.992,system_fenced_before_release
2048,receiver_dense,14,0,0,288,8,109.056,115.68,6.624,system_fenced_before_release
2048,receiver_dense,14,0,0,352,8,108.704,112.768,4.064,system_fenced_before_release
2048,receiver_dense,14,0,0,416,8,109.12,114.88,5.76,system_fenced_before_release
2048,receiver_dense,14,0,0,480,8,109.184,115.648,6.464,system_fenced_before_release
2048,receiver_dense,14,0,1,544,8,139.008,174.048,35.04,system_fenced_before_release
2048,receiver_dense,14,0,1,608,8,138.432,161.024,22.592,system_fenced_before_release
2048,receiver_dense,14,0,1,672,8,163.072,172.352,9.28,system_fenced_before_release
2048,receiver_dense,14,0,1,736,8,161.056,175.68,14.624,system_fenced_before_release
2048,receiver_dense,14,0,1,800,8,207.744,218.784,11.04,system_fenced_before_release
2048,receiver_dense,14,0,1,864,8,209.888,218.784,8.896,system_fenced_before_release
2048,receiver_dense,14,0,1,928,8,202.24,212.704,10.464,system_fenced_before_release
2048,receiver_dense,14,0,1,992,8,223.776,233.952,10.176,system_fenced_before_release
2048,receiver_dense,15,0,0,48,8,85.76,91.552,5.792,system_fenced_before_release
2048,receiver_dense,15,0,0,112,8,85.536,88.48,2.944,system_fenced_before_release
2048,receiver_dense,15,0,0,176,8,81.344,85.408,4.064,system_fenced_before_release
2048,receiver_dense,15,0,0,240,8,85.792,93.344,7.552,system_fenced_before_release
2048,receiver_dense,15,0,0,304,8,127.552,131.04,3.488,system_fenced_before_release
2048,receiver_dense,15,0,0,368,8,129.056,135.072,6.016,system_fenced_before_release
2048,receiver_dense,15,0,0,432,8,129.824,135.04,5.216,system_fenced_before_release
2048,receiver_dense,15,0,0,496,8,135.616,143.072,7.456,system_fenced_before_release
2048,receiver_dense,15,0,1,560,8,171.072,178.592,7.52,system_fenced_before_release
2048,receiver_dense,15,0,1,624,8,196.832,209.344,12.512,system_fenced_before_release
2048,receiver_dense,15,0,1,688,8,177.888,190.656,12.768,system_fenced_before_release
2048,receiver_dense,15,0,1,752,8,181.792,193.088,11.296,system_fenced_before_release
2048,receiver_dense,15,0,1,816,8,223.84,235.712,11.872,system_fenced_before_release
2048,receiver_dense,15,0,1,880,8,225.216,238.24,13.024,system_fenced_before_release
2048,receiver_dense,15,0,1,944,8,232.736,246.368,13.632,system_fenced_before_release
2048,receiver_dense,15,0,1,1008,8,227.008,241.024,14.016,system_fenced_before_release
2048,receiver_dense,16,0,0,0,8,73.408,78.24,4.832,system_fenced_before_release
2048,receiver_dense,16,0,0,64,8,73.504,78.208,4.704,system_fenced_before_release
2048,receiver_dense,16,0,0,128,8,73.344,76.192,2.848,system_fenced_before_release
2048,receiver_dense,16,0,0,192,8,73.248,78.272,5.024,system_fenced_before_release
2048,receiver_dense,16,0,0,256,8,109.888,113.152,3.264,system_fenced_before_release
2048,receiver_dense,16,0,0,320,8,109.76,113.248,3.488,system_fenced_before_release
2048,receiver_dense,16,0,0,384,8,109.792,115.648,5.856,system_fenced_before_release
2048,receiver_dense,16,0,0,448,8,109.76,113.952,4.192,system_fenced_before_release
2048,receiver_dense,16,0,1,512,8,139.968,154.848,14.88,system_fenced_before_release
2048,receiver_dense,16,0,1,576,8,142.72,166.016,23.296,system_fenced_before_release
2048,receiver_dense,16,0,1,640,8,162.848,170.912,8.064,system_fenced_before_release
2048,receiver_dense,16,0,1,704,8,161.344,170.912,9.568,system_fenced_before_release
2048,receiver_dense,16,0,1,768,8,198.656,211.424,12.768,system_fenced_before_release
2048,receiver_dense,16,0,1,832,8,203.232,216.416,13.184,system_fenced_before_release
2048,receiver_dense,16,0,1,896,8,200.736,211.392,10.656,system_fenced_before_release
2048,receiver_dense,16,0,1,960,8,204.224,219.904,15.68,system_fenced_before_release
2048,receiver_dense,17,0,0,16,8,85.344,90.592,5.248,system_fenced_before_release
2048,receiver_dense,17,0,0,80,8,80.832,85.12,4.288,system_fenced_before_release
2048,receiver_dense,17,0,0,144,8,80.768,83.936,3.168,system_fenced_before_release
2048,receiver_dense,17,0,0,208,8,85.28,92.384,7.104,system_fenced_before_release
2048,receiver_dense,17,0,0,272,8,126.848,134.08,7.232,system_fenced_before_release
2048,receiver_dense,17,0,0,336,8,126.624,133.088,6.464,system_fenced_before_release
2048,receiver_dense,17,0,0,400,8,134.4,144.928,10.528,system_fenced_before_release
2048,receiver_dense,17,0,0,464,8,129.504,139.392,9.888,system_fenced_before_release
2048,receiver_dense,17,0,1,528,8,184.352,199.232,14.88,system_fenced_before_release
2048,receiver_dense,17,0,1,592,8,177.088,191.52,14.432,system_fenced_before_release
2048,receiver_dense,17,0,1,656,8,173.216,182.176,8.96,system_fenced_before_release
2048,receiver_dense,17,0,1,720,8,178.016,192.064,14.048,system_fenced_before_release
2048,receiver_dense,17,0,1,784,8,213.44,227.616,14.176,system_fenced_before_release
2048,receiver_dense,17,0,1,848,8,214.624,227.616,12.992,system_fenced_before_release
2048,receiver_dense,17,0,1,912,8,224.896,237.312,12.416,system_fenced_before_release
2048,receiver_dense,17,0,1,976,8,223.712,235.456,11.744,system_fenced_before_release
2048,receiver_dense,18,0,0,32,8,73.184,77.728,4.544,system_fenced_before_release
2048,receiver_dense,18,0,0,96,8,72.832,76.032,3.2,system_fenced_before_release
2048,receiver_dense,18,0,0,160,8,73.024,77.728,4.704,system_fenced_before_release
2048,receiver_dense,18,0,0,224,8,73.28,77.696,4.416,system_fenced_before_release
2048,receiver_dense,18,0,0,288,8,109.216,114.208,4.992,system_fenced_before_release
2048,receiver_dense,18,0,0,352,8,109.504,113.632,4.128,system_fenced_before_release
2048,receiver_dense,18,0,0,416,8,109.92,116.032,6.112,system_fenced_before_release
2048,receiver_dense,18,0,0,480,8,109.952,116.0,6.048,system_fenced_before_release
2048,receiver_dense,18,0,1,544,8,140.288,197.76,57.472,system_fenced_before_release
2048,receiver_dense,18,0,1,608,8,139.968,181.28,41.312,system_fenced_before_release
2048,receiver_dense,18,0,1,672,8,198.784,208.928,10.144,system_fenced_before_release
2048,receiver_dense,18,0,1,736,8,195.904,207.04,11.136,system_fenced_before_release
2048,receiver_dense,18,0,1,800,8,233.696,244.512,10.816,system_fenced_before_release
2048,receiver_dense,18,0,1,864,8,236.16,246.656,10.496,system_fenced_before_release
2048,receiver_dense,18,0,1,928,8,253.44,277.984,24.544,system_fenced_before_release
2048,receiver_dense,18,0,1,992,8,252.672,271.424,18.752,system_fenced_before_release
2048,receiver_dense,19,0,0,48,8,86.752,91.808,5.056,system_fenced_before_release
2048,receiver_dense,19,0,0,112,8,91.744,95.04,3.296,system_fenced_before_release
2048,receiver_dense,19,0,0,176,8,91.328,95.072,3.744,system_fenced_before_release
2048,receiver_dense,19,0,0,240,8,86.88,90.048,3.168,system_fenced_before_release
2048,receiver_dense,19,0,0,304,8,132.288,137.472,5.184,system_fenced_before_release
2048,receiver_dense,19,0,0,368,8,134.304,143.52,9.216,system_fenced_before_release
2048,receiver_dense,19,0,0,432,8,139.36,163.232,23.872,system_fenced_before_release
2048,receiver_dense,19,0,0,496,8,139.68,143.584,3.904,system_fenced_before_release
2048,receiver_dense,19,0,1,560,8,183.808,191.808,8.0,system_fenced_before_release
2048,receiver_dense,19,0,1,624,8,190.112,203.008,12.896,system_fenced_before_release
2048,receiver_dense,19,0,1,688,8,195.008,205.632,10.624,system_fenced_before_release
2048,receiver_dense,19,0,1,752,8,191.968,203.008,11.04,system_fenced_before_release
2048,receiver_dense,19,0,1,816,8,238.048,252.544,14.496,system_fenced_before_release
2048,receiver_dense,19,0,1,880,8,244.448,258.432,13.984,system_fenced_before_release
2048,receiver_dense,19,0,1,944,8,240.352,256.672,16.32,system_fenced_before_release
2048,receiver_dense,19,0,1,1008,8,239.84,252.544,12.704,system_fenced_before_release
2048,receiver_dense,0,1,0,0,8,139.68,158.624,18.944,system_fenced_before_release
2048,receiver_dense,0,1,0,64,8,139.52,153.536,14.016,system_fenced_before_release
2048,receiver_dense,0,1,0,128,8,166.304,177.728,11.424,system_fenced_before_release
2048,receiver_dense,0,1,0,192,8,163.456,172.224,8.768,system_fenced_before_release
2048,receiver_dense,0,1,0,256,8,205.28,217.792,12.512,system_fenced_before_release
2048,receiver_dense,0,1,0,320,8,202.176,213.28,11.104,system_fenced_before_release
2048,receiver_dense,0,1,0,384,8,219.872,238.304,18.432,system_fenced_before_release
2048,receiver_dense,0,1,0,448,8,206.752,217.824,11.072,system_fenced_before_release
2048,receiver_dense,0,1,1,512,8,72.544,75.744,3.2,system_fenced_before_release
2048,receiver_dense,0,1,1,576,8,72.576,78.176,5.6,system_fenced_before_release
2048,receiver_dense,0,1,1,640,8,72.832,78.144,5.312,system_fenced_before_release
2048,receiver_dense,0,1,1,704,8,72.736,78.176,5.44,system_fenced_before_release
2048,receiver_dense,0,1,1,768,8,110.336,115.744,5.408,system_fenced_before_release
2048,receiver_dense,0,1,1,832,8,109.312,115.008,5.696,system_fenced_before_release
2048,receiver_dense,0,1,1,896,8,109.472,115.68,6.208,system_fenced_before_release
2048,receiver_dense,0,1,1,960,8,109.536,115.68,6.144,system_fenced_before_release
2048,receiver_dense,1,1,0,16,8,196.672,206.08,9.408,system_fenced_before_release
2048,receiver_dense,1,1,0,80,8,201.728,218.272,16.544,system_fenced_before_release
2048,receiver_dense,1,1,0,144,8,188.64,201.664,13.024,system_fenced_before_release
2048,receiver_dense,1,1,0,208,8,205.664,215.392,9.728,system_fenced_before_release
2048,receiver_dense,1,1,0,272,8,240.608,254.688,14.08,system_fenced_before_release
2048,receiver_dense,1,1,0,336,8,234.912,247.776,12.864,system_fenced_before_release
2048,receiver_dense,1,1,0,400,8,242.112,259.968,17.856,system_fenced_before_release
2048,receiver_dense,1,1,0,464,8,231.424,245.408,13.984,system_fenced_before_release
2048,receiver_dense,1,1,1,528,8,78.624,83.488,4.864,system_fenced_before_release
2048,receiver_dense,1,1,1,592,8,78.688,82.56,3.872,system_fenced_before_release
2048,receiver_dense,1,1,1,656,8,78.56,83.424,4.864,system_fenced_before_release
2048,receiver_dense,1,1,1,720,8,82.688,87.136,4.448,system_fenced_before_release
2048,receiver_dense,1,1,1,784,8,124.832,133.312,8.48,system_fenced_before_release
2048,receiver_dense,1,1,1,848,8,124.736,131.04,6.304,system_fenced_before_release
2048,receiver_dense,1,1,1,912,8,127.392,135.488,8.096,system_fenced_before_release
2048,receiver_dense,1,1,1,976,8,127.04,135.2,8.16,system_fenced_before_release
2048,receiver_dense,2,1,0,32,8,141.664,169.184,27.52,system_fenced_before_release
2048,receiver_dense,2,1,0,96,8,141.952,157.92,15.968,system_fenced_before_release
2048,receiver_dense,2,1,0,160,8,152.896,160.928,8.032,system_fenced_before_release
2048,receiver_dense,2,1,0,224,8,154.912,169.184,14.272,system_fenced_before_release
2048,receiver_dense,2,1,0,288,8,210.144,221.312,11.168,system_fenced_before_release
2048,receiver_dense,2,1,0,352,8,209.056,232.576,23.52,system_fenced_before_release
2048,receiver_dense,2,1,0,416,8,195.872,204.896,9.024,system_fenced_before_release
2048,receiver_dense,2,1,0,480,8,220.864,246.112,25.248,system_fenced_before_release
2048,receiver_dense,2,1,1,544,8,74.528,77.6,3.072,system_fenced_before_release
2048,receiver_dense,2,1,1,608,8,74.848,80.384,5.536,system_fenced_before_release
2048,receiver_dense,2,1,1,672,8,74.432,80.032,5.6,system_fenced_before_release
2048,receiver_dense,2,1,1,736,8,75.008,80.064,5.056,system_fenced_before_release
2048,receiver_dense,2,1,1,800,8,111.392,117.856,6.464,system_fenced_before_release
2048,receiver_dense,2,1,1,864,8,111.2,116.0,4.8,system_fenced_before_release
2048,receiver_dense,2,1,1,928,8,111.936,115.392,3.456,system_fenced_before_release
2048,receiver_dense,2,1,1,992,8,111.52,118.496,6.976,system_fenced_before_release
2048,receiver_dense,3,1,0,48,8,190.24,202.24,12.0,system_fenced_before_release
2048,receiver_dense,3,1,0,112,8,172.8,187.36,14.56,system_fenced_before_release
2048,receiver_dense,3,1,0,176,8,174.624,189.6,14.976,system_fenced_before_release
2048,receiver_dense,3,1,0,240,8,183.136,193.952,10.816,system_fenced_before_release
2048,receiver_dense,3,1,0,304,8,223.008,236.416,13.408,system_fenced_before_release
2048,receiver_dense,3,1,0,368,8,219.2,238.752,19.552,system_fenced_before_release
2048,receiver_dense,3,1,0,432,8,229.376,244.768,15.392,system_fenced_before_release
2048,receiver_dense,3,1,0,496,8,231.04,248.192,17.152,system_fenced_before_release
2048,receiver_dense,3,1,1,560,8,82.304,87.456,5.152,system_fenced_before_release
2048,receiver_dense,3,1,1,624,8,77.664,82.752,5.088,system_fenced_before_release
2048,receiver_dense,3,1,1,688,8,77.664,81.984,4.32,system_fenced_before_release
2048,receiver_dense,3,1,1,752,8,77.92,82.752,4.832,system_fenced_before_release
2048,receiver_dense,3,1,1,816,8,123.968,128.768,4.8,system_fenced_before_release
2048,receiver_dense,3,1,1,880,8,126.4,135.232,8.832,system_fenced_before_release
2048,receiver_dense,3,1,1,944,8,126.496,130.72,4.224,system_fenced_before_release
2048,receiver_dense,3,1,1,1008,8,126.752,135.36,8.608,system_fenced_before_release
2048,receiver_dense,4,1,0,0,8,140.64,202.528,61.888,system_fenced_before_release
2048,receiver_dense,4,1,0,64,8,140.672,210.592,69.92,system_fenced_before_release
2048,receiver_dense,4,1,0,128,8,210.368,220.128,9.76,system_fenced_before_release
2048,receiver_dense,4,1,0,192,8,208.608,220.064,11.456,system_fenced_before_release
2048,receiver_dense,4,1,0,256,8,243.84,252.48,8.64,system_fenced_before_release
2048,receiver_dense,4,1,0,320,8,232.288,237.024,4.736,system_fenced_before_release
2048,receiver_dense,4,1,0,384,8,261.568,281.696,20.128,system_fenced_before_release
2048,receiver_dense,4,1,0,448,8,264.672,290.4,25.728,system_fenced_before_release
2048,receiver_dense,4,1,1,512,8,73.664,78.944,5.28,system_fenced_before_release
2048,receiver_dense,4,1,1,576,8,73.824,78.944,5.12,system_fenced_before_release
2048,receiver_dense,4,1,1,640,8,73.888,78.944,5.056,system_fenced_before_release
2048,receiver_dense,4,1,1,704,8,73.92,76.864,2.944,system_fenced_before_release
2048,receiver_dense,4,1,1,768,8,110.016,117.6,7.584,system_fenced_before_release
2048,receiver_dense,4,1,1,832,8,110.176,116.832,6.656,system_fenced_before_release
2048,receiver_dense,4,1,1,896,8,110.24,118.016,7.776,system_fenced_before_release
2048,receiver_dense,4,1,1,960,8,110.72,117.536,6.816,system_fenced_before_release
2048,receiver_dense,5,1,0,16,8,175.232,188.064,12.832,system_fenced_before_release
2048,receiver_dense,5,1,0,80,8,188.352,201.152,12.8,system_fenced_before_release
2048,receiver_dense,5,1,0,144,8,190.624,203.36,12.736,system_fenced_before_release
2048,receiver_dense,5,1,0,208,8,179.2,195.232,16.032,system_fenced_before_release
2048,receiver_dense,5,1,0,272,8,227.488,239.968,12.48,system_fenced_before_release
2048,receiver_dense,5,1,0,336,8,229.024,243.904,14.88,system_fenced_before_release
2048,receiver_dense,5,1,0,400,8,234.368,249.216,14.848,system_fenced_before_release
2048,receiver_dense,5,1,0,464,8,223.648,232.928,9.28,system_fenced_before_release
2048,receiver_dense,5,1,1,528,8,77.984,82.496,4.512,system_fenced_before_release
2048,receiver_dense,5,1,1,592,8,77.856,83.872,6.016,system_fenced_before_release
2048,receiver_dense,5,1,1,656,8,81.824,85.952,4.128,system_fenced_before_release
2048,receiver_dense,5,1,1,720,8,82.24,88.928,6.688,system_fenced_before_release
2048,receiver_dense,5,1,1,784,8,124.544,130.112,5.568,system_fenced_before_release
2048,receiver_dense,5,1,1,848,8,124.544,132.928,8.384,system_fenced_before_release
2048,receiver_dense,5,1,1,912,8,126.368,134.528,8.16,system_fenced_before_release
2048,receiver_dense,5,1,1,976,8,131.616,140.0,8.384,system_fenced_before_release
2048,receiver_dense,6,1,0,32,8,138.336,173.088,34.752,system_fenced_before_release
2048,receiver_dense,6,1,0,96,8,138.848,166.976,28.128,system_fenced_before_release
2048,receiver_dense,6,1,0,160,8,170.688,183.904,13.216,system_fenced_before_release
2048,receiver_dense,6,1,0,224,8,170.784,183.872,13.088,system_fenced_before_release
2048,receiver_dense,6,1,0,288,8,212.544,219.52,6.976,system_fenced_before_release
2048,receiver_dense,6,1,0,352,8,229.536,239.616,10.08,system_fenced_before_release
2048,receiver_dense,6,1,0,416,8,228.128,243.488,15.36,system_fenced_before_release
2048,receiver_dense,6,1,0,480,8,220.192,234.784,14.592,system_fenced_before_release
2048,receiver_dense,6,1,1,544,8,71.456,76.544,5.088,system_fenced_before_release
2048,receiver_dense,6,1,1,608,8,71.456,74.464,3.008,system_fenced_before_release
2048,receiver_dense,6,1,1,672,8,71.552,76.768,5.216,system_fenced_before_release
2048,receiver_dense,6,1,1,736,8,71.424,76.608,5.184,system_fenced_before_release
2048,receiver_dense,6,1,1,800,8,107.936,114.144,6.208,system_fenced_before_release
2048,receiver_dense,6,1,1,864,8,108.0,115.872,7.872,system_fenced_before_release
2048,receiver_dense,6,1,1,928,8,108.704,115.904,7.2,system_fenced_before_release
2048,receiver_dense,6,1,1,992,8,109.184,115.808,6.624,system_fenced_before_release
2048,receiver_dense,7,1,0,48,8,183.424,201.184,17.76,system_fenced_before_release
2048,receiver_dense,7,1,0,112,8,175.84,184.672,8.832,system_fenced_before_release
2048,receiver_dense,7,1,0,176,8,179.84,192.64,12.8,system_fenced_before_release
2048,receiver_dense,7,1,0,240,8,177.28,186.944,9.664,system_fenced_before_release
2048,receiver_dense,7,1,0,304,8,218.592,235.616,17.024,system_fenced_before_release
2048,receiver_dense,7,1,0,368,8,221.184,233.472,12.288,system_fenced_before_release
2048,receiver_dense,7,1,0,432,8,223.04,237.344,14.304,system_fenced_before_release
2048,receiver_dense,7,1,0,496,8,230.784,244.256,13.472,system_fenced_before_release
2048,receiver_dense,7,1,1,560,8,79.936,82.816,2.88,system_fenced_before_release
2048,receiver_dense,7,1,1,624,8,83.904,89.408,5.504,system_fenced_before_release
2048,receiver_dense,7,1,1,688,8,79.904,83.616,3.712,system_fenced_before_release
2048,receiver_dense,7,1,1,752,8,79.712,84.064,4.352,system_fenced_before_release
2048,receiver_dense,7,1,1,816,8,125.92,131.712,5.792,system_fenced_before_release
2048,receiver_dense,7,1,1,880,8,127.68,134.304,6.624,system_fenced_before_release
2048,receiver_dense,7,1,1,944,8,127.68,134.08,6.4,system_fenced_before_release
2048,receiver_dense,7,1,1,1008,8,133.344,141.824,8.48,system_fenced_before_release
2048,receiver_dense,8,1,0,0,8,138.4,144.704,6.304,system_fenced_before_release
2048,receiver_dense,8,1,0,64,8,137.952,146.944,8.992,system_fenced_before_release
2048,receiver_dense,8,1,0,128,8,151.008,158.912,7.904,system_fenced_before_release
2048,receiver_dense,8,1,0,192,8,149.056,160.48,11.424,system_fenced_before_release
2048,receiver_dense,8,1,0,256,8,186.368,201.76,15.392,system_fenced_before_release
2048,receiver_dense,8,1,0,320,8,201.472,221.824,20.352,system_fenced_before_release
2048,receiver_dense,8,1,0,384,8,190.784,199.04,8.256,system_fenced_before_release
2048,receiver_dense,8,1,0,448,8,192.064,201.728,9.664,system_fenced_before_release
2048,receiver_dense,8,1,1,512,8,70.24,73.12,2.88,system_fenced_before_release
2048,receiver_dense,8,1,1,576,8,70.144,75.616,5.472,system_fenced_before_release
2048,receiver_dense,8,1,1,640,8,70.336,75.68,5.344,system_fenced_before_release
2048,receiver_dense,8,1,1,704,8,70.176,75.744,5.568,system_fenced_before_release
2048,receiver_dense,8,1,1,768,8,107.616,113.376,5.76,system_fenced_before_release
2048,receiver_dense,8,1,1,832,8,107.104,111.744,4.64,system_fenced_before_release
2048,receiver_dense,8,1,1,896,8,107.264,110.944,3.68,system_fenced_before_release
2048,receiver_dense,8,1,1,960,8,107.584,113.44,5.856,system_fenced_before_release
2048,receiver_dense,9,1,0,16,8,168.96,179.808,10.848,system_fenced_before_release
2048,receiver_dense,9,1,0,80,8,166.304,177.76,11.456,system_fenced_before_release
2048,receiver_dense,9,1,0,144,8,167.872,181.088,13.216,system_fenced_before_release
2048,receiver_dense,9,1,0,208,8,184.864,199.424,14.56,system_fenced_before_release
2048,receiver_dense,9,1,0,272,8,219.296,232.544,13.248,system_fenced_before_release
2048,receiver_dense,9,1,0,336,8,214.336,226.368,12.032,system_fenced_before_release
2048,receiver_dense,9,1,0,400,8,214.976,232.544,17.568,system_fenced_before_release
2048,receiver_dense,9,1,0,464,8,216.384,228.736,12.352,system_fenced_before_release
2048,receiver_dense,9,1,1,528,8,79.136,82.688,3.552,system_fenced_before_release
2048,receiver_dense,9,1,1,592,8,83.552,90.496,6.944,system_fenced_before_release
2048,receiver_dense,9,1,1,656,8,79.008,83.904,4.896,system_fenced_before_release
2048,receiver_dense,9,1,1,720,8,82.656,88.8,6.144,system_fenced_before_release
2048,receiver_dense,9,1,1,784,8,124.928,129.824,4.896,system_fenced_before_release
2048,receiver_dense,9,1,1,848,8,125.152,130.656,5.504,system_fenced_before_release
2048,receiver_dense,9,1,1,912,8,127.424,132.864,5.44,system_fenced_before_release
2048,receiver_dense,9,1,1,976,8,132.384,140.128,7.744,system_fenced_before_release
2048,receiver_dense,10,1,0,32,8,136.8,218.176,81.376,system_fenced_before_release
2048,receiver_dense,10,1,0,96,8,138.176,194.048,55.872,system_fenced_before_release
2048,receiver_dense,10,1,0,160,8,209.888,221.632,11.744,system_fenced_before_release
2048,receiver_dense,10,1,0,224,8,209.216,218.464,9.248,system_fenced_before_release
2048,receiver_dense,10,1,0,288,8,246.944,260.608,13.664,system_fenced_before_release
2048,receiver_dense,10,1,0,352,8,250.144,262.528,12.384,system_fenced_before_release
2048,receiver_dense,10,1,0,416,8,254.912,264.736,9.824,system_fenced_before_release
2048,receiver_dense,10,1,0,480,8,254.144,272.192,18.048,system_fenced_before_release
2048,receiver_dense,10,1,1,544,8,70.016,75.648,5.632,system_fenced_before_release
2048,receiver_dense,10,1,1,608,8,70.528,79.456,8.928,system_fenced_before_release
2048,receiver_dense,10,1,1,672,8,70.464,73.28,2.816,system_fenced_before_release
2048,receiver_dense,10,1,1,736,8,70.08,75.744,5.664,system_fenced_before_release
2048,receiver_dense,10,1,1,800,8,107.2,113.728,6.528,system_fenced_before_release
2048,receiver_dense,10,1,1,864,8,106.88,113.728,6.848,system_fenced_before_release
2048,receiver_dense,10,1,1,928,8,107.2,113.728,6.528,system_fenced_before_release
2048,receiver_dense,10,1,1,992,8,106.912,112.928,6.016,system_fenced_before_release
2048,receiver_dense,11,1,0,48,8,187.264,202.784,15.52,system_fenced_before_release
2048,receiver_dense,11,1,0,112,8,195.648,210.848,15.2,system_fenced_before_release
2048,receiver_dense,11,1,0,176,8,199.104,208.576,9.472,system_fenced_before_release
2048,receiver_dense,11,1,0,240,8,197.184,210.816,13.632,system_fenced_before_release
2048,receiver_dense,11,1,0,304,8,228.96,244.96,16.0,system_fenced_before_release
2048,receiver_dense,11,1,0,368,8,225.76,242.336,16.576,system_fenced_before_release
2048,receiver_dense,11,1,0,432,8,227.328,242.784,15.456,system_fenced_before_release
2048,receiver_dense,11,1,0,496,8,224.416,239.808,15.392,system_fenced_before_release
2048,receiver_dense,11,1,1,560,8,79.2,83.744,4.544,system_fenced_before_release
2048,receiver_dense,11,1,1,624,8,83.232,88.736,5.504,system_fenced_before_release
2048,receiver_dense,11,1,1,688,8,79.296,84.064,4.768,system_fenced_before_release
2048,receiver_dense,11,1,1,752,8,79.2,82.88,3.68,system_fenced_before_release
2048,receiver_dense,11,1,1,816,8,125.76,129.248,3.488,system_fenced_before_release
2048,receiver_dense,11,1,1,880,8,127.584,135.072,7.488,system_fenced_before_release
2048,receiver_dense,11,1,1,944,8,132.288,155.424,23.136,system_fenced_before_release
2048,receiver_dense,11,1,1,1008,8,128.064,138.848,10.784,system_fenced_before_release
2048,receiver_dense,12,1,0,0,8,136.608,152.896,16.288,system_fenced_before_release
2048,receiver_dense,12,1,0,64,8,137.504,140.96,3.456,system_fenced_before_release
2048,receiver_dense,12,1,0,128,8,161.472,173.984,12.512,system_fenced_before_release
2048,receiver_dense,12,1,0,192,8,157.312,165.056,7.744,system_fenced_before_release
2048,receiver_dense,12,1,0,256,8,213.632,241.792,28.16,system_fenced_before_release
2048,receiver_dense,12,1,0,320,8,193.92,201.824,7.904,system_fenced_before_release
2048,receiver_dense,12,1,0,384,8,196.288,203.936,7.648,system_fenced_before_release
2048,receiver_dense,12,1,0,448,8,201.312,212.256,10.944,system_fenced_before_release
2048,receiver_dense,12,1,1,512,8,69.952,73.632,3.68,system_fenced_before_release
2048,receiver_dense,12,1,1,576,8,70.016,75.68,5.664,system_fenced_before_release
2048,receiver_dense,12,1,1,640,8,70.368,75.68,5.312,system_fenced_before_release
2048,receiver_dense,12,1,1,704,8,69.92,75.456,5.536,system_fenced_before_release
2048,receiver_dense,12,1,1,768,8,107.136,113.792,6.656,system_fenced_before_release
2048,receiver_dense,12,1,1,832,8,106.848,112.224,5.376,system_fenced_before_release
2048,receiver_dense,12,1,1,896,8,106.976,113.952,6.976,system_fenced_before_release
2048,receiver_dense,12,1,1,960,8,107.392,113.856,6.464,system_fenced_before_release
2048,receiver_dense,13,1,0,16,8,184.736,196.736,12.0,system_fenced_before_release
2048,receiver_dense,13,1,0,80,8,201.344,215.776,14.432,system_fenced_before_release
2048,receiver_dense,13,1,0,144,8,184.864,199.104,14.24,system_fenced_before_release
2048,receiver_dense,13,1,0,208,8,186.88,199.52,12.64,system_fenced_before_release
2048,receiver_dense,13,1,0,272,8,238.752,255.296,16.544,system_fenced_before_release
2048,receiver_dense,13,1,0,336,8,233.504,245.408,11.904,system_fenced_before_release
2048,receiver_dense,13,1,0,400,8,238.624,249.728,11.104,system_fenced_before_release
2048,receiver_dense,13,1,0,464,8,230.88,245.408,14.528,system_fenced_before_release
2048,receiver_dense,13,1,1,528,8,80.992,88.896,7.904,system_fenced_before_release
2048,receiver_dense,13,1,1,592,8,81.632,85.664,4.032,system_fenced_before_release
2048,receiver_dense,13,1,1,656,8,77.44,81.504,4.064,system_fenced_before_release
2048,receiver_dense,13,1,1,720,8,80.896,87.2,6.304,system_fenced_before_release
2048,receiver_dense,13,1,1,784,8,123.36,128.864,5.504,system_fenced_before_release
2048,receiver_dense,13,1,1,848,8,123.328,131.456,8.128,system_fenced_before_release
2048,receiver_dense,13,1,1,912,8,125.824,133.056,7.232,system_fenced_before_release
2048,receiver_dense,13,1,1,976,8,130.176,136.512,6.336,system_fenced_before_release
2048,receiver_dense,14,1,0,32,8,137.056,178.304,41.248,system_fenced_before_release
2048,receiver_dense,14,1,0,96,8,136.992,169.696,32.704,system_fenced_before_release
2048,receiver_dense,14,1,0,160,8,174.336,186.24,11.904,system_fenced_before_release
2048,receiver_dense,14,1,0,224,8,172.96,186.272,13.312,system_fenced_before_release
2048,receiver_dense,14,1,0,288,8,217.6,226.752,9.152,system_fenced_before_release
2048,receiver_dense,14,1,0,352,8,227.328,246.784,19.456,system_fenced_before_release
2048,receiver_dense,14,1,0,416,8,217.44,226.752,9.312,system_fenced_before_release
2048,receiver_dense,14,1,0,480,8,233.824,261.536,27.712,system_fenced_before_release
2048,receiver_dense,14,1,1,544,8,70.048,75.328,5.28,system_fenced_before_release
2048,receiver_dense,14,1,1,608,8,70.016,75.36,5.344,system_fenced_before_release
2048,receiver_dense,14,1,1,672,8,70.176,73.248,3.072,system_fenced_before_release
2048,receiver_dense,14,1,1,736,8,70.112,75.36,5.248,system_fenced_before_release
2048,receiver_dense,14,1,1,800,8,106.496,111.584,5.088,system_fenced_before_release
2048,receiver_dense,14,1,1,864,8,106.56,110.944,4.384,system_fenced_before_release
2048,receiver_dense,14,1,1,928,8,107.04,113.216,6.176,system_fenced_before_release
2048,receiver_dense,14,1,1,992,8,106.72,113.376,6.656,system_fenced_before_release
2048,receiver_dense,15,1,0,48,8,182.112,200.608,18.496,system_fenced_before_release
2048,receiver_dense,15,1,0,112,8,182.048,200.544,18.496,system_fenced_before_release
2048,receiver_dense,15,1,0,176,8,168.32,177.824,9.504,system_fenced_before_release
2048,receiver_dense,15,1,0,240,8,178.656,187.232,8.576,system_fenced_before_release
2048,receiver_dense,15,1,0,304,8,221.856,240.864,19.008,system_fenced_before_release
2048,receiver_dense,15,1,0,368,8,218.08,231.52,13.44,system_fenced_before_release
2048,receiver_dense,15,1,0,432,8,235.424,246.304,10.88,system_fenced_before_release
2048,receiver_dense,15,1,0,496,8,232.544,246.304,13.76,system_fenced_before_release
2048,receiver_dense,15,1,1,560,8,77.824,82.144,4.32,system_fenced_before_release
2048,receiver_dense,15,1,1,624,8,82.144,89.28,7.136,system_fenced_before_release
2048,receiver_dense,15,1,1,688,8,77.888,82.912,5.024,system_fenced_before_release
2048,receiver_dense,15,1,1,752,8,82.24,87.584,5.344,system_fenced_before_release
2048,receiver_dense,15,1,1,816,8,123.328,128.192,4.864,system_fenced_before_release
2048,receiver_dense,15,1,1,880,8,125.28,130.72,5.44,system_fenced_before_release
2048,receiver_dense,15,1,1,944,8,125.824,133.536,7.712,system_fenced_before_release
2048,receiver_dense,15,1,1,1008,8,131.2,147.104,15.904,system_fenced_before_release
2048,receiver_dense,16,1,0,0,8,140.128,179.648,39.52,system_fenced_before_release
2048,receiver_dense,16,1,0,64,8,138.528,144.0,5.472,system_fenced_before_release
2048,receiver_dense,16,1,0,128,8,167.008,179.552,12.544,system_fenced_before_release
2048,receiver_dense,16,1,0,192,8,176.064,184.256,8.192,system_fenced_before_release
2048,receiver_dense,16,1,0,256,8,223.68,237.216,13.536,system_fenced_before_release
2048,receiver_dense,16,1,0,320,8,218.56,238.56,20.0,system_fenced_before_release
2048,receiver_dense,16,1,0,384,8,211.648,223.84,12.192,system_fenced_before_release
2048,receiver_dense,16,1,0,448,8,211.936,221.568,9.632,system_fenced_before_release
2048,receiver_dense,16,1,1,512,8,71.04,73.984,2.944,system_fenced_before_release
2048,receiver_dense,16,1,1,576,8,71.264,75.808,4.544,system_fenced_before_release
2048,receiver_dense,16,1,1,640,8,71.168,75.68,4.512,system_fenced_before_release
2048,receiver_dense,16,1,1,704,8,71.168,75.68,4.512,system_fenced_before_release
2048,receiver_dense,16,1,1,768,8,108.448,114.848,6.4,system_fenced_before_release
2048,receiver_dense,16,1,1,832,8,108.128,115.04,6.912,system_fenced_before_release
2048,receiver_dense,16,1,1,896,8,108.032,112.416,4.384,system_fenced_before_release
2048,receiver_dense,16,1,1,960,8,108.256,113.184,4.928,system_fenced_before_release
2048,receiver_dense,17,1,0,16,8,186.368,203.392,17.024,system_fenced_before_release
2048,receiver_dense,17,1,0,80,8,184.896,195.2,10.304,system_fenced_before_release
2048,receiver_dense,17,1,0,144,8,186.592,205.632,19.04,system_fenced_before_release
2048,receiver_dense,17,1,0,208,8,191.648,205.632,13.984,system_fenced_before_release
2048,receiver_dense,17,1,0,272,8,229.984,234.688,4.704,system_fenced_before_release
2048,receiver_dense,17,1,0,336,8,222.336,245.28,22.944,system_fenced_before_release
2048,receiver_dense,17,1,0,400,8,222.944,243.456,20.512,system_fenced_before_release
2048,receiver_dense,17,1,0,464,8,228.48,244.864,16.384,system_fenced_before_release
2048,receiver_dense,17,1,1,528,8,78.528,83.456,4.928,system_fenced_before_release
2048,receiver_dense,17,1,1,592,8,82.784,89.952,7.168,system_fenced_before_release
2048,receiver_dense,17,1,1,656,8,78.816,82.688,3.872,system_fenced_before_release
2048,receiver_dense,17,1,1,720,8,82.912,88.256,5.344,system_fenced_before_release
2048,receiver_dense,17,1,1,784,8,125.696,130.56,4.864,system_fenced_before_release
2048,receiver_dense,17,1,1,848,8,125.696,131.104,5.408,system_fenced_before_release
2048,receiver_dense,17,1,1,912,8,127.424,131.104,3.68,system_fenced_before_release
2048,receiver_dense,17,1,1,976,8,132.32,138.528,6.208,system_fenced_before_release
2048,receiver_dense,18,1,0,32,8,139.68,191.456,51.776,system_fenced_before_release
2048,receiver_dense,18,1,0,96,8,137.664,177.856,40.192,system_fenced_before_release
2048,receiver_dense,18,1,0,160,8,190.464,218.208,27.744,system_fenced_before_release
2048,receiver_dense,18,1,0,224,8,192.512,220.32,27.808,system_fenced_before_release
2048,receiver_dense,18,1,0,288,8,245.632,253.888,8.256,system_fenced_before_release
2048,receiver_dense,18,1,0,352,8,236.544,245.76,9.216,system_fenced_before_release
2048,receiver_dense,18,1,0,416,8,240.768,251.424,10.656,system_fenced_before_release
2048,receiver_dense,18,1,0,480,8,241.984,251.424,9.44,system_fenced_before_release
2048,receiver_dense,18,1,1,544,8,70.72,76.128,5.408,system_fenced_before_release
2048,receiver_dense,18,1,1,608,8,70.88,76.128,5.248,system_fenced_before_release
2048,receiver_dense,18,1,1,672,8,70.976,76.064,5.088,system_fenced_before_release
2048,receiver_dense,18,1,1,736,8,70.848,73.952,3.104,system_fenced_before_release
2048,receiver_dense,18,1,1,800,8,107.2,114.016,6.816,system_fenced_before_release
2048,receiver_dense,18,1,1,864,8,107.168,112.384,5.216,system_fenced_before_release
2048,receiver_dense,18,1,1,928,8,107.904,114.08,6.176,system_fenced_before_release
2048,receiver_dense,18,1,1,992,8,108.0,114.112,6.112,system_fenced_before_release
2048,receiver_dense,19,1,0,48,8,178.496,193.216,14.72,system_fenced_before_release
2048,receiver_dense,19,1,0,112,8,182.272,193.376,11.104,system_fenced_before_release
2048,receiver_dense,19,1,0,176,8,187.072,195.424,8.352,system_fenced_before_release
2048,receiver_dense,19,1,0,240,8,193.6,206.336,12.736,system_fenced_before_release
2048,receiver_dense,19,1,0,304,8,227.68,239.904,12.224,system_fenced_before_release
2048,receiver_dense,19,1,0,368,8,230.432,246.24,15.808,system_fenced_before_release
2048,receiver_dense,19,1,0,432,8,243.68,253.472,9.792,system_fenced_before_release
2048,receiver_dense,19,1,0,496,8,231.264,246.848,15.584,system_fenced_before_release
2048,receiver_dense,19,1,1,560,8,82.784,86.688,3.904,system_fenced_before_release
2048,receiver_dense,19,1,1,624,8,82.752,87.424,4.672,system_fenced_before_release
2048,receiver_dense,19,1,1,688,8,82.656,87.424,4.768,system_fenced_before_release
2048,receiver_dense,19,1,1,752,8,86.688,91.04,4.352,system_fenced_before_release
2048,receiver_dense,19,1,1,816,8,128.128,135.392,7.264,system_fenced_before_release
2048,receiver_dense,19,1,1,880,8,130.496,134.432,3.936,system_fenced_before_release
2048,receiver_dense,19,1,1,944,8,131.392,138.112,6.72,system_fenced_before_release
2048,receiver_dense,19,1,1,1008,8,135.52,143.552,8.032,system_fenced_before_release
8192,producer_sparse,0,0,0,0,8,115.584,115.68,0.096,issued_by_all_threads
8192,producer_sparse,0,0,0,256,8,247.488,247.68,0.192,issued_by_all_threads
8192,producer_sparse,0,0,1,512,8,373.472,373.664,0.192,issued_by_all_threads
8192,producer_sparse,0,0,1,768,8,524.8,524.992,0.192,issued_by_all_threads
8192,producer_sparse,1,0,0,64,8,113.248,113.376,0.128,issued_by_all_threads
8192,producer_sparse,1,0,0,320,8,242.944,243.104,0.16,issued_by_all_threads
8192,producer_sparse,1,0,1,576,8,352.352,352.544,0.192,issued_by_all_threads
8192,producer_sparse,1,0,1,832,8,524.352,524.896,0.544,issued_by_all_threads
8192,producer_sparse,2,0,0,128,8,116.16,116.288,0.128,issued_by_all_threads
8192,producer_sparse,2,0,0,384,8,251.264,251.424,0.16,issued_by_all_threads
8192,producer_sparse,2,0,1,640,8,354.848,355.04,0.192,issued_by_all_threads
8192,producer_sparse,2,0,1,896,8,520.512,520.608,0.096,issued_by_all_threads
8192,producer_sparse,3,0,0,192,8,112.192,112.288,0.096,issued_by_all_threads
8192,producer_sparse,3,0,0,448,8,246.272,246.432,0.16,issued_by_all_threads
8192,producer_sparse,3,0,1,704,8,352.416,352.576,0.16,issued_by_all_threads
8192,producer_sparse,3,0,1,960,8,519.52,519.936,0.416,issued_by_all_threads
8192,producer_sparse,4,0,0,0,8,112.416,112.544,0.128,issued_by_all_threads
8192,producer_sparse,4,0,0,256,8,238.4,238.592,0.192,issued_by_all_threads
8192,producer_sparse,4,0,1,512,8,352.576,352.704,0.128,issued_by_all_threads
8192,producer_sparse,4,0,1,768,8,506.304,506.464,0.16,issued_by_all_threads
8192,producer_sparse,5,0,0,64,8,110.72,110.816,0.096,issued_by_all_threads
8192,producer_sparse,5,0,0,320,8,236.288,236.448,0.16,issued_by_all_threads
8192,producer_sparse,5,0,1,576,8,359.872,360.032,0.16,issued_by_all_threads
8192,producer_sparse,5,0,1,832,8,500.384,500.544,0.16,issued_by_all_threads
8192,producer_sparse,6,0,0,128,8,112.0,112.096,0.096,issued_by_all_threads
8192,producer_sparse,6,0,0,384,8,245.76,245.92,0.16,issued_by_all_threads
8192,producer_sparse,6,0,1,640,8,352.384,352.8,0.416,issued_by_all_threads
8192,producer_sparse,6,0,1,896,8,531.328,531.488,0.16,issued_by_all_threads
8192,producer_sparse,7,0,0,192,8,113.408,113.536,0.128,issued_by_all_threads
8192,producer_sparse,7,0,0,448,8,246.304,246.528,0.224,issued_by_all_threads
8192,producer_sparse,7,0,1,704,8,369.28,369.408,0.128,issued_by_all_threads
8192,producer_sparse,7,0,1,960,8,508.704,509.504,0.8,issued_by_all_threads
8192,producer_sparse,8,0,0,0,8,111.744,111.872,0.128,issued_by_all_threads
8192,producer_sparse,8,0,0,256,8,238.112,238.336,0.224,issued_by_all_threads
8192,producer_sparse,8,0,1,512,8,350.368,350.592,0.224,issued_by_all_threads
8192,producer_sparse,8,0,1,768,8,504.32,504.512,0.192,issued_by_all_threads
8192,producer_sparse,9,0,0,64,8,112.256,112.352,0.096,issued_by_all_threads
8192,producer_sparse,9,0,0,320,8,237.728,237.92,0.192,issued_by_all_threads
8192,producer_sparse,9,0,1,576,8,349.952,350.112,0.16,issued_by_all_threads
8192,producer_sparse,9,0,1,832,8,497.152,497.28,0.128,issued_by_all_threads
8192,producer_sparse,10,0,0,128,8,111.36,111.456,0.096,issued_by_all_threads
8192,producer_sparse,10,0,0,384,8,243.392,243.584,0.192,issued_by_all_threads
8192,producer_sparse,10,0,1,640,8,352.096,352.192,0.096,issued_by_all_threads
8192,producer_sparse,10,0,1,896,8,505.472,505.792,0.32,issued_by_all_threads
8192,producer_sparse,11,0,0,192,8,110.912,111.04,0.128,issued_by_all_threads
8192,producer_sparse,11,0,0,448,8,242.176,242.336,0.16,issued_by_all_threads
8192,producer_sparse,11,0,1,704,8,356.352,356.48,0.128,issued_by_all_threads
8192,producer_sparse,11,0,1,960,8,507.648,507.808,0.16,issued_by_all_threads
8192,producer_sparse,12,0,0,0,8,111.424,111.52,0.096,issued_by_all_threads
8192,producer_sparse,12,0,0,256,8,236.768,236.928,0.16,issued_by_all_threads
8192,producer_sparse,12,0,1,512,8,354.528,354.752,0.224,issued_by_all_threads
8192,producer_sparse,12,0,1,768,8,499.488,499.648,0.16,issued_by_all_threads
8192,producer_sparse,13,0,0,64,8,112.32,112.416,0.096,issued_by_all_threads
8192,producer_sparse,13,0,0,320,8,237.568,237.728,0.16,issued_by_all_threads
8192,producer_sparse,13,0,1,576,8,346.56,346.656,0.096,issued_by_all_threads
8192,producer_sparse,13,0,1,832,8,588.832,588.96,0.128,issued_by_all_threads
8192,producer_sparse,14,0,0,128,8,112.032,112.128,0.096,issued_by_all_threads
8192,producer_sparse,14,0,0,384,8,243.904,244.064,0.16,issued_by_all_threads
8192,producer_sparse,14,0,1,640,8,360.096,360.288,0.192,issued_by_all_threads
8192,producer_sparse,14,0,1,896,8,504.64,504.8,0.16,issued_by_all_threads
8192,producer_sparse,15,0,0,192,8,111.168,111.264,0.096,issued_by_all_threads
8192,producer_sparse,15,0,0,448,8,242.368,242.56,0.192,issued_by_all_threads
8192,producer_sparse,15,0,1,704,8,356.48,356.608,0.128,issued_by_all_threads
8192,producer_sparse,15,0,1,960,8,501.696,501.824,0.128,issued_by_all_threads
8192,producer_sparse,16,0,0,0,8,111.872,111.968,0.096,issued_by_all_threads
8192,producer_sparse,16,0,0,256,8,236.96,237.056,0.096,issued_by_all_threads
8192,producer_sparse,16,0,1,512,8,352.832,352.96,0.128,issued_by_all_threads
8192,producer_sparse,16,0,1,768,8,498.752,498.88,0.128,issued_by_all_threads
8192,producer_sparse,17,0,0,64,8,110.656,110.784,0.128,issued_by_all_threads
8192,producer_sparse,17,0,0,320,8,236.288,236.48,0.192,issued_by_all_threads
8192,producer_sparse,17,0,1,576,8,359.872,360.064,0.192,issued_by_all_threads
8192,producer_sparse,17,0,1,832,8,502.144,502.688,0.544,issued_by_all_threads
8192,producer_sparse,18,0,0,128,8,111.808,111.904,0.096,issued_by_all_threads
8192,producer_sparse,18,0,0,384,8,244.576,244.736,0.16,issued_by_all_threads
8192,producer_sparse,18,0,1,640,8,373.088,373.312,0.224,issued_by_all_threads
8192,producer_sparse,18,0,1,896,8,503.68,503.872,0.192,issued_by_all_threads
8192,producer_sparse,19,0,0,192,8,112.992,113.088,0.096,issued_by_all_threads
8192,producer_sparse,19,0,0,448,8,245.824,245.952,0.128,issued_by_all_threads
8192,producer_sparse,19,0,1,704,8,352.704,352.896,0.192,issued_by_all_threads
8192,producer_sparse,19,0,1,960,8,529.024,529.184,0.16,issued_by_all_threads
8192,producer_sparse,0,1,0,0,8,385.312,385.536,0.224,issued_by_all_threads
8192,producer_sparse,0,1,0,256,8,555.168,555.36,0.192,issued_by_all_threads
8192,producer_sparse,0,1,1,512,8,117.504,117.632,0.128,issued_by_all_threads
8192,producer_sparse,0,1,1,768,8,259.648,259.808,0.16,issued_by_all_threads
8192,producer_sparse,1,1,0,64,8,359.136,359.296,0.16,issued_by_all_threads
8192,producer_sparse,1,1,0,320,8,532.864,533.088,0.224,issued_by_all_threads
8192,producer_sparse,1,1,1,576,8,113.536,113.664,0.128,issued_by_all_threads
8192,producer_sparse,1,1,1,832,8,246.112,246.304,0.192,issued_by_all_threads
8192,producer_sparse,2,1,0,128,8,350.72,350.912,0.192,issued_by_all_threads
8192,producer_sparse,2,1,0,384,8,525.056,525.216,0.16,issued_by_all_threads
8192,producer_sparse,2,1,1,640,8,110.624,110.72,0.096,issued_by_all_threads
8192,producer_sparse,2,1,1,896,8,245.632,245.824,0.192,issued_by_all_threads
8192,producer_sparse,3,1,0,192,8,355.616,355.84,0.224,issued_by_all_threads
8192,producer_sparse,3,1,0,448,8,525.952,526.88,0.928,issued_by_all_threads
8192,producer_sparse,3,1,1,704,8,109.728,109.824,0.096,issued_by_all_threads
8192,producer_sparse,3,1,1,960,8,245.728,245.888,0.16,issued_by_all_threads
8192,producer_sparse,4,1,0,0,8,349.632,349.792,0.16,issued_by_all_threads
8192,producer_sparse,4,1,0,256,8,552.608,553.056,0.448,issued_by_all_threads
8192,producer_sparse,4,1,1,512,8,109.856,109.952,0.096,issued_by_all_threads
8192,producer_sparse,4,1,1,768,8,239.648,239.84,0.192,issued_by_all_threads
8192,producer_sparse,5,1,0,64,8,365.76,365.92,0.16,issued_by_all_threads
8192,producer_sparse,5,1,0,320,8,507.584,507.904,0.32,issued_by_all_threads
8192,producer_sparse,5,1,1,576,8,108.8,108.928,0.128,issued_by_all_threads
8192,producer_sparse,5,1,1,832,8,236.672,236.896,0.224,issued_by_all_threads
8192,producer_sparse,6,1,0,128,8,369.248,370.624,1.376,issued_by_all_threads
8192,producer_sparse,6,1,0,384,8,518.784,518.976,0.192,issued_by_all_threads
8192,producer_sparse,6,1,1,640,8,109.6,109.696,0.096,issued_by_all_threads
8192,producer_sparse,6,1,1,896,8,243.52,243.616,0.096,issued_by_all_threads
8192,producer_sparse,7,1,0,192,8,354.848,355.04,0.192,issued_by_all_threads
8192,producer_sparse,7,1,0,448,8,527.808,527.904,0.096,issued_by_all_threads
8192,producer_sparse,7,1,1,704,8,110.368,110.464,0.096,issued_by_all_threads
8192,producer_sparse,7,1,1,960,8,245.152,245.248,0.096,issued_by_all_threads
8192,producer_sparse,8,1,0,0,8,348.576,348.736,0.16,issued_by_all_threads
8192,producer_sparse,8,1,0,256,8,514.912,515.104,0.192,issued_by_all_threads
8192,producer_sparse,8,1,1,512,8,109.952,110.048,0.096,issued_by_all_threads
8192,producer_sparse,8,1,1,768,8,238.176,238.4,0.224,issued_by_all_threads
8192,producer_sparse,9,1,0,64,8,347.936,348.16,0.224,issued_by_all_threads
8192,producer_sparse,9,1,0,320,8,509.792,510.016,0.224,issued_by_all_threads
8192,producer_sparse,9,1,1,576,8,108.768,108.864,0.096,issued_by_all_threads
8192,producer_sparse,9,1,1,832,8,237.28,237.44,0.16,issued_by_all_threads
8192,producer_sparse,10,1,0,128,8,362.624,362.784,0.16,issued_by_all_threads
8192,producer_sparse,10,1,0,384,8,509.344,510.208,0.864,issued_by_all_threads
8192,producer_sparse,10,1,1,640,8,110.112,110.24,0.128,issued_by_all_threads
8192,producer_sparse,10,1,1,896,8,243.776,244.0,0.224,issued_by_all_threads
8192,producer_sparse,11,1,0,192,8,362.24,362.4,0.16,issued_by_all_threads
8192,producer_sparse,11,1,0,448,8,517.248,517.536,0.288,issued_by_all_threads
8192,producer_sparse,11,1,1,704,8,108.864,108.96,0.096,issued_by_all_threads
8192,producer_sparse,11,1,1,960,8,242.976,243.168,0.192,issued_by_all_threads
8192,producer_sparse,12,1,0,0,8,354.208,354.336,0.128,issued_by_all_threads
8192,producer_sparse,12,1,0,256,8,509.44,509.792,0.352,issued_by_all_threads
8192,producer_sparse,12,1,1,512,8,109.632,109.76,0.128,issued_by_all_threads
8192,producer_sparse,12,1,1,768,8,236.512,236.704,0.192,issued_by_all_threads
8192,producer_sparse,13,1,0,64,8,346.912,347.104,0.192,issued_by_all_threads
8192,producer_sparse,13,1,0,320,8,573.088,573.248,0.16,issued_by_all_threads
8192,producer_sparse,13,1,1,576,8,109.024,109.12,0.096,issued_by_all_threads
8192,producer_sparse,13,1,1,832,8,236.256,236.448,0.192,issued_by_all_threads
8192,producer_sparse,14,1,0,128,8,366.24,366.432,0.192,issued_by_all_threads
8192,producer_sparse,14,1,0,384,8,506.496,506.688,0.192,issued_by_all_threads
8192,producer_sparse,14,1,1,640,8,109.6,109.728,0.128,issued_by_all_threads
8192,producer_sparse,14,1,1,896,8,242.72,242.88,0.16,issued_by_all_threads
8192,producer_sparse,15,1,0,192,8,350.24,350.656,0.416,issued_by_all_threads
8192,producer_sparse,15,1,0,448,8,506.56,506.72,0.16,issued_by_all_threads
8192,producer_sparse,15,1,1,704,8,108.608,108.704,0.096,issued_by_all_threads
8192,producer_sparse,15,1,1,960,8,242.784,242.944,0.16,issued_by_all_threads
8192,producer_sparse,16,1,0,0,8,348.736,348.896,0.16,issued_by_all_threads
8192,producer_sparse,16,1,0,256,8,506.784,506.944,0.16,issued_by_all_threads
8192,producer_sparse,16,1,1,512,8,110.72,110.848,0.128,issued_by_all_threads
8192,producer_sparse,16,1,1,768,8,237.536,237.728,0.192,issued_by_all_threads
8192,producer_sparse,17,1,0,64,8,351.104,351.264,0.16,issued_by_all_threads
8192,producer_sparse,17,1,0,320,8,508.352,508.672,0.32,issued_by_all_threads
8192,producer_sparse,17,1,1,576,8,109.984,110.08,0.096,issued_by_all_threads
8192,producer_sparse,17,1,1,832,8,236.416,236.544,0.128,issued_by_all_threads
8192,producer_sparse,18,1,0,128,8,354.304,360.608,6.304,issued_by_all_threads
8192,producer_sparse,18,1,0,384,8,515.872,516.0,0.128,issued_by_all_threads
8192,producer_sparse,18,1,1,640,8,109.856,109.952,0.096,issued_by_all_threads
8192,producer_sparse,18,1,1,896,8,244.512,244.704,0.192,issued_by_all_threads
8192,producer_sparse,19,1,0,192,8,353.728,353.92,0.192,issued_by_all_threads
8192,producer_sparse,19,1,0,448,8,530.144,530.272,0.128,issued_by_all_threads
8192,producer_sparse,19,1,1,704,8,110.304,110.432,0.128,issued_by_all_threads
8192,producer_sparse,19,1,1,960,8,243.616,243.712,0.096,issued_by_all_threads
8192,publication_sparse,0,0,0,0,8,113.92,119.168,5.248,system_fenced_before_release
8192,publication_sparse,0,0,0,256,8,247.296,251.392,4.096,system_fenced_before_release
8192,publication_sparse,0,0,1,512,8,374.336,378.656,4.32,system_fenced_before_release
8192,publication_sparse,0,0,1,768,8,527.744,538.88,11.136,system_fenced_before_release
8192,publication_sparse,1,0,0,64,8,115.296,118.496,3.2,system_fenced_before_release
8192,publication_sparse,1,0,0,320,8,247.488,251.68,4.192,system_fenced_before_release
8192,publication_sparse,1,0,1,576,8,380.928,388.672,7.744,system_fenced_before_release
8192,publication_sparse,1,0,1,832,8,525.408,542.08,16.672,system_fenced_before_release
8192,publication_sparse,2,0,0,128,8,112.736,116.128,3.392,system_fenced_before_release
8192,publication_sparse,2,0,0,384,8,247.456,253.536,6.08,system_fenced_before_release
8192,publication_sparse,2,0,1,640,8,350.816,354.528,3.712,system_fenced_before_release
8192,publication_sparse,2,0,1,896,8,521.984,532.064,10.08,system_fenced_before_release
8192,publication_sparse,3,0,0,192,8,112.512,115.776,3.264,system_fenced_before_release
8192,publication_sparse,3,0,0,448,8,245.408,248.608,3.2,system_fenced_before_release
8192,publication_sparse,3,0,1,704,8,353.184,356.768,3.584,system_fenced_before_release
8192,publication_sparse,3,0,1,960,8,515.744,522.464,6.72,system_fenced_before_release
8192,publication_sparse,4,0,0,0,8,112.832,116.096,3.264,system_fenced_before_release
8192,publication_sparse,4,0,0,256,8,239.328,243.84,4.512,system_fenced_before_release
8192,publication_sparse,4,0,1,512,8,347.616,351.2,3.584,system_fenced_before_release
8192,publication_sparse,4,0,1,768,8,508.736,514.624,5.888,system_fenced_before_release
8192,publication_sparse,5,0,0,64,8,111.52,114.624,3.104,system_fenced_before_release
8192,publication_sparse,5,0,0,320,8,237.728,240.96,3.232,system_fenced_before_release
8192,publication_sparse,5,0,1,576,8,350.656,375.264,24.608,system_fenced_before_release
8192,publication_sparse,5,0,1,832,8,506.208,516.064,9.856,system_fenced_before_release
8192,publication_sparse,6,0,0,128,8,113.568,117.248,3.68,system_fenced_before_release
8192,publication_sparse,6,0,0,384,8,245.824,249.024,3.2,system_fenced_before_release
8192,publication_sparse,6,0,1,640,8,362.08,365.792,3.712,system_fenced_before_release
8192,publication_sparse,6,0,1,896,8,509.088,517.344,8.256,system_fenced_before_release
8192,publication_sparse,7,0,0,192,8,110.976,114.08,3.104,system_fenced_before_release
8192,publication_sparse,7,0,0,448,8,243.36,247.264,3.904,system_fenced_before_release
8192,publication_sparse,7,0,1,704,8,354.464,357.792,3.328,system_fenced_before_release
8192,publication_sparse,7,0,1,960,8,504.8,513.12,8.32,system_fenced_before_release
8192,publication_sparse,8,0,0,0,8,112.736,115.904,3.168,system_fenced_before_release
8192,publication_sparse,8,0,0,256,8,238.368,242.208,3.84,system_fenced_before_release
8192,publication_sparse,8,0,1,512,8,353.184,369.248,16.064,system_fenced_before_release
8192,publication_sparse,8,0,1,768,8,504.096,518.272,14.176,system_fenced_before_release
8192,publication_sparse,9,0,0,64,8,112.032,115.168,3.136,system_fenced_before_release
8192,publication_sparse,9,0,0,320,8,237.6,240.704,3.104,system_fenced_before_release
8192,publication_sparse,9,0,1,576,8,350.24,363.84,13.6,system_fenced_before_release
8192,publication_sparse,9,0,1,832,8,504.512,516.96,12.448,system_fenced_before_release
8192,publication_sparse,10,0,0,128,8,111.808,114.816,3.008,system_fenced_before_release
8192,publication_sparse,10,0,0,384,8,243.616,249.504,5.888,system_fenced_before_release
8192,publication_sparse,10,0,1,640,8,367.072,378.816,11.744,system_fenced_before_release
8192,publication_sparse,10,0,1,896,8,515.328,522.72,7.392,system_fenced_before_release
8192,publication_sparse,11,0,0,192,8,111.456,114.688,3.232,system_fenced_before_release
8192,publication_sparse,11,0,0,448,8,243.04,246.464,3.424,system_fenced_before_release
8192,publication_sparse,11,0,1,704,8,351.328,366.72,15.392,system_fenced_before_release
8192,publication_sparse,11,0,1,960,8,522.72,533.568,10.848,system_fenced_before_release
8192,publication_sparse,12,0,0,0,8,111.104,114.304,3.2,system_fenced_before_release
8192,publication_sparse,12,0,0,256,8,236.416,239.648,3.232,system_fenced_before_release
8192,publication_sparse,12,0,1,512,8,359.968,380.896,20.928,system_fenced_before_release
8192,publication_sparse,12,0,1,768,8,534.816,540.544,5.728,system_fenced_before_release
8192,publication_sparse,13,0,0,64,8,111.84,115.072,3.232,system_fenced_before_release
8192,publication_sparse,13,0,0,320,8,236.8,241.568,4.768,system_fenced_before_release
8192,publication_sparse,13,0,1,576,8,365.408,374.688,9.28,system_fenced_before_release
8192,publication_sparse,13,0,1,832,8,510.496,519.552,9.056,system_fenced_before_release
8192,publication_sparse,14,0,0,128,8,111.776,115.104,3.328,system_fenced_before_release
8192,publication_sparse,14,0,0,384,8,243.904,247.872,3.968,system_fenced_before_release
8192,publication_sparse,14,0,1,640,8,359.424,362.624,3.2,system_fenced_before_release
8192,publication_sparse,14,0,1,896,8,504.768,514.528,9.76,system_fenced_before_release
8192,publication_sparse,15,0,0,192,8,111.648,115.264,3.616,system_fenced_before_release
8192,publication_sparse,15,0,0,448,8,243.648,247.232,3.584,system_fenced_before_release
8192,publication_sparse,15,0,1,704,8,355.84,374.176,18.336,system_fenced_before_release
8192,publication_sparse,15,0,1,960,8,517.28,528.704,11.424,system_fenced_before_release
8192,publication_sparse,16,0,0,0,8,110.912,115.328,4.416,system_fenced_before_release
8192,publication_sparse,16,0,0,256,8,236.096,239.424,3.328,system_fenced_before_release
8192,publication_sparse,16,0,1,512,8,363.296,373.344,10.048,system_fenced_before_release
8192,publication_sparse,16,0,1,768,8,513.472,518.464,4.992,system_fenced_before_release
8192,publication_sparse,17,0,0,64,8,112.96,116.096,3.136,system_fenced_before_release
8192,publication_sparse,17,0,0,320,8,238.4,241.568,3.168,system_fenced_before_release
8192,publication_sparse,17,0,1,576,8,351.904,381.504,29.6,system_fenced_before_release
8192,publication_sparse,17,0,1,832,8,516.96,524.96,8.0,system_fenced_before_release
8192,publication_sparse,18,0,0,128,8,111.456,114.496,3.04,system_fenced_before_release
8192,publication_sparse,18,0,0,384,8,243.04,247.936,4.896,system_fenced_before_release
8192,publication_sparse,18,0,1,640,8,345.664,349.312,3.648,system_fenced_before_release
8192,publication_sparse,18,0,1,896,8,507.392,514.72,7.328,system_fenced_before_release
8192,publication_sparse,19,0,0,192,8,111.36,114.528,3.168,system_fenced_before_release
8192,publication_sparse,19,0,0,448,8,243.552,249.12,5.568,system_fenced_before_release
8192,publication_sparse,19,0,1,704,8,351.136,354.208,3.072,system_fenced_before_release
8192,publication_sparse,19,0,1,960,8,504.192,509.76,5.568,system_fenced_before_release
8192,publication_sparse,0,1,0,0,8,373.248,378.944,5.696,system_fenced_before_release
8192,publication_sparse,0,1,0,256,8,562.016,571.968,9.952,system_fenced_before_release
8192,publication_sparse,0,1,1,512,8,110.88,114.144,3.264,system_fenced_before_release
8192,publication_sparse,0,1,1,768,8,253.472,256.96,3.488,system_fenced_before_release
8192,publication_sparse,1,1,0,64,8,361.984,393.12,31.136,system_fenced_before_release
8192,publication_sparse,1,1,0,320,8,553.472,561.184,7.712,system_fenced_before_release
8192,publication_sparse,1,1,1,576,8,114.336,117.696,3.36,system_fenced_before_release
8192,publication_sparse,1,1,1,832,8,247.168,250.752,3.584,system_fenced_before_release
8192,publication_sparse,2,1,0,128,8,351.2,354.624,3.424,system_fenced_before_release
8192,publication_sparse,2,1,0,384,8,523.04,532.864,9.824,system_fenced_before_release
8192,publication_sparse,2,1,1,640,8,110.848,114.048,3.2,system_fenced_before_release
8192,publication_sparse,2,1,1,896,8,245.152,250.304,5.152,system_fenced_before_release
8192,publication_sparse,3,1,0,192,8,355.712,359.328,3.616,system_fenced_before_release
8192,publication_sparse,3,1,0,448,8,523.968,530.752,6.784,system_fenced_before_release
8192,publication_sparse,3,1,1,704,8,111.168,114.528,3.36,system_fenced_before_release
8192,publication_sparse,3,1,1,960,8,245.888,250.048,4.16,system_fenced_before_release
8192,publication_sparse,4,1,0,0,8,349.952,354.72,4.768,system_fenced_before_release
8192,publication_sparse,4,1,0,256,8,512.992,522.112,9.12,system_fenced_before_release
8192,publication_sparse,4,1,1,512,8,110.752,113.92,3.168,system_fenced_before_release
8192,publication_sparse,4,1,1,768,8,239.744,242.848,3.104,system_fenced_before_release
8192,publication_sparse,5,1,0,64,8,346.848,380.384,33.536,system_fenced_before_release
8192,publication_sparse,5,1,0,320,8,526.048,532.288,6.24,system_fenced_before_release
8192,publication_sparse,5,1,1,576,8,108.896,112.256,3.36,system_fenced_before_release
8192,publication_sparse,5,1,1,832,8,237.536,240.896,3.36,system_fenced_before_release
8192,publication_sparse,6,1,0,128,8,353.856,362.464,8.608,system_fenced_before_release
8192,publication_sparse,6,1,0,384,8,509.728,517.28,7.552,system_fenced_before_release
8192,publication_sparse,6,1,1,640,8,110.656,113.856,3.2,system_fenced_before_release
8192,publication_sparse,6,1,1,896,8,244.832,248.16,3.328,system_fenced_before_release
8192,publication_sparse,7,1,0,192,8,353.632,363.648,10.016,system_fenced_before_release
8192,publication_sparse,7,1,0,448,8,512.832,520.192,7.36,system_fenced_before_release
8192,publication_sparse,7,1,1,704,8,109.312,112.544,3.232,system_fenced_before_release
8192,publication_sparse,7,1,1,960,8,243.776,247.04,3.264,system_fenced_before_release
8192,publication_sparse,8,1,0,0,8,364.48,367.712,3.232,system_fenced_before_release
8192,publication_sparse,8,1,0,256,8,508.032,536.864,28.832,system_fenced_before_release
8192,publication_sparse,8,1,1,512,8,110.56,116.96,6.4,system_fenced_before_release
8192,publication_sparse,8,1,1,768,8,237.792,241.952,4.16,system_fenced_before_release
8192,publication_sparse,9,1,0,64,8,350.432,365.312,14.88,system_fenced_before_release
8192,publication_sparse,9,1,0,320,8,509.92,519.52,9.6,system_fenced_before_release
8192,publication_sparse,9,1,1,576,8,109.024,112.128,3.104,system_fenced_before_release
8192,publication_sparse,9,1,1,832,8,236.448,239.488,3.04,system_fenced_before_release
8192,publication_sparse,10,1,0,128,8,369.536,387.968,18.432,system_fenced_before_release
8192,publication_sparse,10,1,0,384,8,520.736,529.6,8.864,system_fenced_before_release
8192,publication_sparse,10,1,1,640,8,114.848,117.92,3.072,system_fenced_before_release
8192,publication_sparse,10,1,1,896,8,248.896,252.256,3.36,system_fenced_before_release
8192,publication_sparse,11,1,0,192,8,380.0,387.296,7.296,system_fenced_before_release
8192,publication_sparse,11,1,0,448,8,512.288,516.096,3.808,system_fenced_before_release
8192,publication_sparse,11,1,1,704,8,110.624,116.224,5.6,system_fenced_before_release
8192,publication_sparse,11,1,1,960,8,244.672,247.904,3.232,system_fenced_before_release
8192,publication_sparse,12,1,0,0,8,370.4,382.56,12.16,system_fenced_before_release
8192,publication_sparse,12,1,0,256,8,518.56,524.672,6.112,system_fenced_before_release
8192,publication_sparse,12,1,1,512,8,109.472,112.8,3.328,system_fenced_before_release
8192,publication_sparse,12,1,1,768,8,237.152,241.28,4.128,system_fenced_before_release
8192,publication_sparse,13,1,0,64,8,363.424,367.776,4.352,system_fenced_before_release
8192,publication_sparse,13,1,0,320,8,504.832,510.368,5.536,system_fenced_before_release
8192,publication_sparse,13,1,1,576,8,110.176,113.408,3.232,system_fenced_before_release
8192,publication_sparse,13,1,1,832,8,237.632,240.896,3.264,system_fenced_before_release
8192,publication_sparse,14,1,0,128,8,351.488,375.52,24.032,system_fenced_before_release
8192,publication_sparse,14,1,0,384,8,508.48,517.408,8.928,system_fenced_before_release
8192,publication_sparse,14,1,1,640,8,109.792,112.8,3.008,system_fenced_before_release
8192,publication_sparse,14,1,1,896,8,244.992,248.192,3.2,system_fenced_before_release
8192,publication_sparse,15,1,0,192,8,362.912,368.352,5.44,system_fenced_before_release
8192,publication_sparse,15,1,0,448,8,534.88,542.752,7.872,system_fenced_before_release
8192,publication_sparse,15,1,1,704,8,110.048,113.248,3.2,system_fenced_before_release
8192,publication_sparse,15,1,1,960,8,243.936,248.576,4.64,system_fenced_before_release
8192,publication_sparse,16,1,0,0,8,361.728,368.032,6.304,system_fenced_before_release
8192,publication_sparse,16,1,0,256,8,533.792,540.96,7.168,system_fenced_before_release
8192,publication_sparse,16,1,1,512,8,109.536,112.608,3.072,system_fenced_before_release
8192,publication_sparse,16,1,1,768,8,236.672,240.704,4.032,system_fenced_before_release
8192,publication_sparse,17,1,0,64,8,355.488,379.584,24.096,system_fenced_before_release
8192,publication_sparse,17,1,0,320,8,507.232,515.936,8.704,system_fenced_before_release
8192,publication_sparse,17,1,1,576,8,109.536,112.704,3.168,system_fenced_before_release
8192,publication_sparse,17,1,1,832,8,237.152,241.376,4.224,system_fenced_before_release
8192,publication_sparse,18,1,0,128,8,347.584,350.912,3.328,system_fenced_before_release
8192,publication_sparse,18,1,0,384,8,514.048,520.992,6.944,system_fenced_before_release
8192,publication_sparse,18,1,1,640,8,110.304,113.824,3.52,system_fenced_before_release
8192,publication_sparse,18,1,1,896,8,243.744,247.264,3.52,system_fenced_before_release
8192,publication_sparse,19,1,0,192,8,362.496,366.08,3.584,system_fenced_before_release
8192,publication_sparse,19,1,0,448,8,514.784,522.048,7.264,system_fenced_before_release
8192,publication_sparse,19,1,1,704,8,109.952,113.728,3.776,system_fenced_before_release
8192,publication_sparse,19,1,1,960,8,242.784,248.192,5.408,system_fenced_before_release
8192,receiver_sparse,0,0,0,0,8,112.704,115.936,3.232,system_fenced_before_release
8192,receiver_sparse,0,0,0,256,8,244.992,248.576,3.584,system_fenced_before_release
8192,receiver_sparse,0,0,1,512,8,356.64,372.608,15.968,system_fenced_before_release
8192,receiver_sparse,0,0,1,768,8,528.288,540.672,12.384,system_fenced_before_release
8192,receiver_sparse,1,0,0,64,8,111.264,114.496,3.232,system_fenced_before_release
8192,receiver_sparse,1,0,0,320,8,250.048,254.112,4.064,system_fenced_before_release
8192,receiver_sparse,1,0,1,576,8,355.68,360.768,5.088,system_fenced_before_release
8192,receiver_sparse,1,0,1,832,8,529.248,539.424,10.176,system_fenced_before_release
8192,receiver_sparse,2,0,0,128,8,110.688,114.272,3.584,system_fenced_before_release
8192,receiver_sparse,2,0,0,384,8,244.448,249.728,5.28,system_fenced_before_release
8192,receiver_sparse,2,0,1,640,8,363.264,376.768,13.504,system_fenced_before_release
8192,receiver_sparse,2,0,1,896,8,528.384,534.944,6.56,system_fenced_before_release
8192,receiver_sparse,3,0,0,192,8,108.768,111.904,3.136,system_fenced_before_release
8192,receiver_sparse,3,0,0,448,8,241.568,246.656,5.088,system_fenced_before_release
8192,receiver_sparse,3,0,1,704,8,392.672,404.864,12.192,system_fenced_before_release
8192,receiver_sparse,3,0,1,960,8,519.936,526.816,6.88,system_fenced_before_release
8192,receiver_sparse,4,0,0,0,8,108.352,111.68,3.328,system_fenced_before_release
8192,receiver_sparse,4,0,0,256,8,236.512,239.808,3.296,system_fenced_before_release
8192,receiver_sparse,4,0,1,512,8,344.992,348.32,3.328,system_fenced_before_release
8192,receiver_sparse,4,0,1,768,8,511.04,517.536,6.496,system_fenced_before_release
8192,receiver_sparse,5,0,0,64,8,108.352,111.936,3.584,system_fenced_before_release
8192,receiver_sparse,5,0,0,320,8,240.448,246.784,6.336,system_fenced_before_release
8192,receiver_sparse,5,0,1,576,8,342.144,347.744,5.6,system_fenced_before_release
8192,receiver_sparse,5,0,1,832,8,509.44,515.872,6.432,system_fenced_before_release
8192,receiver_sparse,6,0,0,128,8,107.936,111.008,3.072,system_fenced_before_release
8192,receiver_sparse,6,0,0,384,8,240.384,246.272,5.888,system_fenced_before_release
8192,receiver_sparse,6,0,1,640,8,346.272,349.536,3.264,system_fenced_before_release
8192,receiver_sparse,6,0,1,896,8,507.68,515.424,7.744,system_fenced_before_release
8192,receiver_sparse,7,0,0,192,8,109.056,112.384,3.328,system_fenced_before_release
8192,receiver_sparse,7,0,0,448,8,241.152,244.992,3.84,system_fenced_before_release
8192,receiver_sparse,7,0,1,704,8,400.064,408.672,8.608,system_fenced_before_release
8192,receiver_sparse,7,0,1,960,8,509.344,516.576,7.232,system_fenced_before_release
8192,receiver_sparse,8,0,0,0,8,107.776,111.36,3.584,system_fenced_before_release
8192,receiver_sparse,8,0,0,256,8,234.048,237.216,3.168,system_fenced_before_release
8192,receiver_sparse,8,0,1,512,8,342.496,348.288,5.792,system_fenced_before_release
8192,receiver_sparse,8,0,1,768,8,510.176,517.12,6.944,system_fenced_before_release
8192,receiver_sparse,9,0,0,64,8,107.744,110.848,3.104,system_fenced_before_release
8192,receiver_sparse,9,0,0,320,8,239.616,245.184,5.568,system_fenced_before_release
8192,receiver_sparse,9,0,1,576,8,352.032,367.584,15.552,system_fenced_before_release
8192,receiver_sparse,9,0,1,832,8,527.36,533.6,6.24,system_fenced_before_release
8192,receiver_sparse,10,0,0,128,8,107.232,110.368,3.136,system_fenced_before_release
8192,receiver_sparse,10,0,0,384,8,238.144,244.736,6.592,system_fenced_before_release
8192,receiver_sparse,10,0,1,640,8,352.448,369.984,17.536,system_fenced_before_release
8192,receiver_sparse,10,0,1,896,8,504.416,512.064,7.648,system_fenced_before_release
8192,receiver_sparse,11,0,0,192,8,109.248,112.352,3.104,system_fenced_before_release
8192,receiver_sparse,11,0,0,448,8,240.16,243.296,3.136,system_fenced_before_release
8192,receiver_sparse,11,0,1,704,8,392.064,403.008,10.944,system_fenced_before_release
8192,receiver_sparse,11,0,1,960,8,511.232,518.144,6.912,system_fenced_before_release
8192,receiver_sparse,12,0,0,0,8,108.256,111.424,3.168,system_fenced_before_release
8192,receiver_sparse,12,0,0,256,8,234.56,238.048,3.488,system_fenced_before_release
8192,receiver_sparse,12,0,1,512,8,342.176,358.72,16.544,system_fenced_before_release
8192,receiver_sparse,12,0,1,768,8,515.872,524.992,9.12,system_fenced_before_release
8192,receiver_sparse,13,0,0,64,8,112.544,115.648,3.104,system_fenced_before_release
8192,receiver_sparse,13,0,0,320,8,244.896,250.368,5.472,system_fenced_before_release
8192,receiver_sparse,13,0,1,576,8,345.152,359.104,13.952,system_fenced_before_release
8192,receiver_sparse,13,0,1,832,8,527.264,534.944,7.68,system_fenced_before_release
8192,receiver_sparse,14,0,0,128,8,108.192,111.232,3.04,system_fenced_before_release
8192,receiver_sparse,14,0,0,384,8,240.864,246.368,5.504,system_fenced_before_release
8192,receiver_sparse,14,0,1,640,8,353.6,361.024,7.424,system_fenced_before_release
8192,receiver_sparse,14,0,1,896,8,512.48,519.808,7.328,system_fenced_before_release
8192,receiver_sparse,15,0,0,192,8,107.424,110.624,3.2,system_fenced_before_release
8192,receiver_sparse,15,0,0,448,8,237.664,240.736,3.072,system_fenced_before_release
8192,receiver_sparse,15,0,1,704,8,392.192,402.848,10.656,system_fenced_before_release
8192,receiver_sparse,15,0,1,960,8,512.032,521.28,9.248,system_fenced_before_release
8192,receiver_sparse,16,0,0,0,8,107.296,110.56,3.264,system_fenced_before_release
8192,receiver_sparse,16,0,0,256,8,232.16,236.992,4.832,system_fenced_before_release
8192,receiver_sparse,16,0,1,512,8,343.168,361.632,18.464,system_fenced_before_release
8192,receiver_sparse,16,0,1,768,8,501.952,509.536,7.584,system_fenced_before_release
8192,receiver_sparse,17,0,0,64,8,106.592,109.888,3.296,system_fenced_before_release
8192,receiver_sparse,17,0,0,320,8,238.272,241.728,3.456,system_fenced_before_release
8192,receiver_sparse,17,0,1,576,8,348.64,357.696,9.056,system_fenced_before_release
8192,receiver_sparse,17,0,1,832,8,496.48,502.976,6.496,system_fenced_before_release
8192,receiver_sparse,18,0,0,128,8,107.36,110.496,3.136,system_fenced_before_release
8192,receiver_sparse,18,0,0,384,8,238.112,241.824,3.712,system_fenced_before_release
8192,receiver_sparse,18,0,1,640,8,353.76,362.144,8.384,system_fenced_before_release
8192,receiver_sparse,18,0,1,896,8,503.296,511.712,8.416,system_fenced_before_release
8192,receiver_sparse,19,0,0,192,8,106.144,109.44,3.296,system_fenced_before_release
8192,receiver_sparse,19,0,0,448,8,236.832,243.072,6.24,system_fenced_before_release
8192,receiver_sparse,19,0,1,704,8,383.776,395.648,11.872,system_fenced_before_release
8192,receiver_sparse,19,0,1,960,8,497.344,502.848,5.504,system_fenced_before_release
8192,receiver_sparse,0,1,0,0,8,378.016,402.784,24.768,system_fenced_before_release
8192,receiver_sparse,0,1,0,256,8,564.832,572.128,7.296,system_fenced_before_release
8192,receiver_sparse,0,1,1,512,8,115.04,118.528,3.488,system_fenced_before_release
8192,receiver_sparse,0,1,1,768,8,257.792,261.216,3.424,system_fenced_before_release
8192,receiver_sparse,1,1,0,64,8,376.896,380.352,3.456,system_fenced_before_release
8192,receiver_sparse,1,1,0,320,8,557.76,561.632,3.872,system_fenced_before_release
8192,receiver_sparse,1,1,1,576,8,114.272,117.6,3.328,system_fenced_before_release
8192,receiver_sparse,1,1,1,832,8,262.08,266.016,3.936,system_fenced_before_release
8192,receiver_sparse,2,1,0,128,8,367.712,381.536,13.824,system_fenced_before_release
8192,receiver_sparse,2,1,0,384,8,549.44,554.976,5.536,system_fenced_before_release
8192,receiver_sparse,2,1,1,640,8,108.544,111.936,3.392,system_fenced_before_release
8192,receiver_sparse,2,1,1,896,8,248.384,253.056,4.672,system_fenced_before_release
8192,receiver_sparse,3,1,0,192,8,411.488,420.352,8.864,system_fenced_before_release
8192,receiver_sparse,3,1,0,448,8,534.272,545.216,10.944,system_fenced_before_release
8192,receiver_sparse,3,1,1,704,8,106.88,110.08,3.2,system_fenced_before_release
8192,receiver_sparse,3,1,1,960,8,241.536,245.056,3.52,system_fenced_before_release
8192,receiver_sparse,4,1,0,0,8,345.088,348.448,3.36,system_fenced_before_release
8192,receiver_sparse,4,1,0,256,8,510.624,516.608,5.984,system_fenced_before_release
8192,receiver_sparse,4,1,1,512,8,106.848,110.08,3.232,system_fenced_before_release
8192,receiver_sparse,4,1,1,768,8,236.16,241.248,5.088,system_fenced_before_release
8192,receiver_sparse,5,1,0,64,8,343.072,347.584,4.512,system_fenced_before_release
8192,receiver_sparse,5,1,0,320,8,513.568,520.704,7.136,system_fenced_before_release
8192,receiver_sparse,5,1,1,576,8,106.528,109.728,3.2,system_fenced_before_release
8192,receiver_sparse,5,1,1,832,8,239.776,242.912,3.136,system_fenced_before_release
8192,receiver_sparse,6,1,0,128,8,356.192,361.696,5.504,system_fenced_before_release
8192,receiver_sparse,6,1,0,384,8,509.92,515.84,5.92,system_fenced_before_release
8192,receiver_sparse,6,1,1,640,8,106.176,109.536,3.36,system_fenced_before_release
8192,receiver_sparse,6,1,1,896,8,239.552,243.136,3.584,system_fenced_before_release
8192,receiver_sparse,7,1,0,192,8,410.336,423.232,12.896,system_fenced_before_release
8192,receiver_sparse,7,1,0,448,8,527.072,532.704,5.632,system_fenced_before_release
8192,receiver_sparse,7,1,1,704,8,108.032,111.2,3.168,system_fenced_before_release
8192,receiver_sparse,7,1,1,960,8,241.024,245.152,4.128,system_fenced_before_release
8192,receiver_sparse,8,1,0,0,8,342.112,346.368,4.256,system_fenced_before_release
8192,receiver_sparse,8,1,0,256,8,509.6,513.824,4.224,system_fenced_before_release
8192,receiver_sparse,8,1,1,512,8,105.952,110.368,4.416,system_fenced_before_release
8192,receiver_sparse,8,1,1,768,8,233.44,239.072,5.632,system_fenced_before_release
8192,receiver_sparse,9,1,0,64,8,350.944,363.552,12.608,system_fenced_before_release
8192,receiver_sparse,9,1,0,320,8,514.336,520.352,6.016,system_fenced_before_release
8192,receiver_sparse,9,1,1,576,8,107.2,110.368,3.168,system_fenced_before_release
8192,receiver_sparse,9,1,1,832,8,240.352,243.968,3.616,system_fenced_before_release
8192,receiver_sparse,10,1,0,128,8,355.648,375.584,19.936,system_fenced_before_release
8192,receiver_sparse,10,1,0,384,8,526.4,535.232,8.832,system_fenced_before_release
8192,receiver_sparse,10,1,1,640,8,106.368,109.92,3.552,system_fenced_before_release
8192,receiver_sparse,10,1,1,896,8,239.392,245.728,6.336,system_fenced_before_release
8192,receiver_sparse,11,1,0,192,8,386.304,395.008,8.704,system_fenced_before_release
8192,receiver_sparse,11,1,0,448,8,509.632,515.04,5.408,system_fenced_before_release
8192,receiver_sparse,11,1,1,704,8,105.312,108.352,3.04,system_fenced_before_release
8192,receiver_sparse,11,1,1,960,8,237.952,241.344,3.392,system_fenced_before_release
8192,receiver_sparse,12,1,0,0,8,347.36,351.136,3.776,system_fenced_before_release
8192,receiver_sparse,12,1,0,256,8,514.048,522.208,8.16,system_fenced_before_release
8192,receiver_sparse,12,1,1,512,8,104.288,107.296,3.008,system_fenced_before_release
8192,receiver_sparse,12,1,1,768,8,231.968,235.904,3.936,system_fenced_before_release
8192,receiver_sparse,13,1,0,64,8,351.52,354.944,3.424,system_fenced_before_release
8192,receiver_sparse,13,1,0,320,8,522.976,528.928,5.952,system_fenced_before_release
8192,receiver_sparse,13,1,1,576,8,108.32,111.616,3.296,system_fenced_before_release
8192,receiver_sparse,13,1,1,832,8,241.472,245.888,4.416,system_fenced_before_release
8192,receiver_sparse,14,1,0,128,8,357.28,366.048,8.768,system_fenced_before_release
8192,receiver_sparse,14,1,0,384,8,521.024,528.416,7.392,system_fenced_before_release
8192,receiver_sparse,14,1,1,640,8,107.456,110.72,3.264,system_fenced_before_release
8192,receiver_sparse,14,1,1,896,8,240.16,243.328,3.168,system_fenced_before_release
8192,receiver_sparse,15,1,0,192,8,407.648,419.488,11.84,system_fenced_before_release
8192,receiver_sparse,15,1,0,448,8,520.896,526.976,6.08,system_fenced_before_release
8192,receiver_sparse,15,1,1,704,8,106.144,109.664,3.52,system_fenced_before_release
8192,receiver_sparse,15,1,1,960,8,237.984,241.856,3.872,system_fenced_before_release
8192,receiver_sparse,16,1,0,0,8,341.952,368.576,26.624,system_fenced_before_release
8192,receiver_sparse,16,1,0,256,8,503.904,509.76,5.856,system_fenced_before_release
8192,receiver_sparse,16,1,1,512,8,105.376,108.416,3.04,system_fenced_before_release
8192,receiver_sparse,16,1,1,768,8,233.088,238.464,5.376,system_fenced_before_release
8192,receiver_sparse,17,1,0,64,8,342.432,360.32,17.888,system_fenced_before_release
8192,receiver_sparse,17,1,0,320,8,503.584,511.168,7.584,system_fenced_before_release
8192,receiver_sparse,17,1,1,576,8,106.016,109.28,3.264,system_fenced_before_release
8192,receiver_sparse,17,1,1,832,8,238.24,241.792,3.552,system_fenced_before_release
8192,receiver_sparse,18,1,0,128,8,357.152,367.424,10.272,system_fenced_before_release
8192,receiver_sparse,18,1,0,384,8,523.648,532.0,8.352,system_fenced_before_release
8192,receiver_sparse,18,1,1,640,8,106.752,110.432,3.68,system_fenced_before_release
8192,receiver_sparse,18,1,1,896,8,239.968,243.488,3.52,system_fenced_before_release
8192,receiver_sparse,19,1,0,192,8,385.888,392.896,7.008,system_fenced_before_release
8192,receiver_sparse,19,1,0,448,8,500.864,506.016,5.152,system_fenced_before_release
8192,receiver_sparse,19,1,1,704,8,104.416,107.456,3.04,system_fenced_before_release
8192,receiver_sparse,19,1,1,960,8,236.672,240.736,4.064,system_fenced_before_release
8192,receiver_dense,0,0,0,0,8,110.976,118.144,7.168,system_fenced_before_release
8192,receiver_dense,0,0,0,64,8,110.88,115.008,4.128,system_fenced_before_release
8192,receiver_dense,0,0,0,128,8,110.88,117.248,6.368,system_fenced_before_release
8192,receiver_dense,0,0,0,192,8,110.656,113.888,3.232,system_fenced_before_release
8192,receiver_dense,0,0,0,256,8,245.216,248.896,3.68,system_fenced_before_release
8192,receiver_dense,0,0,0,320,8,249.184,256.096,6.912,system_fenced_before_release
8192,receiver_dense,0,0,0,384,8,250.176,257.888,7.712,system_fenced_before_release
8192,receiver_dense,0,0,0,448,8,250.816,259.616,8.8,system_fenced_before_release
8192,receiver_dense,0,0,1,512,8,359.296,364.16,4.864,system_fenced_before_release
8192,receiver_dense,0,0,1,576,8,359.168,365.888,6.72,system_fenced_before_release
8192,receiver_dense,0,0,1,640,8,383.008,389.536,6.528,system_fenced_before_release
8192,receiver_dense,0,0,1,704,8,407.552,417.824,10.272,system_fenced_before_release
8192,receiver_dense,0,0,1,768,8,526.656,535.072,8.416,system_fenced_before_release
8192,receiver_dense,0,0,1,832,8,530.752,538.688,7.936,system_fenced_before_release
8192,receiver_dense,0,0,1,896,8,533.12,541.792,8.672,system_fenced_before_release
8192,receiver_dense,0,0,1,960,8,529.344,533.472,4.128,system_fenced_before_release
8192,receiver_dense,1,0,0,16,8,147.584,154.496,6.912,system_fenced_before_release
8192,receiver_dense,1,0,0,80,8,168.48,177.056,8.576,system_fenced_before_release
8192,receiver_dense,1,0,0,144,8,147.84,156.16,8.32,system_fenced_before_release
8192,receiver_dense,1,0,0,208,8,167.968,175.264,7.296,system_fenced_before_release
8192,receiver_dense,1,0,0,272,8,298.816,305.088,6.272,system_fenced_before_release
8192,receiver_dense,1,0,0,336,8,298.464,303.328,4.864,system_fenced_before_release
8192,receiver_dense,1,0,0,400,8,299.008,306.912,7.904,system_fenced_before_release
8192,receiver_dense,1,0,0,464,8,300.0,306.848,6.848,system_fenced_before_release
8192,receiver_dense,1,0,1,528,8,460.544,468.288,7.744,system_fenced_before_release
8192,receiver_dense,1,0,1,592,8,455.872,469.216,13.344,system_fenced_before_release
8192,receiver_dense,1,0,1,656,8,457.92,467.84,9.92,system_fenced_before_release
8192,receiver_dense,1,0,1,720,8,453.44,465.792,12.352,system_fenced_before_release
8192,receiver_dense,1,0,1,784,8,579.744,590.72,10.976,system_fenced_before_release
8192,receiver_dense,1,0,1,848,8,587.328,595.776,8.448,system_fenced_before_release
8192,receiver_dense,1,0,1,912,8,589.408,595.712,6.304,system_fenced_before_release
8192,receiver_dense,1,0,1,976,8,589.088,595.712,6.624,system_fenced_before_release
8192,receiver_dense,2,0,0,32,8,111.104,116.448,5.344,system_fenced_before_release
8192,receiver_dense,2,0,0,96,8,111.168,114.272,3.104,system_fenced_before_release
8192,receiver_dense,2,0,0,160,8,111.488,119.744,8.256,system_fenced_before_release
8192,receiver_dense,2,0,0,224,8,111.072,116.224,5.152,system_fenced_before_release
8192,receiver_dense,2,0,0,288,8,251.392,257.632,6.24,system_fenced_before_release
8192,receiver_dense,2,0,0,352,8,246.56,254.976,8.416,system_fenced_before_release
8192,receiver_dense,2,0,0,416,8,245.824,249.408,3.584,system_fenced_before_release
8192,receiver_dense,2,0,0,480,8,246.752,254.88,8.128,system_fenced_before_release
8192,receiver_dense,2,0,1,544,8,350.944,356.608,5.664,system_fenced_before_release
8192,receiver_dense,2,0,1,608,8,364.992,371.552,6.56,system_fenced_before_release
8192,receiver_dense,2,0,1,672,8,394.464,403.04,8.576,system_fenced_before_release
8192,receiver_dense,2,0,1,736,8,397.568,408.768,11.2,system_fenced_before_release
8192,receiver_dense,2,0,1,800,8,522.528,532.672,10.144,system_fenced_before_release
8192,receiver_dense,2,0,1,864,8,514.976,522.048,7.072,system_fenced_before_release
8192,receiver_dense,2,0,1,928,8,521.984,532.96,10.976,system_fenced_before_release
8192,receiver_dense,2,0,1,992,8,520.992,530.88,9.888,system_fenced_before_release
8192,receiver_dense,3,0,0,48,8,168.032,176.064,8.032,system_fenced_before_release
8192,receiver_dense,3,0,0,112,8,146.304,153.536,7.232,system_fenced_before_release
8192,receiver_dense,3,0,0,176,8,167.264,174.4,7.136,system_fenced_before_release
8192,receiver_dense,3,0,0,240,8,146.848,154.304,7.456,system_fenced_before_release
8192,receiver_dense,3,0,0,304,8,297.184,304.16,6.976,system_fenced_before_release
8192,receiver_dense,3,0,0,368,8,297.088,306.208,9.12,system_fenced_before_release
8192,receiver_dense,3,0,0,432,8,297.728,306.208,8.48,system_fenced_before_release
8192,receiver_dense,3,0,0,496,8,297.888,306.24,8.352,system_fenced_before_release
8192,receiver_dense,3,0,1,560,8,456.608,476.896,20.288,system_fenced_before_release
8192,receiver_dense,3,0,1,624,8,451.392,469.184,17.792,system_fenced_before_release
8192,receiver_dense,3,0,1,688,8,473.28,482.08,8.8,system_fenced_before_release
8192,receiver_dense,3,0,1,752,8,452.672,475.168,22.496,system_fenced_before_release
8192,receiver_dense,3,0,1,816,8,592.896,601.472,8.576,system_fenced_before_release
8192,receiver_dense,3,0,1,880,8,584.736,594.4,9.664,system_fenced_before_release
8192,receiver_dense,3,0,1,944,8,592.32,599.616,7.296,system_fenced_before_release
8192,receiver_dense,3,0,1,1008,8,579.872,584.512,4.64,system_fenced_before_release
8192,receiver_dense,4,0,0,0,8,107.744,111.616,3.872,system_fenced_before_release
8192,receiver_dense,4,0,0,64,8,107.744,111.808,4.064,system_fenced_before_release
8192,receiver_dense,4,0,0,128,8,107.68,110.752,3.072,system_fenced_before_release
8192,receiver_dense,4,0,0,192,8,107.68,112.128,4.448,system_fenced_before_release
8192,receiver_dense,4,0,0,256,8,234.688,239.68,4.992,system_fenced_before_release
8192,receiver_dense,4,0,0,320,8,239.232,245.984,6.752,system_fenced_before_release
8192,receiver_dense,4,0,0,384,8,239.072,244.576,5.504,system_fenced_before_release
8192,receiver_dense,4,0,0,448,8,239.744,248.192,8.448,system_fenced_before_release
8192,receiver_dense,4,0,1,512,8,342.4,350.048,7.648,system_fenced_before_release
8192,receiver_dense,4,0,1,576,8,342.784,356.96,14.176,system_fenced_before_release
8192,receiver_dense,4,0,1,640,8,366.4,375.072,8.672,system_fenced_before_release
8192,receiver_dense,4,0,1,704,8,390.944,404.704,13.76,system_fenced_before_release
8192,receiver_dense,4,0,1,768,8,520.672,529.312,8.64,system_fenced_before_release
8192,receiver_dense,4,0,1,832,8,512.672,518.144,5.472,system_fenced_before_release
8192,receiver_dense,4,0,1,896,8,521.184,530.592,9.408,system_fenced_before_release
8192,receiver_dense,4,0,1,960,8,521.664,532.288,10.624,system_fenced_before_release
8192,receiver_dense,5,0,0,16,8,169.6,176.192,6.592,system_fenced_before_release
8192,receiver_dense,5,0,0,80,8,149.536,152.768,3.232,system_fenced_before_release
8192,receiver_dense,5,0,0,144,8,169.696,176.096,6.4,system_fenced_before_release
8192,receiver_dense,5,0,0,208,8,170.272,176.128,5.856,system_fenced_before_release
8192,receiver_dense,5,0,0,272,8,298.208,304.288,6.08,system_fenced_before_release
8192,receiver_dense,5,0,0,336,8,298.528,306.048,7.52,system_fenced_before_release
8192,receiver_dense,5,0,0,400,8,298.848,305.952,7.104,system_fenced_before_release
8192,receiver_dense,5,0,0,464,8,299.872,307.68,7.808,system_fenced_before_release
8192,receiver_dense,5,0,1,528,8,471.168,484.64,13.472,system_fenced_before_release
8192,receiver_dense,5,0,1,592,8,467.68,480.448,12.768,system_fenced_before_release
8192,receiver_dense,5,0,1,656,8,472.576,484.64,12.064,system_fenced_before_release
8192,receiver_dense,5,0,1,720,8,467.584,479.136,11.552,system_fenced_before_release
8192,receiver_dense,5,0,1,784,8,584.48,593.184,8.704,system_fenced_before_release
8192,receiver_dense,5,0,1,848,8,573.76,581.216,7.456,system_fenced_before_release
8192,receiver_dense,5,0,1,912,8,573.856,585.792,11.936,system_fenced_before_release
8192,receiver_dense,5,0,1,976,8,573.792,583.584,9.792,system_fenced_before_release
8192,receiver_dense,6,0,0,32,8,109.6,113.664,4.064,system_fenced_before_release
8192,receiver_dense,6,0,0,96,8,109.536,112.8,3.264,system_fenced_before_release
8192,receiver_dense,6,0,0,160,8,109.536,115.808,6.272,system_fenced_before_release
8192,receiver_dense,6,0,0,224,8,109.824,117.408,7.584,system_fenced_before_release
8192,receiver_dense,6,0,0,288,8,248.992,255.424,6.432,system_fenced_before_release
8192,receiver_dense,6,0,0,352,8,241.312,247.968,6.656,system_fenced_before_release
8192,receiver_dense,6,0,0,416,8,241.728,249.984,8.256,system_fenced_before_release
8192,receiver_dense,6,0,0,480,8,241.76,250.016,8.256,system_fenced_before_release
8192,receiver_dense,6,0,1,544,8,343.264,349.376,6.112,system_fenced_before_release
8192,receiver_dense,6,0,1,608,8,358.592,370.752,12.16,system_fenced_before_release
8192,receiver_dense,6,0,1,672,8,386.464,396.928,10.464,system_fenced_before_release
8192,receiver_dense,6,0,1,736,8,389.536,400.0,10.464,system_fenced_before_release
8192,receiver_dense,6,0,1,800,8,507.424,517.856,10.432,system_fenced_before_release
8192,receiver_dense,6,0,1,864,8,511.712,525.248,13.536,system_fenced_before_release
8192,receiver_dense,6,0,1,928,8,504.576,515.904,11.328,system_fenced_before_release
8192,receiver_dense,6,0,1,992,8,508.192,517.856,9.664,system_fenced_before_release
8192,receiver_dense,7,0,0,48,8,164.8,169.504,4.704,system_fenced_before_release
8192,receiver_dense,7,0,0,112,8,164.992,172.064,7.072,system_fenced_before_release
8192,receiver_dense,7,0,0,176,8,164.672,170.304,5.632,system_fenced_before_release
8192,receiver_dense,7,0,0,240,8,144.32,148.48,4.16,system_fenced_before_release
8192,receiver_dense,7,0,0,304,8,294.496,302.432,7.936,system_fenced_before_release
8192,receiver_dense,7,0,0,368,8,293.664,299.008,5.344,system_fenced_before_release
8192,receiver_dense,7,0,0,432,8,293.536,300.704,7.168,system_fenced_before_release
8192,receiver_dense,7,0,0,496,8,294.848,302.368,7.52,system_fenced_before_release
8192,receiver_dense,7,0,1,560,8,444.384,453.184,8.8,system_fenced_before_release
8192,receiver_dense,7,0,1,624,8,450.304,458.048,7.744,system_fenced_before_release
8192,receiver_dense,7,0,1,688,8,451.616,461.632,10.016,system_fenced_before_release
8192,receiver_dense,7,0,1,752,8,451.584,461.568,9.984,system_fenced_before_release
8192,receiver_dense,7,0,1,816,8,553.376,567.168,13.792,system_fenced_before_release
8192,receiver_dense,7,0,1,880,8,561.984,568.864,6.88,system_fenced_before_release
8192,receiver_dense,7,0,1,944,8,551.776,565.472,13.696,system_fenced_before_release
8192,receiver_dense,7,0,1,1008,8,550.272,560.16,9.888,system_fenced_before_release
8192,receiver_dense,8,0,0,0,8,109.28,113.472,4.192,system_fenced_before_release
8192,receiver_dense,8,0,0,64,8,109.312,113.44,4.128,system_fenced_before_release
8192,receiver_dense,8,0,0,128,8,109.312,113.472,4.16,system_fenced_before_release
8192,receiver_dense,8,0,0,192,8,109.376,112.416,3.04,system_fenced_before_release
8192,receiver_dense,8,0,0,256,8,236.352,241.472,5.12,system_fenced_before_release
8192,receiver_dense,8,0,0,320,8,240.832,247.008,6.176,system_fenced_before_release
8192,receiver_dense,8,0,0,384,8,241.28,249.472,8.192,system_fenced_before_release
8192,receiver_dense,8,0,0,448,8,242.016,245.344,3.328,system_fenced_before_release
8192,receiver_dense,8,0,1,512,8,347.2,359.712,12.512,system_fenced_before_release
8192,receiver_dense,8,0,1,576,8,345.536,357.984,12.448,system_fenced_before_release
8192,receiver_dense,8,0,1,640,8,367.2,375.2,8.0,system_fenced_before_release
8192,receiver_dense,8,0,1,704,8,385.888,394.688,8.8,system_fenced_before_release
8192,receiver_dense,8,0,1,768,8,504.96,517.024,12.064,system_fenced_before_release
8192,receiver_dense,8,0,1,832,8,508.64,517.824,9.184,system_fenced_before_release
8192,receiver_dense,8,0,1,896,8,513.024,522.688,9.664,system_fenced_before_release
8192,receiver_dense,8,0,1,960,8,510.4,520.576,10.176,system_fenced_before_release
8192,receiver_dense,9,0,0,16,8,145.408,151.168,5.76,system_fenced_before_release
8192,receiver_dense,9,0,0,80,8,167.04,175.008,7.968,system_fenced_before_release
8192,receiver_dense,9,0,0,144,8,145.472,151.456,5.984,system_fenced_before_release
8192,receiver_dense,9,0,0,208,8,145.664,153.472,7.808,system_fenced_before_release
8192,receiver_dense,9,0,0,272,8,294.24,298.912,4.672,system_fenced_before_release
8192,receiver_dense,9,0,0,336,8,294.304,300.864,6.56,system_fenced_before_release
8192,receiver_dense,9,0,0,400,8,294.528,299.328,4.8,system_fenced_before_release
8192,receiver_dense,9,0,0,464,8,296.32,304.416,8.096,system_fenced_before_release
8192,receiver_dense,9,0,1,528,8,450.656,460.032,9.376,system_fenced_before_release
8192,receiver_dense,9,0,1,592,8,456.96,468.16,11.2,system_fenced_before_release
8192,receiver_dense,9,0,1,656,8,454.976,466.496,11.52,system_fenced_before_release
8192,receiver_dense,9,0,1,720,8,460.704,469.856,9.152,system_fenced_before_release
8192,receiver_dense,9,0,1,784,8,561.472,569.888,8.416,system_fenced_before_release
8192,receiver_dense,9,0,1,848,8,563.584,572.224,8.64,system_fenced_before_release
8192,receiver_dense,9,0,1,912,8,567.04,574.912,7.872,system_fenced_before_release
8192,receiver_dense,9,0,1,976,8,553.856,567.968,14.112,system_fenced_before_release
8192,receiver_dense,10,0,0,32,8,109.76,114.048,4.288,system_fenced_before_release
8192,receiver_dense,10,0,0,96,8,109.664,113.216,3.552,system_fenced_before_release
8192,receiver_dense,10,0,0,160,8,109.728,118.24,8.512,system_fenced_before_release
8192,receiver_dense,10,0,0,224,8,109.728,115.808,6.08,system_fenced_before_release
8192,receiver_dense,10,0,0,288,8,248.608,257.088,8.48,system_fenced_before_release
8192,receiver_dense,10,0,0,352,8,240.256,246.752,6.496,system_fenced_before_release
8192,receiver_dense,10,0,0,416,8,240.672,249.184,8.512,system_fenced_before_release
8192,receiver_dense,10,0,0,480,8,241.12,249.12,8.0,system_fenced_before_release
8192,receiver_dense,10,0,1,544,8,343.2,350.912,7.712,system_fenced_before_release
8192,receiver_dense,10,0,1,608,8,357.6,364.256,6.656,system_fenced_before_release
8192,receiver_dense,10,0,1,672,8,385.248,396.416,11.168,system_fenced_before_release
8192,receiver_dense,10,0,1,736,8,388.768,398.72,9.952,system_fenced_before_release
8192,receiver_dense,10,0,1,800,8,506.368,514.016,7.648,system_fenced_before_release
8192,receiver_dense,10,0,1,864,8,507.808,515.968,8.16,system_fenced_before_release
8192,receiver_dense,10,0,1,928,8,512.288,521.408,9.12,system_fenced_before_release
8192,receiver_dense,10,0,1,992,8,503.712,512.224,8.512,system_fenced_before_release
8192,receiver_dense,11,0,0,48,8,165.472,171.904,6.432,system_fenced_before_release
8192,receiver_dense,11,0,0,112,8,165.28,171.84,6.56,system_fenced_before_release
8192,receiver_dense,11,0,0,176,8,147.648,154.784,7.136,system_fenced_before_release
8192,receiver_dense,11,0,0,240,8,147.36,150.624,3.264,system_fenced_before_release
8192,receiver_dense,11,0,0,304,8,293.696,300.512,6.816,system_fenced_before_release
8192,receiver_dense,11,0,0,368,8,293.856,302.208,8.352,system_fenced_before_release
8192,receiver_dense,11,0,0,432,8,294.304,298.784,4.48,system_fenced_before_release
8192,receiver_dense,11,0,0,496,8,297.152,303.936,6.784,system_fenced_before_release
8192,receiver_dense,11,0,1,560,8,445.408,458.752,13.344,system_fenced_before_release
8192,receiver_dense,11,0,1,624,8,442.624,450.368,7.744,system_fenced_before_release
8192,receiver_dense,11,0,1,688,8,449.312,458.752,9.44,system_fenced_before_release
8192,receiver_dense,11,0,1,752,8,456.384,465.888,9.504,system_fenced_before_release
8192,receiver_dense,11,0,1,816,8,564.992,571.776,6.784,system_fenced_before_release
8192,receiver_dense,11,0,1,880,8,571.328,580.352,9.024,system_fenced_before_release
8192,receiver_dense,11,0,1,944,8,562.816,578.56,15.744,system_fenced_before_release
8192,receiver_dense,11,0,1,1008,8,563.136,581.984,18.848,system_fenced_before_release
8192,receiver_dense,12,0,0,0,8,107.584,112.096,4.512,system_fenced_before_release
8192,receiver_dense,12,0,0,64,8,107.36,111.296,3.936,system_fenced_before_release
8192,receiver_dense,12,0,0,128,8,107.36,111.328,3.968,system_fenced_before_release
8192,receiver_dense,12,0,0,192,8,107.456,111.584,4.128,system_fenced_before_release
8192,receiver_dense,12,0,0,256,8,233.504,236.704,3.2,system_fenced_before_release
8192,receiver_dense,12,0,0,320,8,239.84,246.848,7.008,system_fenced_before_release
8192,receiver_dense,12,0,0,384,8,238.848,244.64,5.792,system_fenced_before_release
8192,receiver_dense,12,0,0,448,8,239.04,244.704,5.664,system_fenced_before_release
8192,receiver_dense,12,0,1,512,8,340.608,347.616,7.008,system_fenced_before_release
8192,receiver_dense,12,0,1,576,8,341.344,349.632,8.288,system_fenced_before_release
8192,receiver_dense,12,0,1,640,8,364.48,370.784,6.304,system_fenced_before_release
8192,receiver_dense,12,0,1,704,8,383.168,392.768,9.6,system_fenced_before_release
8192,receiver_dense,12,0,1,768,8,500.064,510.432,10.368,system_fenced_before_release
8192,receiver_dense,12,0,1,832,8,504.448,517.632,13.184,system_fenced_before_release
8192,receiver_dense,12,0,1,896,8,504.992,517.536,12.544,system_fenced_before_release
8192,receiver_dense,12,0,1,960,8,502.496,512.288,9.792,system_fenced_before_release
8192,receiver_dense,13,0,0,16,8,144.864,148.32,3.456,system_fenced_before_release
8192,receiver_dense,13,0,0,80,8,145.216,152.384,7.168,system_fenced_before_release
8192,receiver_dense,13,0,0,144,8,145.056,149.76,4.704,system_fenced_before_release
8192,receiver_dense,13,0,0,208,8,144.832,149.728,4.896,system_fenced_before_release
8192,receiver_dense,13,0,0,272,8,292.096,301.696,9.6,system_fenced_before_release
8192,receiver_dense,13,0,0,336,8,291.808,299.264,7.456,system_fenced_before_release
8192,receiver_dense,13,0,0,400,8,293.312,299.68,6.368,system_fenced_before_release
8192,receiver_dense,13,0,0,464,8,293.632,299.648,6.016,system_fenced_before_release
8192,receiver_dense,13,0,1,528,8,452.192,462.016,9.824,system_fenced_before_release
8192,receiver_dense,13,0,1,592,8,452.768,462.08,9.312,system_fenced_before_release
8192,receiver_dense,13,0,1,656,8,459.872,467.104,7.232,system_fenced_before_release
8192,receiver_dense,13,0,1,720,8,445.792,456.832,11.04,system_fenced_before_release
8192,receiver_dense,13,0,1,784,8,552.864,564.224,11.36,system_fenced_before_release
8192,receiver_dense,13,0,1,848,8,553.184,561.888,8.704,system_fenced_before_release
8192,receiver_dense,13,0,1,912,8,563.712,571.2,7.488,system_fenced_before_release
8192,receiver_dense,13,0,1,976,8,567.264,574.496,7.232,system_fenced_before_release
8192,receiver_dense,14,0,0,32,8,107.072,111.104,4.032,system_fenced_before_release
8192,receiver_dense,14,0,0,96,8,106.976,110.304,3.328,system_fenced_before_release
8192,receiver_dense,14,0,0,160,8,107.104,113.952,6.848,system_fenced_before_release
8192,receiver_dense,14,0,0,224,8,107.072,113.28,6.208,system_fenced_before_release
8192,receiver_dense,14,0,0,288,8,246.272,252.928,6.656,system_fenced_before_release
8192,receiver_dense,14,0,0,352,8,239.104,246.208,7.104,system_fenced_before_release
8192,receiver_dense,14,0,0,416,8,240.32,246.144,5.824,system_fenced_before_release
8192,receiver_dense,14,0,0,480,8,238.464,242.208,3.744,system_fenced_before_release
8192,receiver_dense,14,0,1,544,8,340.864,345.952,5.088,system_fenced_before_release
8192,receiver_dense,14,0,1,608,8,354.272,362.272,8.0,system_fenced_before_release
8192,receiver_dense,14,0,1,672,8,385.088,397.472,12.384,system_fenced_before_release
8192,receiver_dense,14,0,1,736,8,384.672,395.552,10.88,system_fenced_before_release
8192,receiver_dense,14,0,1,800,8,505.12,513.248,8.128,system_fenced_before_release
8192,receiver_dense,14,0,1,864,8,509.984,520.16,10.176,system_fenced_before_release
8192,receiver_dense,14,0,1,928,8,512.0,520.192,8.192,system_fenced_before_release
8192,receiver_dense,14,0,1,992,8,499.232,507.84,8.608,system_fenced_before_release
8192,receiver_dense,15,0,0,48,8,173.216,179.008,5.792,system_fenced_before_release
8192,receiver_dense,15,0,0,112,8,153.44,158.656,5.216,system_fenced_before_release
8192,receiver_dense,15,0,0,176,8,153.664,156.928,3.264,system_fenced_before_release
8192,receiver_dense,15,0,0,240,8,153.696,158.624,4.928,system_fenced_before_release
8192,receiver_dense,15,0,0,304,8,301.696,308.8,7.104,system_fenced_before_release
8192,receiver_dense,15,0,0,368,8,301.664,310.656,8.992,system_fenced_before_release
8192,receiver_dense,15,0,0,432,8,302.624,310.56,7.936,system_fenced_before_release
8192,receiver_dense,15,0,0,496,8,303.36,310.528,7.168,system_fenced_before_release
8192,receiver_dense,15,0,1,560,8,456.736,468.352,11.616,system_fenced_before_release
8192,receiver_dense,15,0,1,624,8,462.784,470.752,7.968,system_fenced_before_release
8192,receiver_dense,15,0,1,688,8,462.336,470.784,8.448,system_fenced_before_release
8192,receiver_dense,15,0,1,752,8,449.216,459.744,10.528,system_fenced_before_release
8192,receiver_dense,15,0,1,816,8,561.728,576.704,14.976,system_fenced_before_release
8192,receiver_dense,15,0,1,880,8,565.824,572.896,7.072,system_fenced_before_release
8192,receiver_dense,15,0,1,944,8,566.56,575.456,8.896,system_fenced_before_release
8192,receiver_dense,15,0,1,1008,8,563.232,575.36,12.128,system_fenced_before_release
8192,receiver_dense,16,0,0,0,8,107.712,111.808,4.096,system_fenced_before_release
8192,receiver_dense,16,0,0,64,8,107.872,112.0,4.128,system_fenced_before_release
8192,receiver_dense,16,0,0,128,8,107.776,111.84,4.064,system_fenced_before_release
8192,receiver_dense,16,0,0,192,8,107.712,110.976,3.264,system_fenced_before_release
8192,receiver_dense,16,0,0,256,8,234.944,239.072,4.128,system_fenced_before_release
8192,receiver_dense,16,0,0,320,8,238.816,247.136,8.32,system_fenced_before_release
8192,receiver_dense,16,0,0,384,8,238.848,247.2,8.352,system_fenced_before_release
8192,receiver_dense,16,0,0,448,8,238.368,245.184,6.816,system_fenced_before_release
8192,receiver_dense,16,0,1,512,8,340.736,345.376,4.64,system_fenced_before_release
8192,receiver_dense,16,0,1,576,8,340.8,347.168,6.368,system_fenced_before_release
8192,receiver_dense,16,0,1,640,8,366.4,372.832,6.432,system_fenced_before_release
8192,receiver_dense,16,0,1,704,8,388.768,399.328,10.56,system_fenced_before_release
8192,receiver_dense,16,0,1,768,8,500.64,512.192,11.552,system_fenced_before_release
8192,receiver_dense,16,0,1,832,8,505.312,515.52,10.208,system_fenced_before_release
8192,receiver_dense,16,0,1,896,8,501.824,512.128,10.304,system_fenced_before_release
8192,receiver_dense,16,0,1,960,8,501.76,510.496,8.736,system_fenced_before_release
8192,receiver_dense,17,0,0,16,8,145.088,148.288,3.2,system_fenced_before_release
8192,receiver_dense,17,0,0,80,8,163.136,170.176,7.04,system_fenced_before_release
8192,receiver_dense,17,0,0,144,8,164.64,171.84,7.2,system_fenced_before_release
8192,receiver_dense,17,0,0,208,8,164.032,171.84,7.808,system_fenced_before_release
8192,receiver_dense,17,0,0,272,8,292.224,297.184,4.96,system_fenced_before_release
8192,receiver_dense,17,0,0,336,8,292.672,301.184,8.512,system_fenced_before_release
8192,receiver_dense,17,0,0,400,8,292.416,299.36,6.944,system_fenced_before_release
8192,receiver_dense,17,0,0,464,8,292.928,301.184,8.256,system_fenced_before_release
8192,receiver_dense,17,0,1,528,8,448.448,456.736,8.288,system_fenced_before_release
8192,receiver_dense,17,0,1,592,8,447.52,456.768,9.248,system_fenced_before_release
8192,receiver_dense,17,0,1,656,8,446.4,454.912,8.512,system_fenced_before_release
8192,receiver_dense,17,0,1,720,8,448.256,461.152,12.896,system_fenced_before_release
8192,receiver_dense,17,0,1,784,8,557.856,566.4,8.544,system_fenced_before_release
8192,receiver_dense,17,0,1,848,8,547.648,564.224,16.576,system_fenced_before_release
8192,receiver_dense,17,0,1,912,8,548.192,562.08,13.888,system_fenced_before_release
8192,receiver_dense,17,0,1,976,8,549.344,568.0,18.656,system_fenced_before_release
8192,receiver_dense,18,0,0,32,8,109.6,113.376,3.776,system_fenced_before_release
8192,receiver_dense,18,0,0,96,8,109.632,112.864,3.232,system_fenced_before_release
8192,receiver_dense,18,0,0,160,8,109.632,115.68,6.048,system_fenced_before_release
8192,receiver_dense,18,0,0,224,8,109.632,113.76,4.128,system_fenced_before_release
8192,receiver_dense,18,0,0,288,8,247.392,254.24,6.848,system_fenced_before_release
8192,receiver_dense,18,0,0,352,8,240.32,246.688,6.368,system_fenced_before_release
8192,receiver_dense,18,0,0,416,8,241.056,249.152,8.096,system_fenced_before_release
8192,receiver_dense,18,0,0,480,8,240.672,249.12,8.448,system_fenced_before_release
8192,receiver_dense,18,0,1,544,8,342.624,348.288,5.664,system_fenced_before_release
8192,receiver_dense,18,0,1,608,8,356.448,362.336,5.888,system_fenced_before_release
8192,receiver_dense,18,0,1,672,8,384.8,395.36,10.56,system_fenced_before_release
8192,receiver_dense,18,0,1,736,8,385.568,397.216,11.648,system_fenced_before_release
8192,receiver_dense,18,0,1,800,8,499.808,504.768,4.96,system_fenced_before_release
8192,receiver_dense,18,0,1,864,8,513.216,523.36,10.144,system_fenced_before_release
8192,receiver_dense,18,0,1,928,8,512.416,523.424,11.008,system_fenced_before_release
8192,receiver_dense,18,0,1,992,8,507.328,517.344,10.016,system_fenced_before_release
8192,receiver_dense,19,0,0,48,8,149.632,154.752,5.12,system_fenced_before_release
8192,receiver_dense,19,0,0,112,8,149.664,156.544,6.88,system_fenced_before_release
8192,receiver_dense,19,0,0,176,8,168.992,175.328,6.336,system_fenced_before_release
8192,receiver_dense,19,0,0,240,8,168.544,175.264,6.72,system_fenced_before_release
8192,receiver_dense,19,0,0,304,8,297.216,302.944,5.728,system_fenced_before_release
8192,receiver_dense,19,0,0,368,8,297.312,300.608,3.296,system_fenced_before_release
8192,receiver_dense,19,0,0,432,8,298.272,306.624,8.352,system_fenced_before_release
8192,receiver_dense,19,0,0,496,8,299.648,308.384,8.736,system_fenced_before_release
8192,receiver_dense,19,0,1,560,8,449.472,457.76,8.288,system_fenced_before_release
8192,receiver_dense,19,0,1,624,8,445.632,459.584,13.952,system_fenced_before_release
8192,receiver_dense,19,0,1,688,8,459.488,466.08,6.592,system_fenced_before_release
8192,receiver_dense,19,0,1,752,8,454.08,463.424,9.344,system_fenced_before_release
8192,receiver_dense,19,0,1,816,8,550.752,555.584,4.832,system_fenced_before_release
8192,receiver_dense,19,0,1,880,8,550.784,562.72,11.936,system_fenced_before_release
8192,receiver_dense,19,0,1,944,8,564.16,572.544,8.384,system_fenced_before_release
8192,receiver_dense,19,0,1,1008,8,550.784,564.992,14.208,system_fenced_before_release
8192,receiver_dense,0,1,0,0,8,377.76,382.752,4.992,system_fenced_before_release
8192,receiver_dense,0,1,0,64,8,377.792,381.856,4.064,system_fenced_before_release
8192,receiver_dense,0,1,0,128,8,402.368,408.32,5.952,system_fenced_before_release
8192,receiver_dense,0,1,0,192,8,426.24,436.896,10.656,system_fenced_before_release
8192,receiver_dense,0,1,0,256,8,561.248,571.776,10.528,system_fenced_before_release
8192,receiver_dense,0,1,0,320,8,565.28,575.616,10.336,system_fenced_before_release
8192,receiver_dense,0,1,0,384,8,565.376,575.648,10.272,system_fenced_before_release
8192,receiver_dense,0,1,0,448,8,555.008,562.272,7.264,system_fenced_before_release
8192,receiver_dense,0,1,1,512,8,113.792,119.04,5.248,system_fenced_before_release
8192,receiver_dense,0,1,1,576,8,113.856,122.272,8.416,system_fenced_before_release
8192,receiver_dense,0,1,1,640,8,113.824,122.368,8.544,system_fenced_before_release
8192,receiver_dense,0,1,1,704,8,113.92,120.032,6.112,system_fenced_before_release
8192,receiver_dense,0,1,1,768,8,257.024,262.88,5.856,system_fenced_before_release
8192,receiver_dense,0,1,1,832,8,262.048,269.472,7.424,system_fenced_before_release
8192,receiver_dense,0,1,1,896,8,261.984,271.712,9.728,system_fenced_before_release
8192,receiver_dense,0,1,1,960,8,262.752,271.68,8.928,system_fenced_before_release
8192,receiver_dense,1,1,0,16,8,471.936,482.592,10.656,system_fenced_before_release
8192,receiver_dense,1,1,0,80,8,467.712,479.008,11.296,system_fenced_before_release
8192,receiver_dense,1,1,0,144,8,468.64,479.072,10.432,system_fenced_before_release
8192,receiver_dense,1,1,0,208,8,461.6,470.048,8.448,system_fenced_before_release
8192,receiver_dense,1,1,0,272,8,600.448,609.536,9.088,system_fenced_before_release
8192,receiver_dense,1,1,0,336,8,599.424,607.712,8.288,system_fenced_before_release
8192,receiver_dense,1,1,0,400,8,601.472,609.536,8.064,system_fenced_before_release
8192,receiver_dense,1,1,0,464,8,603.52,611.168,7.648,system_fenced_before_release
8192,receiver_dense,1,1,1,528,8,148.224,154.112,5.888,system_fenced_before_release
8192,receiver_dense,1,1,1,592,8,171.456,178.816,7.36,system_fenced_before_release
8192,receiver_dense,1,1,1,656,8,171.008,175.232,4.224,system_fenced_before_release
8192,receiver_dense,1,1,1,720,8,147.936,152.224,4.288,system_fenced_before_release
8192,receiver_dense,1,1,1,784,8,305.44,312.384,6.944,system_fenced_before_release
8192,receiver_dense,1,1,1,848,8,305.312,309.92,4.608,system_fenced_before_release
8192,receiver_dense,1,1,1,912,8,305.984,309.056,3.072,system_fenced_before_release
8192,receiver_dense,1,1,1,976,8,305.536,312.416,6.88,system_fenced_before_release
8192,receiver_dense,2,1,0,32,8,355.744,360.48,4.736,system_fenced_before_release
8192,receiver_dense,2,1,0,96,8,369.504,376.832,7.328,system_fenced_before_release
8192,receiver_dense,2,1,0,160,8,399.456,410.592,11.136,system_fenced_before_release
8192,receiver_dense,2,1,0,224,8,404.064,416.704,12.64,system_fenced_before_release
8192,receiver_dense,2,1,0,288,8,522.016,532.448,10.432,system_fenced_before_release
8192,receiver_dense,2,1,0,352,8,532.96,538.4,5.44,system_fenced_before_release
8192,receiver_dense,2,1,0,416,8,524.32,534.304,9.984,system_fenced_before_release
8192,receiver_dense,2,1,0,480,8,525.088,534.336,9.248,system_fenced_before_release
8192,receiver_dense,2,1,1,544,8,108.992,113.248,4.256,system_fenced_before_release
8192,receiver_dense,2,1,1,608,8,108.928,113.728,4.8,system_fenced_before_release
8192,receiver_dense,2,1,1,672,8,108.96,113.28,4.32,system_fenced_before_release
8192,receiver_dense,2,1,1,736,8,109.024,112.928,3.904,system_fenced_before_release
8192,receiver_dense,2,1,1,800,8,253.824,262.912,9.088,system_fenced_before_release
8192,receiver_dense,2,1,1,864,8,247.232,251.936,4.704,system_fenced_before_release
8192,receiver_dense,2,1,1,928,8,247.648,252.8,5.152,system_fenced_before_release
8192,receiver_dense,2,1,1,992,8,247.84,252.768,4.928,system_fenced_before_release
8192,receiver_dense,3,1,0,48,8,489.952,502.208,12.256,system_fenced_before_release
8192,receiver_dense,3,1,0,112,8,478.368,487.616,9.248,system_fenced_before_release
8192,receiver_dense,3,1,0,176,8,492.256,500.448,8.192,system_fenced_before_release
8192,receiver_dense,3,1,0,240,8,489.344,502.176,12.832,system_fenced_before_release
8192,receiver_dense,3,1,0,304,8,608.32,615.52,7.2,system_fenced_before_release
8192,receiver_dense,3,1,0,368,8,599.904,606.528,6.624,system_fenced_before_release
8192,receiver_dense,3,1,0,432,8,601.024,612.0,10.976,system_fenced_before_release
8192,receiver_dense,3,1,0,496,8,601.248,612.0,10.752,system_fenced_before_release
8192,receiver_dense,3,1,1,560,8,144.256,152.32,8.064,system_fenced_before_release
8192,receiver_dense,3,1,1,624,8,144.352,148.736,4.384,system_fenced_before_release
8192,receiver_dense,3,1,1,688,8,144.096,147.616,3.52,system_fenced_before_release
8192,receiver_dense,3,1,1,752,8,167.136,171.52,4.384,system_fenced_before_release
8192,receiver_dense,3,1,1,816,8,296.096,299.296,3.2,system_fenced_before_release
8192,receiver_dense,3,1,1,880,8,296.832,304.928,8.096,system_fenced_before_release
8192,receiver_dense,3,1,1,944,8,297.344,304.896,7.552,system_fenced_before_release
8192,receiver_dense,3,1,1,1008,8,297.984,304.864,6.88,system_fenced_before_release
8192,receiver_dense,4,1,0,0,8,345.408,357.728,12.32,system_fenced_before_release
8192,receiver_dense,4,1,0,64,8,345.088,349.696,4.608,system_fenced_before_release
8192,receiver_dense,4,1,0,128,8,369.696,375.808,6.112,system_fenced_before_release
8192,receiver_dense,4,1,0,192,8,395.232,406.016,10.784,system_fenced_before_release
8192,receiver_dense,4,1,0,256,8,520.448,533.472,13.024,system_fenced_before_release
8192,receiver_dense,4,1,0,320,8,504.288,509.6,5.312,system_fenced_before_release
8192,receiver_dense,4,1,0,384,8,524.8,533.472,8.672,system_fenced_before_release
8192,receiver_dense,4,1,0,448,8,524.64,533.44,8.8,system_fenced_before_release
8192,receiver_dense,4,1,1,512,8,106.816,114.944,8.128,system_fenced_before_release
8192,receiver_dense,4,1,1,576,8,106.848,114.784,7.936,system_fenced_before_release
8192,receiver_dense,4,1,1,640,8,106.528,113.088,6.56,system_fenced_before_release
8192,receiver_dense,4,1,1,704,8,106.464,110.752,4.288,system_fenced_before_release
8192,receiver_dense,4,1,1,768,8,236.992,242.016,5.024,system_fenced_before_release
8192,receiver_dense,4,1,1,832,8,240.32,246.432,6.112,system_fenced_before_release
8192,receiver_dense,4,1,1,896,8,240.608,243.872,3.264,system_fenced_before_release
8192,receiver_dense,4,1,1,960,8,240.96,248.16,7.2,system_fenced_before_release
8192,receiver_dense,5,1,0,16,8,460.064,482.528,22.464,system_fenced_before_release
8192,receiver_dense,5,1,0,80,8,459.648,480.768,21.12,system_fenced_before_release
8192,receiver_dense,5,1,0,144,8,480.928,492.0,11.072,system_fenced_before_release
8192,receiver_dense,5,1,0,208,8,478.176,492.032,13.856,system_fenced_before_release
8192,receiver_dense,5,1,0,272,8,593.088,599.808,6.72,system_fenced_before_release
8192,receiver_dense,5,1,0,336,8,585.696,592.448,6.752,system_fenced_before_release
8192,receiver_dense,5,1,0,400,8,591.904,599.776,7.872,system_fenced_before_release
8192,receiver_dense,5,1,0,464,8,579.328,586.208,6.88,system_fenced_before_release
8192,receiver_dense,5,1,1,528,8,143.424,148.96,5.536,system_fenced_before_release
8192,receiver_dense,5,1,1,592,8,143.2,147.168,3.968,system_fenced_before_release
8192,receiver_dense,5,1,1,656,8,143.328,150.72,7.392,system_fenced_before_release
8192,receiver_dense,5,1,1,720,8,164.416,172.224,7.808,system_fenced_before_release
8192,receiver_dense,5,1,1,784,8,294.144,302.752,8.608,system_fenced_before_release
8192,receiver_dense,5,1,1,848,8,293.536,301.12,7.584,system_fenced_before_release
8192,receiver_dense,5,1,1,912,8,296.128,302.784,6.656,system_fenced_before_release
8192,receiver_dense,5,1,1,976,8,295.68,302.752,7.072,system_fenced_before_release
8192,receiver_dense,6,1,0,32,8,343.456,353.376,9.92,system_fenced_before_release
8192,receiver_dense,6,1,0,96,8,356.704,365.76,9.056,system_fenced_before_release
8192,receiver_dense,6,1,0,160,8,387.392,396.736,9.344,system_fenced_before_release
8192,receiver_dense,6,1,0,224,8,389.952,402.336,12.384,system_fenced_before_release
8192,receiver_dense,6,1,0,288,8,509.024,517.632,8.608,system_fenced_before_release
8192,receiver_dense,6,1,0,352,8,512.384,520.576,8.192,system_fenced_before_release
8192,receiver_dense,6,1,0,416,8,512.96,521.408,8.448,system_fenced_before_release
8192,receiver_dense,6,1,0,480,8,504.032,511.872,7.84,system_fenced_before_release
8192,receiver_dense,6,1,1,544,8,106.336,111.168,4.832,system_fenced_before_release
8192,receiver_dense,6,1,1,608,8,106.272,111.552,5.28,system_fenced_before_release
8192,receiver_dense,6,1,1,672,8,106.304,111.456,5.152,system_fenced_before_release
8192,receiver_dense,6,1,1,736,8,106.272,109.504,3.232,system_fenced_before_release
8192,receiver_dense,6,1,1,800,8,245.984,253.632,7.648,system_fenced_before_release
8192,receiver_dense,6,1,1,864,8,238.688,242.336,3.648,system_fenced_before_release
8192,receiver_dense,6,1,1,928,8,239.744,246.56,6.816,system_fenced_before_release
8192,receiver_dense,6,1,1,992,8,240.512,246.624,6.112,system_fenced_before_release
8192,receiver_dense,7,1,0,48,8,456.096,466.528,10.432,system_fenced_before_release
8192,receiver_dense,7,1,0,112,8,460.992,468.352,7.36,system_fenced_before_release
8192,receiver_dense,7,1,0,176,8,457.664,468.352,10.688,system_fenced_before_release
8192,receiver_dense,7,1,0,240,8,441.984,451.776,9.792,system_fenced_before_release
8192,receiver_dense,7,1,0,304,8,564.16,573.632,9.472,system_fenced_before_release
8192,receiver_dense,7,1,0,368,8,554.496,571.808,17.312,system_fenced_before_release
8192,receiver_dense,7,1,0,432,8,559.264,573.6,14.336,system_fenced_before_release
8192,receiver_dense,7,1,0,496,8,567.2,575.36,8.16,system_fenced_before_release
8192,receiver_dense,7,1,1,560,8,142.272,145.216,2.944,system_fenced_before_release
8192,receiver_dense,7,1,1,624,8,142.144,146.464,4.32,system_fenced_before_release
8192,receiver_dense,7,1,1,688,8,142.048,146.112,4.064,system_fenced_before_release
8192,receiver_dense,7,1,1,752,8,142.208,148.544,6.336,system_fenced_before_release
8192,receiver_dense,7,1,1,816,8,293.12,297.984,4.864,system_fenced_before_release
8192,receiver_dense,7,1,1,880,8,293.44,299.616,6.176,system_fenced_before_release
8192,receiver_dense,7,1,1,944,8,294.208,301.312,7.104,system_fenced_before_release
8192,receiver_dense,7,1,1,1008,8,294.112,301.312,7.2,system_fenced_before_release
8192,receiver_dense,8,1,0,0,8,345.376,352.992,7.616,system_fenced_before_release
8192,receiver_dense,8,1,0,64,8,345.216,351.296,6.08,system_fenced_before_release
8192,receiver_dense,8,1,0,128,8,370.944,379.072,8.128,system_fenced_before_release
8192,receiver_dense,8,1,0,192,8,390.176,401.28,11.104,system_fenced_before_release
8192,receiver_dense,8,1,0,256,8,509.44,519.776,10.336,system_fenced_before_release
8192,receiver_dense,8,1,0,320,8,507.04,513.92,6.88,system_fenced_before_release
8192,receiver_dense,8,1,0,384,8,512.928,525.12,12.192,system_fenced_before_release
8192,receiver_dense,8,1,0,448,8,512.0,525.152,13.152,system_fenced_before_release
8192,receiver_dense,8,1,1,512,8,107.392,114.496,7.104,system_fenced_before_release
8192,receiver_dense,8,1,1,576,8,107.552,116.128,8.576,system_fenced_before_release
8192,receiver_dense,8,1,1,640,8,107.52,116.128,8.608,system_fenced_before_release
8192,receiver_dense,8,1,1,704,8,107.36,112.384,5.024,system_fenced_before_release
8192,receiver_dense,8,1,1,768,8,236.832,240.064,3.232,system_fenced_before_release
8192,receiver_dense,8,1,1,832,8,242.016,247.776,5.76,system_fenced_before_release
8192,receiver_dense,8,1,1,896,8,240.8,247.744,6.944,system_fenced_before_release
8192,receiver_dense,8,1,1,960,8,240.48,245.984,5.504,system_fenced_before_release
8192,receiver_dense,9,1,0,16,8,460.224,470.112,9.888,system_fenced_before_release
8192,receiver_dense,9,1,0,80,8,446.176,460.608,14.432,system_fenced_before_release
8192,receiver_dense,9,1,0,144,8,446.88,460.608,13.728,system_fenced_before_release
8192,receiver_dense,9,1,0,208,8,445.952,458.752,12.8,system_fenced_before_release
8192,receiver_dense,9,1,0,272,8,562.72,570.08,7.36,system_fenced_before_release
8192,receiver_dense,9,1,0,336,8,566.016,575.424,9.408,system_fenced_before_release
8192,receiver_dense,9,1,0,400,8,554.496,567.424,12.928,system_fenced_before_release
8192,receiver_dense,9,1,0,464,8,566.72,575.36,8.64,system_fenced_before_release
8192,receiver_dense,9,1,1,528,8,143.424,146.656,3.232,system_fenced_before_release
8192,receiver_dense,9,1,1,592,8,143.36,147.776,4.416,system_fenced_before_release
8192,receiver_dense,9,1,1,656,8,143.296,147.456,4.16,system_fenced_before_release
8192,receiver_dense,9,1,1,720,8,143.84,150.176,6.336,system_fenced_before_release
8192,receiver_dense,9,1,1,784,8,294.016,301.632,7.616,system_fenced_before_release
8192,receiver_dense,9,1,1,848,8,294.08,299.68,5.6,system_fenced_before_release
8192,receiver_dense,9,1,1,912,8,295.136,303.424,8.288,system_fenced_before_release
8192,receiver_dense,9,1,1,976,8,297.44,304.224,6.784,system_fenced_before_release
8192,receiver_dense,10,1,0,32,8,346.656,351.68,5.024,system_fenced_before_release
8192,receiver_dense,10,1,0,96,8,358.976,365.376,6.4,system_fenced_before_release
8192,receiver_dense,10,1,0,160,8,388.64,398.72,10.08,system_fenced_before_release
8192,receiver_dense,10,1,0,224,8,387.84,396.704,8.864,system_fenced_before_release
8192,receiver_dense,10,1,0,288,8,505.024,510.944,5.92,system_fenced_before_release
8192,receiver_dense,10,1,0,352,8,509.056,519.2,10.144,system_fenced_before_release
8192,receiver_dense,10,1,0,416,8,504.128,512.64,8.512,system_fenced_before_release
8192,receiver_dense,10,1,0,480,8,512.96,522.144,9.184,system_fenced_before_release
8192,receiver_dense,10,1,1,544,8,107.008,111.232,4.224,system_fenced_before_release
8192,receiver_dense,10,1,1,608,8,107.072,113.44,6.368,system_fenced_before_release
8192,receiver_dense,10,1,1,672,8,107.136,115.072,7.936,system_fenced_before_release
8192,receiver_dense,10,1,1,736,8,106.976,110.912,3.936,system_fenced_before_release
8192,receiver_dense,10,1,1,800,8,249.056,257.152,8.096,system_fenced_before_release
8192,receiver_dense,10,1,1,864,8,240.96,246.144,5.184,system_fenced_before_release
8192,receiver_dense,10,1,1,928,8,240.288,248.288,8.0,system_fenced_before_release
8192,receiver_dense,10,1,1,992,8,239.84,246.56,6.72,system_fenced_before_release
8192,receiver_dense,11,1,0,48,8,449.824,459.68,9.856,system_fenced_before_release
8192,receiver_dense,11,1,0,112,8,459.872,468.832,8.96,system_fenced_before_release
8192,receiver_dense,11,1,0,176,8,459.168,464.0,4.832,system_fenced_before_release
8192,receiver_dense,11,1,0,240,8,454.688,462.272,7.584,system_fenced_before_release
8192,receiver_dense,11,1,0,304,8,571.424,583.712,12.288,system_fenced_before_release
8192,receiver_dense,11,1,0,368,8,564.864,580.992,16.128,system_fenced_before_release
8192,receiver_dense,11,1,0,432,8,577.344,585.44,8.096,system_fenced_before_release
8192,receiver_dense,11,1,0,496,8,563.616,578.784,15.168,system_fenced_before_release
8192,receiver_dense,11,1,1,560,8,142.56,145.6,3.04,system_fenced_before_release
8192,receiver_dense,11,1,1,624,8,142.816,148.832,6.016,system_fenced_before_release
8192,receiver_dense,11,1,1,688,8,142.528,146.496,3.968,system_fenced_before_release
8192,receiver_dense,11,1,1,752,8,165.856,171.136,5.28,system_fenced_before_release
8192,receiver_dense,11,1,1,816,8,293.024,301.184,8.16,system_fenced_before_release
8192,receiver_dense,11,1,1,880,8,292.0,296.352,4.352,system_fenced_before_release
8192,receiver_dense,11,1,1,944,8,295.904,302.912,7.008,system_fenced_before_release
8192,receiver_dense,11,1,1,1008,8,294.784,302.88,8.096,system_fenced_before_release
8192,receiver_dense,12,1,0,0,8,342.848,352.032,9.184,system_fenced_before_release
8192,receiver_dense,12,1,0,64,8,342.72,350.368,7.648,system_fenced_before_release
8192,receiver_dense,12,1,0,128,8,367.712,375.328,7.616,system_fenced_before_release
8192,receiver_dense,12,1,0,192,8,388.224,401.792,13.568,system_fenced_before_release
8192,receiver_dense,12,1,0,256,8,502.912,510.912,8.0,system_fenced_before_release
8192,receiver_dense,12,1,0,320,8,512.416,520.128,7.712,system_fenced_before_release
8192,receiver_dense,12,1,0,384,8,511.552,521.92,10.368,system_fenced_before_release
8192,receiver_dense,12,1,0,448,8,501.888,509.088,7.2,system_fenced_before_release
8192,receiver_dense,12,1,1,512,8,105.152,108.256,3.104,system_fenced_before_release
8192,receiver_dense,12,1,1,576,8,105.248,109.92,4.672,system_fenced_before_release
8192,receiver_dense,12,1,1,640,8,105.248,113.6,8.352,system_fenced_before_release
8192,receiver_dense,12,1,1,704,8,105.248,110.144,4.896,system_fenced_before_release
8192,receiver_dense,12,1,1,768,8,234.336,240.448,6.112,system_fenced_before_release
8192,receiver_dense,12,1,1,832,8,238.24,244.832,6.592,system_fenced_before_release
8192,receiver_dense,12,1,1,896,8,238.272,244.832,6.56,system_fenced_before_release
8192,receiver_dense,12,1,1,960,8,239.232,244.8,5.568,system_fenced_before_release
8192,receiver_dense,13,1,0,16,8,454.176,463.04,8.864,system_fenced_before_release
8192,receiver_dense,13,1,0,80,8,464.768,475.552,10.784,system_fenced_before_release
8192,receiver_dense,13,1,0,144,8,461.216,473.888,12.672,system_fenced_before_release
8192,receiver_dense,13,1,0,208,8,458.176,470.112,11.936,system_fenced_before_release
8192,receiver_dense,13,1,0,272,8,577.184,584.576,7.392,system_fenced_before_release
8192,receiver_dense,13,1,0,336,8,567.2,572.704,5.504,system_fenced_before_release
8192,receiver_dense,13,1,0,400,8,567.2,575.84,8.64,system_fenced_before_release
8192,receiver_dense,13,1,0,464,8,567.168,584.48,17.312,system_fenced_before_release
8192,receiver_dense,13,1,1,528,8,164.192,172.16,7.968,system_fenced_before_release
8192,receiver_dense,13,1,1,592,8,144.032,147.232,3.2,system_fenced_before_release
8192,receiver_dense,13,1,1,656,8,144.0,148.96,4.96,system_fenced_before_release
8192,receiver_dense,13,1,1,720,8,144.192,152.384,8.192,system_fenced_before_release
8192,receiver_dense,13,1,1,784,8,294.784,303.904,9.12,system_fenced_before_release
8192,receiver_dense,13,1,1,848,8,294.752,302.176,7.424,system_fenced_before_release
8192,receiver_dense,13,1,1,912,8,295.04,303.904,8.864,system_fenced_before_release
8192,receiver_dense,13,1,1,976,8,295.328,300.64,5.312,system_fenced_before_release
8192,receiver_dense,14,1,0,32,8,344.256,348.64,4.384,system_fenced_before_release
8192,receiver_dense,14,1,0,96,8,357.184,365.568,8.384,system_fenced_before_release
8192,receiver_dense,14,1,0,160,8,387.264,398.688,11.424,system_fenced_before_release
8192,receiver_dense,14,1,0,224,8,381.568,391.904,10.336,system_fenced_before_release
8192,receiver_dense,14,1,0,288,8,513.056,521.856,8.8,system_fenced_before_release
8192,receiver_dense,14,1,0,352,8,513.664,521.824,8.16,system_fenced_before_release
8192,receiver_dense,14,1,0,416,8,513.376,521.856,8.48,system_fenced_before_release
8192,receiver_dense,14,1,0,480,8,511.36,520.64,9.28,system_fenced_before_release
8192,receiver_dense,14,1,1,544,8,106.976,111.68,4.704,system_fenced_before_release
8192,receiver_dense,14,1,1,608,8,107.104,110.432,3.328,system_fenced_before_release
8192,receiver_dense,14,1,1,672,8,106.944,111.264,4.32,system_fenced_before_release
8192,receiver_dense,14,1,1,736,8,107.36,111.808,4.448,system_fenced_before_release
8192,receiver_dense,14,1,1,800,8,245.664,252.16,6.496,system_fenced_before_release
8192,receiver_dense,14,1,1,864,8,241.152,248.64,7.488,system_fenced_before_release
8192,receiver_dense,14,1,1,928,8,240.192,248.672,8.48,system_fenced_before_release
8192,receiver_dense,14,1,1,992,8,239.808,243.776,3.968,system_fenced_before_release
8192,receiver_dense,15,1,0,48,8,446.624,453.312,6.688,system_fenced_before_release
8192,receiver_dense,15,1,0,112,8,454.592,465.792,11.2,system_fenced_before_release
8192,receiver_dense,15,1,0,176,8,446.624,459.008,12.384,system_fenced_before_release
8192,receiver_dense,15,1,0,240,8,450.272,463.104,12.832,system_fenced_before_release
8192,receiver_dense,15,1,0,304,8,562.08,568.832,6.752,system_fenced_before_release
8192,receiver_dense,15,1,0,368,8,558.528,568.576,10.048,system_fenced_before_release
8192,receiver_dense,15,1,0,432,8,552.16,561.024,8.864,system_fenced_before_release
8192,receiver_dense,15,1,0,496,8,552.288,572.16,19.872,system_fenced_before_release
8192,receiver_dense,15,1,1,560,8,143.584,149.536,5.952,system_fenced_before_release
8192,receiver_dense,15,1,1,624,8,143.552,149.632,6.08,system_fenced_before_release
8192,receiver_dense,15,1,1,688,8,163.2,171.84,8.64,system_fenced_before_release
8192,receiver_dense,15,1,1,752,8,143.424,146.88,3.456,system_fenced_before_release
8192,receiver_dense,15,1,1,816,8,292.416,297.824,5.408,system_fenced_before_release
8192,receiver_dense,15,1,1,880,8,292.608,299.808,7.2,system_fenced_before_release
8192,receiver_dense,15,1,1,944,8,295.616,303.424,7.808,system_fenced_before_release
8192,receiver_dense,15,1,1,1008,8,294.944,301.664,6.72,system_fenced_before_release
8192,receiver_dense,16,1,0,0,8,342.464,348.768,6.304,system_fenced_before_release
8192,receiver_dense,16,1,0,64,8,341.984,347.424,5.44,system_fenced_before_release
8192,receiver_dense,16,1,0,128,8,368.352,374.784,6.432,system_fenced_before_release
8192,receiver_dense,16,1,0,192,8,387.328,400.256,12.928,system_fenced_before_release
8192,receiver_dense,16,1,0,256,8,504.864,513.376,8.512,system_fenced_before_release
8192,receiver_dense,16,1,0,320,8,503.008,511.392,8.384,system_fenced_before_release
8192,receiver_dense,16,1,0,384,8,508.704,521.024,12.32,system_fenced_before_release
8192,receiver_dense,16,1,0,448,8,513.472,522.784,9.312,system_fenced_before_release
8192,receiver_dense,16,1,1,512,8,105.888,109.184,3.296,system_fenced_before_release
8192,receiver_dense,16,1,1,576,8,105.888,109.792,3.904,system_fenced_before_release
8192,receiver_dense,16,1,1,640,8,105.952,112.128,6.176,system_fenced_before_release
8192,receiver_dense,16,1,1,704,8,105.888,109.824,3.936,system_fenced_before_release
8192,receiver_dense,16,1,1,768,8,234.432,239.328,4.896,system_fenced_before_release
8192,receiver_dense,16,1,1,832,8,238.176,242.816,4.64,system_fenced_before_release
8192,receiver_dense,16,1,1,896,8,238.592,245.248,6.656,system_fenced_before_release
8192,receiver_dense,16,1,1,960,8,238.912,247.008,8.096,system_fenced_before_release
8192,receiver_dense,17,1,0,16,8,449.056,458.496,9.44,system_fenced_before_release
8192,receiver_dense,17,1,0,80,8,450.432,461.92,11.488,system_fenced_before_release
8192,receiver_dense,17,1,0,144,8,451.808,461.888,10.08,system_fenced_before_release
8192,receiver_dense,17,1,0,208,8,440.64,452.448,11.808,system_fenced_before_release
8192,receiver_dense,17,1,0,272,8,565.824,574.432,8.608,system_fenced_before_release
8192,receiver_dense,17,1,0,336,8,559.648,565.344,5.696,system_fenced_before_release
8192,receiver_dense,17,1,0,400,8,556.0,574.4,18.4,system_fenced_before_release
8192,receiver_dense,17,1,0,464,8,554.912,574.368,19.456,system_fenced_before_release
8192,receiver_dense,17,1,1,528,8,163.584,170.528,6.944,system_fenced_before_release
8192,receiver_dense,17,1,1,592,8,142.752,146.112,3.36,system_fenced_before_release
8192,receiver_dense,17,1,1,656,8,142.944,147.776,4.832,system_fenced_before_release
8192,receiver_dense,17,1,1,720,8,142.72,147.712,4.992,system_fenced_before_release
8192,receiver_dense,17,1,1,784,8,293.664,300.96,7.296,system_fenced_before_release
8192,receiver_dense,17,1,1,848,8,293.152,298.016,4.864,system_fenced_before_release
8192,receiver_dense,17,1,1,912,8,293.28,298.752,5.472,system_fenced_before_release
8192,receiver_dense,17,1,1,976,8,294.24,301.024,6.784,system_fenced_before_release
8192,receiver_dense,18,1,0,32,8,342.24,347.136,4.896,system_fenced_before_release
8192,receiver_dense,18,1,0,96,8,354.4,360.832,6.432,system_fenced_before_release
8192,receiver_dense,18,1,0,160,8,383.84,391.808,7.968,system_fenced_before_release
8192,receiver_dense,18,1,0,224,8,388.352,400.128,11.776,system_fenced_before_release
8192,receiver_dense,18,1,0,288,8,504.416,515.136,10.72,system_fenced_before_release
8192,receiver_dense,18,1,0,352,8,508.192,515.584,7.392,system_fenced_before_release
8192,receiver_dense,18,1,0,416,8,502.4,511.552,9.152,system_fenced_before_release
8192,receiver_dense,18,1,0,480,8,502.368,513.376,11.008,system_fenced_before_release
8192,receiver_dense,18,1,1,544,8,105.408,110.08,4.672,system_fenced_before_release
8192,receiver_dense,18,1,1,608,8,105.344,108.544,3.2,system_fenced_before_release
8192,receiver_dense,18,1,1,672,8,105.376,110.336,4.96,system_fenced_before_release
8192,receiver_dense,18,1,1,736,8,105.888,114.592,8.704,system_fenced_before_release
8192,receiver_dense,18,1,1,800,8,243.136,250.336,7.2,system_fenced_before_release
8192,receiver_dense,18,1,1,864,8,237.952,244.512,6.56,system_fenced_before_release
8192,receiver_dense,18,1,1,928,8,238.464,246.336,7.872,system_fenced_before_release
8192,receiver_dense,18,1,1,992,8,238.528,246.272,7.744,system_fenced_before_release
8192,receiver_dense,19,1,0,48,8,456.448,464.576,8.128,system_fenced_before_release
8192,receiver_dense,19,1,0,112,8,459.648,469.568,9.92,system_fenced_before_release
8192,receiver_dense,19,1,0,176,8,460.352,469.6,9.248,system_fenced_before_release
8192,receiver_dense,19,1,0,240,8,455.616,466.208,10.592,system_fenced_before_release
8192,receiver_dense,19,1,0,304,8,561.344,585.024,23.68,system_fenced_before_release
8192,receiver_dense,19,1,0,368,8,562.048,586.72,24.672,system_fenced_before_release
8192,receiver_dense,19,1,0,432,8,558.048,577.696,19.648,system_fenced_before_release
8192,receiver_dense,19,1,0,496,8,561.568,585.024,23.456,system_fenced_before_release
8192,receiver_dense,19,1,1,560,8,146.72,149.856,3.136,system_fenced_before_release
8192,receiver_dense,19,1,1,624,8,146.944,154.176,7.232,system_fenced_before_release
8192,receiver_dense,19,1,1,688,8,147.232,154.208,6.976,system_fenced_before_release
8192,receiver_dense,19,1,1,752,8,146.848,154.24,7.392,system_fenced_before_release
8192,receiver_dense,19,1,1,816,8,297.568,303.968,6.4,system_fenced_before_release
8192,receiver_dense,19,1,1,880,8,297.376,302.464,5.088,system_fenced_before_release
8192,receiver_dense,19,1,1,944,8,298.88,306.208,7.328,system_fenced_before_release
8192,receiver_dense,19,1,1,1008,8,299.104,306.112,7.008,system_fenced_before_release
